3jcd_8,1zo3_A,1.37
3jcd_8,3j92_2,1.57
3jcd_8,4v4w_A,2.02
3jcd_8,2deu_D,1.59
3jcd_8,3j0l_V,1.11
3jcd_8,2deu_C,1.54
3jcd_8,4v7c_W,1.65
3jcd_8,3jcd_9,1.43
3jcd_8,3epj_E,1.94
3jcd_8,4v7d_B,2.05
3jcd_8,3epl_E,2.04
3jcd_8,5j4d_I(BH),1.70
3jcd_8,3epj_F,1.55
3jcd_8,2cv0_C,1.68
3jcd_8,5d8b_E(CD),1.08
3jcd_8,4yvi_C,2.00
3jcd_8,5j4d_D,1.61
3jcd_8,4w29_C(GC),2.75
3jcd_8,5d8b_F(DD),1.08
3jcd_8,5lzs_i,1.60
3jcd_8,1zo3_B,1.37
3jcd_8,5lzs_2,1.39
3jcd_8,5AJ0_B,1.51
3jcd_8,5j4d_I(IA),1.14
3jcd_8,3epk_F,1.67
3jcd_8,3qsy_D
3jcd_8,3jce_6,1.38
3jcd_8,2der_D,1.79
3jcd_8,5d8b_X(XC),1.66
3jcd_8,3jce_8,1.05
3jcd_8,2d6f_F,1.38
3jcd_8,5d8b_B(BD),1.64
3jcd_8,4yye_C,1.69
3jcd_8,3epl_F,1.78
3jcd_8,4yye_D,1.53
3jcd_8,2dxi_C,1.94
3jcd_8,3jcj_v,1.31
3jcd_8,3eph_F,1.64
3jcd_8,2du3_D,1.29
3jcd_8,4ujd_B,1.17
3jcd_8,2cv0_D,2.21
3jcd_8,2cv1_D,1.85
3jcd_8,5lzy_1(TA),1.44
3jcd_8,2du6_D,1.24
3jcd_8,3j0o_W,1.32
3jcd_8,1wz2_C,1.36
3jcd_8,3j0q_W,1.89
3jcd_8,4ujc_A,1.17
3jcd_8,3jce_9
3jcd_8,4w29_C(FC),1.65
3jcd_8,3jcn_v,1.31
3jcd_8,2det_C,1.62
3jcd_8,2d6f_E,1.40
3jcd_8,4v4v_A,1.82
3jcd_8,2cv2_D,1.72
3jcd_8,4v9q_B,1.51
3jcd_8,3epk_E,1.90
3jcd_8,3j0p_W,1.89
3jcd_8,4yvk_C,1.34
3jcd_8,2der_C,1.76
3jcd_8,3b0v_A,1.18
3jcd_8,4v5n_V,1.68
3jcd_8,2du4_C,1.36
3jcd_8,4yvj_C,1.50
3jcd_8,3b0v_B,1.21
3jcd_8,3j0p_Y,1.58
3jcd_8,5lmq_Z,1.45
3jcd_8,5j4d_N(MC),1.14
3jcd_8,2dxi_D,2.07
3jcd_8,4v5m_V,1.89
3jcd_8,5k0y_N,1.30
3jcd_8,2cv1_C,1.71
3jcd_8,5lzy_1(SA),1.04
3jcd_8,2cv2_C,1.57
3jcd_8,4v7c_V,1.49
3jcd_8,2du5_D,1.52
3jcd_8,3j7a_7,1.66
1zo3_A,3j92_2,1.60
1zo3_A,4v4w_A,1.49
1zo3_A,2deu_D,1.80
1zo3_A,3j0l_V,1.52
1zo3_A,2deu_C,1.79
1zo3_A,4v7c_W,1.75
1zo3_A,3jcd_9,1.41
1zo3_A,3epj_E,1.64
1zo3_A,4v7d_B,1.25
1zo3_A,3epl_E,1.64
1zo3_A,5j4d_I(BH),1.46
1zo3_A,3epj_F,1.35
1zo3_A,2cv0_C,1.71
1zo3_A,5d8b_E(CD),1.23
1zo3_A,4yvi_C,1.54
1zo3_A,5j4d_D,1.47
1zo3_A,4w29_C(GC),1.49
1zo3_A,5d8b_F(DD),1.54
1zo3_A,5lzs_i,1.71
1zo3_A,1zo3_B,0.21
1zo3_A,5lzs_2,1.86
1zo3_A,5AJ0_B,1.55
1zo3_A,5j4d_I(IA),1.42
1zo3_A,3epk_F,1.29
1zo3_A,3qsy_D,2.02
1zo3_A,3jce_6,1.74
1zo3_A,2der_D,1.53
1zo3_A,5d8b_X(XC),1.49
1zo3_A,3jce_8,1.79
1zo3_A,2d6f_F,1.71
1zo3_A,5d8b_B(BD),2.05
1zo3_A,4yye_C,1.92
1zo3_A,3epl_F,1.88
1zo3_A,4yye_D,1.69
1zo3_A,2dxi_C,1.70
1zo3_A,3jcj_v,1.22
1zo3_A,3eph_F,1.44
1zo3_A,2du3_D,1.63
1zo3_A,4ujd_B,1.63
1zo3_A,2cv0_D,1.72
1zo3_A,2cv1_D,1.60
1zo3_A,5lzy_1(TA),1.56
1zo3_A,2du6_D,1.69
1zo3_A,3j0o_W,1.25
1zo3_A,1wz2_C,1.37
1zo3_A,3j0q_W,1.59
1zo3_A,4ujc_A,1.63
1zo3_A,3jce_9
1zo3_A,4w29_C(FC),1.27
1zo3_A,3jcn_v,1.22
1zo3_A,2det_C,1.82
1zo3_A,2d6f_E,1.76
1zo3_A,4v4v_A,0.59
1zo3_A,2cv2_D,1.61
1zo3_A,4v9q_B,1.24
1zo3_A,3epk_E,1.65
1zo3_A,3j0p_W,1.59
1zo3_A,4yvk_C,1.67
1zo3_A,2der_C,1.50
1zo3_A,3b0v_A,1.25
1zo3_A,4v5n_V,1.63
1zo3_A,2du4_C,1.75
1zo3_A,4yvj_C,1.58
1zo3_A,3b0v_B
1zo3_A,3j0p_Y,1.79
1zo3_A,5lmq_Z,1.81
1zo3_A,5j4d_N(MC),1.42
1zo3_A,2dxi_D,1.63
1zo3_A,4v5m_V,1.59
1zo3_A,5k0y_N,1.19
1zo3_A,2cv1_C,1.70
1zo3_A,5lzy_1(SA),1.83
1zo3_A,2cv2_C,1.51
1zo3_A,4v7c_V
1zo3_A,2du5_D,1.71
1zo3_A,3j7a_7,1.14
3j92_2,4v4w_A,1.20
3j92_2,2deu_D,1.87
3j92_2,3j0l_V,1.41
3j92_2,2deu_C,1.87
3j92_2,4v7c_W,1.74
3j92_2,3jcd_9,1.61
3j92_2,3epj_E,1.58
3j92_2,4v7d_B,1.40
3j92_2,3epl_E,1.73
3j92_2,5j4d_I(BH),1.51
3j92_2,3epj_F,1.52
3j92_2,2cv0_C,1.82
3j92_2,5d8b_E(CD),1.17
3j92_2,4yvi_C,1.67
3j92_2,5j4d_D,1.51
3j92_2,4w29_C(GC),1.46
3j92_2,5d8b_F(DD),1.17
3j92_2,5lzs_i,1.73
3j92_2,1zo3_B,1.38
3j92_2,5lzs_2,1.42
3j92_2,5AJ0_B,1.61
3j92_2,5j4d_I(IA),1.63
3j92_2,3epk_F,1.73
3j92_2,3qsy_D,1.58
3j92_2,3jce_6,1.79
3j92_2,2der_D,2.06
3j92_2,5d8b_X(XC),1.61
3j92_2,3jce_8,1.22
3j92_2,2d6f_F,1.64
3j92_2,5d8b_B(BD),1.61
3j92_2,4yye_C,1.36
3j92_2,3epl_F
3j92_2,4yye_D,1.62
3j92_2,2dxi_C,1.90
3j92_2,3jcj_v,1.60
3j92_2,3eph_F,1.31
3j92_2,2du3_D,1.58
3j92_2,4ujd_B,1.76
3j92_2,2cv0_D,1.69
3j92_2,2cv1_D,1.50
3j92_2,5lzy_1(TA),1.52
3j92_2,2du6_D,1.65
3j92_2,3j0o_W,1.43
3j92_2,1wz2_C,1.95
3j92_2,3j0q_W,1.41
3j92_2,4ujc_A,2.00
3j92_2,3jce_9
3j92_2,4w29_C(FC),1.74
3j92_2,3jcn_v,1.60
3j92_2,2det_C,1.71
3j92_2,2d6f_E,1.32
3j92_2,4v4v_A,2.07
3j92_2,2cv2_D,1.71
3j92_2,4v9q_B,1.18
3j92_2,3epk_E,1.49
3j92_2,3j0p_W,1.41
3j92_2,4yvk_C,1.81
3j92_2,2der_C,2.06
3j92_2,3b0v_A,1.69
3j92_2,4v5n_V,1.51
3j92_2,2du4_C,1.76
3j92_2,4yvj_C,1.63
3j92_2,3b0v_B,1.32
3j92_2,3j0p_Y,1.41
3j92_2,5lmq_Z,1.75
3j92_2,5j4d_N(MC),1.52
3j92_2,2dxi_D,1.75
3j92_2,4v5m_V,1.41
3j92_2,5k0y_N,1.24
3j92_2,2cv1_C,1.83
3j92_2,5lzy_1(SA),1.59
3j92_2,2cv2_C,1.74
3j92_2,4v7c_V,1.61
3j92_2,2du5_D,1.85
3j92_2,3j7a_7,1.46
4v4w_A,2deu_D,1.80
4v4w_A,3j0l_V,1.33
4v4w_A,2deu_C,1.79
4v4w_A,4v7c_W,1.90
4v4w_A,3jcd_9,1.83
4v4w_A,3epj_E,1.68
4v4w_A,4v7d_B,1.50
4v4w_A,3epl_E,1.44
4v4w_A,5j4d_I(BH),1.79
4v4w_A,3epj_F,1.44
4v4w_A,2cv0_C,1.65
4v4w_A,5d8b_E(CD),1.60
4v4w_A,4yvi_C,1.62
4v4w_A,5j4d_D,1.80
4v4w_A,4w29_C(GC),1.88
4v4w_A,5d8b_F(DD),1.61
4v4w_A,5lzs_i,1.96
4v4w_A,1zo3_B,1.55
4v4w_A,5lzs_2,1.86
4v4w_A,5AJ0_B,1.74
4v4w_A,5j4d_I(IA),1.58
4v4w_A,3epk_F,1.61
4v4w_A,3qsy_D,1.66
4v4w_A,3jce_6,1.36
4v4w_A,2der_D,2.05
4v4w_A,5d8b_X(XC),1.94
4v4w_A,3jce_8,1.70
4v4w_A,2d6f_F,1.70
4v4w_A,5d8b_B(BD),1.94
4v4w_A,4yye_C,1.70
4v4w_A,3epl_F,1.81
4v4w_A,4yye_D,1.50
4v4w_A,2dxi_C,1.75
4v4w_A,3jcj_v,1.69
4v4w_A,3eph_F,1.66
4v4w_A,2du3_D,1.89
4v4w_A,4ujd_B,1.97
4v4w_A,2cv0_D,1.80
4v4w_A,2cv1_D,1.72
4v4w_A,5lzy_1(TA),1.80
4v4w_A,2du6_D,1.62
4v4w_A,3j0o_W,1.66
4v4w_A,1wz2_C,1.69
4v4w_A,3j0q_W,1.99
4v4w_A,4ujc_A,2.24
4v4w_A,3jce_9,1.82
4v4w_A,4w29_C(FC),1.93
4v4w_A,3jcn_v,2.03
4v4w_A,2det_C,1.69
4v4w_A,2d6f_E,1.76
4v4w_A,4v4v_A,1.55
4v4w_A,2cv2_D,1.73
4v4w_A,4v9q_B,1.91
4v4w_A,3epk_E,1.63
4v4w_A,3j0p_W,1.99
4v4w_A,4yvk_C,2.17
4v4w_A,2der_C,1.76
4v4w_A,3b0v_A,1.36
4v4w_A,4v5n_V,1.82
4v4w_A,2du4_C,2.16
4v4w_A,4yvj_C,1.81
4v4w_A,3b0v_B,2.12
4v4w_A,3j0p_Y,1.66
4v4w_A,5lmq_Z,1.78
4v4w_A,5j4d_N(MC),1.58
4v4w_A,2dxi_D,1.82
4v4w_A,4v5m_V,1.99
4v4w_A,5k0y_N,1.65
4v4w_A,2cv1_C,1.61
4v4w_A,5lzy_1(SA),2.12
4v4w_A,2cv2_C,1.80
4v4w_A,4v7c_V,1.44
4v4w_A,2du5_D,1.70
4v4w_A,3j7a_7,1.69
2deu_D,3j0l_V,1.87
2deu_D,2deu_C,0.03
2deu_D,4v7c_W,1.37
2deu_D,3jcd_9,1.79
2deu_D,3epj_E,1.80
2deu_D,4v7d_B,1.28
2deu_D,3epl_E,1.64
2deu_D,5j4d_I(BH),1.74
2deu_D,3epj_F,1.74
2deu_D,2cv0_C,1.46
2deu_D,5d8b_E(CD),1.68
2deu_D,4yvi_C,1.18
2deu_D,5j4d_D,1.77
2deu_D,4w29_C(GC),2.17
2deu_D,5d8b_F(DD),1.69
2deu_D,5lzs_i,1.52
2deu_D,1zo3_B,1.80
2deu_D,5lzs_2,1.66
2deu_D,5AJ0_B,1.25
2deu_D,5j4d_I(IA),1.72
2deu_D,3epk_F,1.92
2deu_D,3qsy_D
2deu_D,3jce_6,1.50
2deu_D,2der_D,1.36
2deu_D,5d8b_X(XC),1.93
2deu_D,3jce_8,1.97
2deu_D,2d6f_F,1.79
2deu_D,5d8b_B(BD),1.93
2deu_D,4yye_C,1.43
2deu_D,3epl_F,1.80
2deu_D,4yye_D,1.46
2deu_D,2dxi_C,1.47
2deu_D,3jcj_v,1.36
2deu_D,3eph_F,1.87
2deu_D,2du3_D,1.94
2deu_D,4ujd_B,1.89
2deu_D,2cv0_D,1.44
2deu_D,2cv1_D,1.36
2deu_D,5lzy_1(TA),1.81
2deu_D,2du6_D,1.66
2deu_D,3j0o_W,1.79
2deu_D,1wz2_C,1.88
2deu_D,3j0q_W,1.82
2deu_D,4ujc_A,1.89
2deu_D,3jce_9,1.31
2deu_D,4w29_C(FC),1.65
2deu_D,3jcn_v,1.36
2deu_D,2det_C,0.49
2deu_D,2d6f_E,1.91
2deu_D,4v4v_A,0.89
2deu_D,2cv2_D,1.46
2deu_D,4v9q_B,1.69
2deu_D,3epk_E,1.79
2deu_D,3j0p_W,1.82
2deu_D,4yvk_C,1.34
2deu_D,2der_C,1.21
2deu_D,3b0v_A,1.80
2deu_D,4v5n_V,1.80
2deu_D,2du4_C,1.47
2deu_D,4yvj_C,1.36
2deu_D,3b0v_B,1.81
2deu_D,3j0p_Y,1.39
2deu_D,5lmq_Z,1.39
2deu_D,5j4d_N(MC),1.72
2deu_D,2dxi_D,1.47
2deu_D,4v5m_V,1.82
2deu_D,5k0y_N,1.68
2deu_D,2cv1_C,1.79
2deu_D,5lzy_1(SA),1.32
2deu_D,2cv2_C,1.47
2deu_D,4v7c_V
2deu_D,2du5_D,1.77
2deu_D,3j7a_7,1.71
3j0l_V,2deu_C,1.91
3j0l_V,4v7c_W,1.40
3j0l_V,3jcd_9,1.67
3j0l_V,3epj_E,1.40
3j0l_V,4v7d_B
3j0l_V,3epl_E,1.54
3j0l_V,5j4d_I(BH),1.22
3j0l_V,3epj_F,1.53
3j0l_V,2cv0_C,1.58
3j0l_V,5d8b_E(CD),1.12
3j0l_V,4yvi_C,1.83
3j0l_V,5j4d_D,1.22
3j0l_V,4w29_C(GC),1.28
3j0l_V,5d8b_F(DD),1.13
3j0l_V,5lzs_i,1.56
3j0l_V,1zo3_B,1.53
3j0l_V,5lzs_2,1.37
3j0l_V,5AJ0_B,1.43
3j0l_V,5j4d_I(IA),1.17
3j0l_V,3epk_F,1.47
3j0l_V,3qsy_D,1.66
3j0l_V,3jce_6,1.72
3j0l_V,2der_D,1.80
3j0l_V,5d8b_X(XC),1.45
3j0l_V,3jce_8,1.76
3j0l_V,2d6f_F,1.63
3j0l_V,5d8b_B(BD),1.45
3j0l_V,4yye_C,1.72
3j0l_V,3epl_F,1.52
3j0l_V,4yye_D,1.56
3j0l_V,2dxi_C,1.59
3j0l_V,3jcj_v,1.59
3j0l_V,3eph_F,1.36
3j0l_V,2du3_D,1.19
3j0l_V,4ujd_B,0.56
3j0l_V,2cv0_D,1.61
3j0l_V,2cv1_D,1.84
3j0l_V,5lzy_1(TA),1.42
3j0l_V,2du6_D,1.98
3j0l_V,3j0o_W,1.93
3j0l_V,1wz2_C,1.41
3j0l_V,3j0q_W,1.51
3j0l_V,4ujc_A,0.56
3j0l_V,3jce_9
3j0l_V,4w29_C(FC),1.13
3j0l_V,3jcn_v,1.66
3j0l_V,2det_C,1.82
3j0l_V,2d6f_E,1.41
3j0l_V,4v4v_A,1.45
3j0l_V,2cv2_D,1.71
3j0l_V,4v9q_B,1.40
3j0l_V,3epk_E,1.73
3j0l_V,3j0p_W,1.51
3j0l_V,4yvk_C,1.91
3j0l_V,2der_C,1.16
3j0l_V,3b0v_A,1.57
3j0l_V,4v5n_V,1.63
3j0l_V,2du4_C,1.27
3j0l_V,4yvj_C,1.92
3j0l_V,3b0v_B,1.58
3j0l_V,3j0p_Y,1.40
3j0l_V,5lmq_Z,1.31
3j0l_V,5j4d_N(MC),1.17
3j0l_V,2dxi_D,1.53
3j0l_V,4v5m_V,1.51
3j0l_V,5k0y_N,1.61
3j0l_V,2cv1_C,1.42
3j0l_V,5lzy_1(SA),1.85
3j0l_V,2cv2_C,1.56
3j0l_V,4v7c_V,0.94
3j0l_V,2du5_D,1.23
3j0l_V,3j7a_7,1.73
3eq4_Y,2deu_C
3eq4_Y,4v7c_W
3eq4_Y,3jcd_9
3eq4_Y,3epj_E
3eq4_Y,4v7d_B
3eq4_Y,3epl_E
3eq4_Y,5j4d_I(BH)
3eq4_Y,3epj_F
3eq4_Y,2cv0_C
3eq4_Y,5d8b_E(CD)
3eq4_Y,4yvi_C
3eq4_Y,5j4d_D
3eq4_Y,4w29_C(GC)
3eq4_Y,5d8b_F(DD)
3eq4_Y,5lzs_i
3eq4_Y,1zo3_B
3eq4_Y,5lzs_2
3eq4_Y,5AJ0_B
3eq4_Y,5j4d_I(IA)
3eq4_Y,3epk_F
3eq4_Y,3qsy_D
3eq4_Y,3jce_6
3eq4_Y,2der_D
3eq4_Y,5d8b_X(XC)
3eq4_Y,3jce_8
3eq4_Y,2d6f_F
3eq4_Y,5d8b_B(BD)
3eq4_Y,4yye_C
3eq4_Y,3epl_F
3eq4_Y,4yye_D
3eq4_Y,2dxi_C
3eq4_Y,3jcj_v
3eq4_Y,3eph_F
3eq4_Y,2du3_D
3eq4_Y,4ujd_B
3eq4_Y,2cv0_D
3eq4_Y,2cv1_D
3eq4_Y,5lzy_1(TA)
3eq4_Y,2du6_D
3eq4_Y,3j0o_W
3eq4_Y,1wz2_C
3eq4_Y,3j0q_W
3eq4_Y,4ujc_A
3eq4_Y,3jce_9
3eq4_Y,4w29_C(FC)
3eq4_Y,3jcn_v
3eq4_Y,2det_C
3eq4_Y,2d6f_E
3eq4_Y,4v4v_A
3eq4_Y,2cv2_D
3eq4_Y,4v9q_B
3eq4_Y,3epk_E
3eq4_Y,3j0p_W
3eq4_Y,4yvk_C
3eq4_Y,2der_C
3eq4_Y,3b0v_A
3eq4_Y,4v5n_V
3eq4_Y,2du4_C
3eq4_Y,4yvj_C
3eq4_Y,3b0v_B
3eq4_Y,3j0p_Y
3eq4_Y,5lmq_Z
3eq4_Y,5j4d_N(MC)
3eq4_Y,2dxi_D
3eq4_Y,4v5m_V
3eq4_Y,5k0y_N
3eq4_Y,2cv1_C
3eq4_Y,5lzy_1(SA)
3eq4_Y,2cv2_C
3eq4_Y,4v7c_V
3eq4_Y,2du5_D
3eq4_Y,3j7a_7
2deu_C,4v7c_W,1.37
2deu_C,3jcd_9,1.80
2deu_C,3epj_E,1.80
2deu_C,4v7d_B,1.29
2deu_C,3epl_E,1.64
2deu_C,5j4d_I(BH),1.73
2deu_C,3epj_F,1.73
2deu_C,2cv0_C,1.73
2deu_C,5d8b_E(CD),1.68
2deu_C,4yvi_C,1.19
2deu_C,5j4d_D,1.77
2deu_C,4w29_C(GC),2.63
2deu_C,5d8b_F(DD),1.68
2deu_C,5lzs_i,1.85
2deu_C,1zo3_B,1.79
2deu_C,5lzs_2,1.66
2deu_C,5AJ0_B,1.25
2deu_C,5j4d_I(IA),1.68
2deu_C,3epk_F,1.92
2deu_C,3qsy_D
2deu_C,3jce_6,1.72
2deu_C,2der_D,1.35
2deu_C,5d8b_X(XC),1.87
2deu_C,3jce_8,1.98
2deu_C,2d6f_F,1.78
2deu_C,5d8b_B(BD),1.93
2deu_C,4yye_C,1.43
2deu_C,3epl_F,1.80
2deu_C,4yye_D,1.46
2deu_C,2dxi_C,1.72
2deu_C,3jcj_v,1.36
2deu_C,3eph_F,1.87
2deu_C,2du3_D,1.94
2deu_C,4ujd_B,1.89
2deu_C,2cv0_D,1.43
2deu_C,2cv1_D,1.36
2deu_C,5lzy_1(TA),1.81
2deu_C,2du6_D,1.67
2deu_C,3j0o_W,1.79
2deu_C,1wz2_C,1.83
2deu_C,3j0q_W,1.83
2deu_C,4ujc_A,1.89
2deu_C,3jce_9,1.31
2deu_C,4w29_C(FC),1.65
2deu_C,3jcn_v,1.36
2deu_C,2det_C,0.49
2deu_C,2d6f_E,1.86
2deu_C,4v4v_A,0.89
2deu_C,2cv2_D,1.46
2deu_C,4v9q_B,1.66
2deu_C,3epk_E,1.79
2deu_C,3j0p_W,1.83
2deu_C,4yvk_C,1.35
2deu_C,2der_C,1.21
2deu_C,3b0v_A,1.80
2deu_C,4v5n_V,1.80
2deu_C,2du4_C,1.47
2deu_C,4yvj_C,1.37
2deu_C,3b0v_B,1.82
2deu_C,3j0p_Y,1.32
2deu_C,5lmq_Z,1.39
2deu_C,5j4d_N(MC),1.93
2deu_C,2dxi_D,1.47
2deu_C,4v5m_V,1.83
2deu_C,5k0y_N,1.67
2deu_C,2cv1_C,1.79
2deu_C,5lzy_1(SA),1.32
2deu_C,2cv2_C,1.48
2deu_C,4v7c_V
2deu_C,2du5_D,1.68
2deu_C,3j7a_7,1.71
4v7c_W,3jcd_9,1.98
4v7c_W,3epj_E,1.66
4v7c_W,4v7d_B,1.12
4v7c_W,3epl_E,1.69
4v7c_W,5j4d_I(BH),2.05
4v7c_W,3epj_F,1.54
4v7c_W,2cv0_C,1.61
4v7c_W,5d8b_E(CD),1.45
4v7c_W,4yvi_C,1.67
4v7c_W,5j4d_D,2.10
4v7c_W,4w29_C(GC),1.93
4v7c_W,5d8b_F(DD),1.46
4v7c_W,5lzs_i,1.76
4v7c_W,1zo3_B,1.77
4v7c_W,5lzs_2,1.47
4v7c_W,5AJ0_B,1.57
4v7c_W,5j4d_I(IA),1.50
4v7c_W,3epk_F,1.72
4v7c_W,3qsy_D,1.56
4v7c_W,3jce_6,1.33
4v7c_W,2der_D,1.52
4v7c_W,5d8b_X(XC),1.95
4v7c_W,3jce_8,1.51
4v7c_W,2d6f_F,1.77
4v7c_W,5d8b_B(BD),1.95
4v7c_W,4yye_C,1.65
4v7c_W,3epl_F,1.57
4v7c_W,4yye_D,1.56
4v7c_W,2dxi_C,1.61
4v7c_W,3jcj_v,1.69
4v7c_W,3eph_F,1.76
4v7c_W,2du3_D,1.48
4v7c_W,4ujd_B,1.15
4v7c_W,2cv0_D,1.71
4v7c_W,2cv1_D,1.56
4v7c_W,5lzy_1(TA),1.74
4v7c_W,2du6_D,1.80
4v7c_W,3j0o_W,1.74
4v7c_W,1wz2_C,1.48
4v7c_W,3j0q_W,1.75
4v7c_W,4ujc_A,1.65
4v7c_W,3jce_9
4v7c_W,4w29_C(FC),1.69
4v7c_W,3jcn_v,1.65
4v7c_W,2det_C,1.35
4v7c_W,2d6f_E,1.64
4v7c_W,4v4v_A,1.30
4v7c_W,2cv2_D,1.67
4v7c_W,4v9q_B,1.56
4v7c_W,3epk_E,1.71
4v7c_W,3j0p_W,1.75
4v7c_W,4yvk_C,1.71
4v7c_W,2der_C,1.73
4v7c_W,3b0v_A,1.94
4v7c_W,4v5n_V,1.64
4v7c_W,2du4_C,1.72
4v7c_W,4yvj_C,1.59
4v7c_W,3b0v_B,1.95
4v7c_W,3j0p_Y
4v7c_W,5lmq_Z,1.93
4v7c_W,5j4d_N(MC),1.50
4v7c_W,2dxi_D,1.49
4v7c_W,4v5m_V,1.75
4v7c_W,5k0y_N,1.53
4v7c_W,2cv1_C,1.71
4v7c_W,5lzy_1(SA),1.59
4v7c_W,2cv2_C,1.69
4v7c_W,4v7c_V
4v7c_W,2du5_D,1.79
4v7c_W,3j7a_7,1.68
3jcd_9,3epj_E,1.50
3jcd_9,4v7d_B
3jcd_9,3epl_E,1.76
3jcd_9,5j4d_I(BH),1.67
3jcd_9,3epj_F,1.49
3jcd_9,2cv0_C,2.03
3jcd_9,5d8b_E(CD),1.76
3jcd_9,4yvi_C,1.53
3jcd_9,5j4d_D,1.68
3jcd_9,4w29_C(GC),1.93
3jcd_9,5d8b_F(DD),1.76
3jcd_9,5lzs_i,1.75
3jcd_9,1zo3_B,1.40
3jcd_9,5lzs_2,1.63
3jcd_9,5AJ0_B
3jcd_9,5j4d_I(IA),1.89
3jcd_9,3epk_F,1.40
3jcd_9,3qsy_D
3jcd_9,3jce_6,1.54
3jcd_9,2der_D,1.49
3jcd_9,5d8b_X(XC),2.07
3jcd_9,3jce_8,1.60
3jcd_9,2d6f_F,1.65
3jcd_9,5d8b_B(BD),2.07
3jcd_9,4yye_C,2.04
3jcd_9,3epl_F,1.43
3jcd_9,4yye_D,1.70
3jcd_9,2dxi_C,1.47
3jcd_9,3jcj_v,1.58
3jcd_9,3eph_F,1.62
3jcd_9,2du3_D,1.50
3jcd_9,4ujd_B,1.63
3jcd_9,2cv0_D,1.84
3jcd_9,2cv1_D,1.79
3jcd_9,5lzy_1(TA)
3jcd_9,2du6_D,1.32
3jcd_9,3j0o_W,1.67
3jcd_9,1wz2_C,1.66
3jcd_9,3j0q_W,1.63
3jcd_9,4ujc_A,1.76
3jcd_9,3jce_9,2.21
3jcd_9,4w29_C(FC),2.10
3jcd_9,3jcn_v,1.58
3jcd_9,2det_C,1.77
3jcd_9,2d6f_E,1.57
3jcd_9,4v4v_A,2.05
3jcd_9,2cv2_D,1.62
3jcd_9,4v9q_B,1.50
3jcd_9,3epk_E,1.72
3jcd_9,3j0p_W,1.63
3jcd_9,4yvk_C,1.95
3jcd_9,2der_C,1.58
3jcd_9,3b0v_A
3jcd_9,4v5n_V,1.63
3jcd_9,2du4_C,1.99
3jcd_9,4yvj_C,1.88
3jcd_9,3b0v_B
3jcd_9,3j0p_Y
3jcd_9,5lmq_Z,1.68
3jcd_9,5j4d_N(MC),1.77
3jcd_9,2dxi_D,1.58
3jcd_9,4v5m_V,1.63
3jcd_9,5k0y_N,1.76
3jcd_9,2cv1_C,1.77
3jcd_9,5lzy_1(SA)
3jcd_9,2cv2_C,1.70
3jcd_9,4v7c_V
3jcd_9,2du5_D,1.38
3jcd_9,3j7a_7,1.92
3epj_E,4v7d_B,1.31
3epj_E,3epl_E,0.86
3epj_E,5j4d_I(BH),1.62
3epj_E,3epj_F,1.22
3epj_E,2cv0_C,1.75
3epj_E,5d8b_E(CD),1.66
3epj_E,4yvi_C,1.51
3epj_E,5j4d_D,1.63
3epj_E,4w29_C(GC),1.90
3epj_E,5d8b_F(DD),1.69
3epj_E,5lzs_i,1.62
3epj_E,1zo3_B,1.64
3epj_E,5lzs_2,1.33
3epj_E,5AJ0_B,1.30
3epj_E,5j4d_I(IA),1.42
3epj_E,3epk_F,1.21
3epj_E,3qsy_D,1.23
3epj_E,3jce_6,1.70
3epj_E,2der_D,1.63
3epj_E,5d8b_X(XC),1.69
3epj_E,3jce_8,1.60
3epj_E,2d6f_F,1.56
3epj_E,5d8b_B(BD),1.69
3epj_E,4yye_C,1.69
3epj_E,3epl_F,1.28
3epj_E,4yye_D,1.58
3epj_E,2dxi_C,1.73
3epj_E,3jcj_v,1.31
3epj_E,3eph_F,1.22
3epj_E,2du3_D,1.62
3epj_E,4ujd_B,1.60
3epj_E,2cv0_D,1.70
3epj_E,2cv1_D,1.72
3epj_E,5lzy_1(TA),1.71
3epj_E,2du6_D,1.48
3epj_E,3j0o_W,1.73
3epj_E,1wz2_C,1.51
3epj_E,3j0q_W,1.48
3epj_E,4ujc_A,1.50
3epj_E,3jce_9
3epj_E,4w29_C(FC),1.96
3epj_E,3jcn_v,1.31
3epj_E,2det_C,1.72
3epj_E,2d6f_E,1.82
3epj_E,4v4v_A,1.44
3epj_E,2cv2_D,1.77
3epj_E,4v9q_B,1.78
3epj_E,3epk_E,0.38
3epj_E,3j0p_W,1.48
3epj_E,4yvk_C,1.60
3epj_E,2der_C,1.70
3epj_E,3b0v_A,1.92
3epj_E,4v5n_V,1.61
3epj_E,2du4_C,1.55
3epj_E,4yvj_C,1.59
3epj_E,3b0v_B,1.71
3epj_E,3j0p_Y,1.51
3epj_E,5lmq_Z,1.65
3epj_E,5j4d_N(MC),1.50
3epj_E,2dxi_D,1.80
3epj_E,4v5m_V,1.48
3epj_E,5k0y_N,1.92
3epj_E,2cv1_C,1.70
3epj_E,5lzy_1(SA),1.53
3epj_E,2cv2_C,1.74
3epj_E,4v7c_V,1.00
3epj_E,2du5_D,1.99
3epj_E,3j7a_7,1.60
4v7d_B,3epl_E,1.53
4v7d_B,5j4d_I(BH),2.30
4v7d_B,3epj_F,1.76
4v7d_B,2cv0_C,1.97
4v7d_B,5d8b_E(CD),1.69
4v7d_B,4yvi_C,1.78
4v7d_B,5j4d_D,2.28
4v7d_B,4w29_C(GC),1.45
4v7d_B,5d8b_F(DD),1.69
4v7d_B,5lzs_i
4v7d_B,1zo3_B,1.25
4v7d_B,5lzs_2,1.49
4v7d_B,5AJ0_B,1.10
4v7d_B,5j4d_I(IA),1.75
4v7d_B,3epk_F,1.51
4v7d_B,3qsy_D
4v7d_B,3jce_6,1.63
4v7d_B,2der_D,1.88
4v7d_B,5d8b_X(XC),1.50
4v7d_B,3jce_8
4v7d_B,2d6f_F,1.50
4v7d_B,5d8b_B(BD),1.50
4v7d_B,4yye_C,1.42
4v7d_B,3epl_F,1.40
4v7d_B,4yye_D,1.69
4v7d_B,2dxi_C,1.85
4v7d_B,3jcj_v
4v7d_B,3eph_F,1.59
4v7d_B,2du3_D,2.00
4v7d_B,4ujd_B,1.54
4v7d_B,2cv0_D,1.93
4v7d_B,2cv1_D,1.41
4v7d_B,5lzy_1(TA),1.28
4v7d_B,2du6_D,1.34
4v7d_B,3j0o_W,1.46
4v7d_B,1wz2_C,1.56
4v7d_B,3j0q_W
4v7d_B,4ujc_A,1.66
4v7d_B,3jce_9
4v7d_B,4w29_C(FC),1.93
4v7d_B,3jcn_v
4v7d_B,2det_C,1.41
4v7d_B,2d6f_E,1.38
4v7d_B,4v4v_A,1.45
4v7d_B,2cv2_D,1.81
4v7d_B,4v9q_B,1.34
4v7d_B,3epk_E,1.69
4v7d_B,3j0p_W
4v7d_B,4yvk_C,1.75
4v7d_B,2der_C,1.78
4v7d_B,3b0v_A,1.65
4v7d_B,4v5n_V,1.61
4v7d_B,2du4_C,1.82
4v7d_B,4yvj_C,1.75
4v7d_B,3b0v_B,1.64
4v7d_B,3j0p_Y,1.39
4v7d_B,5lmq_Z,1.53
4v7d_B,5j4d_N(MC),1.79
4v7d_B,2dxi_D,1.41
4v7d_B,4v5m_V
4v7d_B,5k0y_N,1.59
4v7d_B,2cv1_C,1.69
4v7d_B,5lzy_1(SA),1.20
4v7d_B,2cv2_C,1.97
4v7d_B,4v7c_V,1.41
4v7d_B,2du5_D,1.36
4v7d_B,3j7a_7,1.70
3epl_E,5j4d_I(BH),1.71
3epl_E,3epj_F,1.38
3epl_E,2cv0_C,1.71
3epl_E,5d8b_E(CD),1.61
3epl_E,4yvi_C,1.59
3epl_E,5j4d_D,1.72
3epl_E,4w29_C(GC),1.57
3epl_E,5d8b_F(DD),1.65
3epl_E,5lzs_i,1.60
3epl_E,1zo3_B,1.64
3epl_E,5lzs_2,1.52
3epl_E,5AJ0_B,1.97
3epl_E,5j4d_I(IA),1.56
3epl_E,3epk_F,1.27
3epl_E,3qsy_D
3epl_E,3jce_6,1.73
3epl_E,2der_D,1.58
3epl_E,5d8b_X(XC),1.79
3epl_E,3jce_8,1.63
3epl_E,2d6f_F,1.59
3epl_E,5d8b_B(BD),1.79
3epl_E,4yye_C,1.71
3epl_E,3epl_F,1.69
3epl_E,4yye_D,1.69
3epl_E,2dxi_C,1.86
3epl_E,3jcj_v,1.52
3epl_E,3eph_F,1.41
3epl_E,2du3_D,1.72
3epl_E,4ujd_B,1.73
3epl_E,2cv0_D,1.76
3epl_E,2cv1_D,1.66
3epl_E,5lzy_1(TA),1.50
3epl_E,2du6_D,1.78
3epl_E,3j0o_W,1.40
3epl_E,1wz2_C,1.62
3epl_E,3j0q_W,1.47
3epl_E,4ujc_A,1.70
3epl_E,3jce_9
3epl_E,4w29_C(FC),1.64
3epl_E,3jcn_v,1.52
3epl_E,2det_C,1.61
3epl_E,2d6f_E,1.92
3epl_E,4v4v_A,1.64
3epl_E,2cv2_D,1.82
3epl_E,4v9q_B,1.78
3epl_E,3epk_E,0.85
3epl_E,3j0p_W,1.47
3epl_E,4yvk_C,1.46
3epl_E,2der_C,1.58
3epl_E,3b0v_A,1.80
3epl_E,4v5n_V,1.53
3epl_E,2du4_C,1.72
3epl_E,4yvj_C,1.57
3epl_E,3b0v_B,1.79
3epl_E,3j0p_Y,1.71
3epl_E,5lmq_Z,1.96
3epl_E,5j4d_N(MC),1.56
3epl_E,2dxi_D,1.84
3epl_E,4v5m_V,1.47
3epl_E,5k0y_N,1.97
3epl_E,2cv1_C,1.76
3epl_E,5lzy_1(SA),2.11
3epl_E,2cv2_C,1.68
3epl_E,4v7c_V
3epl_E,2du5_D,1.83
3epl_E,3j7a_7,1.59
5j4d_I(BH),3epj_F,1.70
5j4d_I(BH),2cv0_C,1.82
5j4d_I(BH),5d8b_E(CD),1.45
5j4d_I(BH),4yvi_C,1.68
5j4d_I(BH),5j4d_D,0.09
5j4d_I(BH),4w29_C(GC),1.34
5j4d_I(BH),5d8b_F(DD),1.45
5j4d_I(BH),5lzs_i,1.88
5j4d_I(BH),1zo3_B,1.47
5j4d_I(BH),5lzs_2,1.46
5j4d_I(BH),5AJ0_B,1.83
5j4d_I(BH),5j4d_I(IA),1.37
5j4d_I(BH),3epk_F,1.75
5j4d_I(BH),3qsy_D
5j4d_I(BH),3jce_6,1.85
5j4d_I(BH),2der_D,1.54
5j4d_I(BH),5d8b_X(XC),1.21
5j4d_I(BH),3jce_8,1.50
5j4d_I(BH),2d6f_F,1.87
5j4d_I(BH),5d8b_B(BD),1.22
5j4d_I(BH),4yye_C,1.42
5j4d_I(BH),3epl_F,1.69
5j4d_I(BH),4yye_D,1.71
5j4d_I(BH),2dxi_C,1.79
5j4d_I(BH),3jcj_v,1.81
5j4d_I(BH),3eph_F,1.61
5j4d_I(BH),2du3_D,1.60
5j4d_I(BH),4ujd_B,1.64
5j4d_I(BH),2cv0_D,1.91
5j4d_I(BH),2cv1_D,1.77
5j4d_I(BH),5lzy_1(TA),1.66
5j4d_I(BH),2du6_D,1.52
5j4d_I(BH),3j0o_W,1.50
5j4d_I(BH),1wz2_C,1.60
5j4d_I(BH),3j0q_W,1.46
5j4d_I(BH),4ujc_A,1.64
5j4d_I(BH),3jce_9
5j4d_I(BH),4w29_C(FC),1.66
5j4d_I(BH),3jcn_v,1.48
5j4d_I(BH),2det_C,1.78
5j4d_I(BH),2d6f_E,1.65
5j4d_I(BH),4v4v_A,1.48
5j4d_I(BH),2cv2_D,1.85
5j4d_I(BH),4v9q_B,0.94
5j4d_I(BH),3epk_E,1.68
5j4d_I(BH),3j0p_W,1.46
5j4d_I(BH),4yvk_C,1.61
5j4d_I(BH),2der_C,1.91
5j4d_I(BH),3b0v_A,1.67
5j4d_I(BH),4v5n_V,1.55
5j4d_I(BH),2du4_C,1.66
5j4d_I(BH),4yvj_C,1.59
5j4d_I(BH),3b0v_B,1.77
5j4d_I(BH),3j0p_Y,1.23
5j4d_I(BH),5lmq_Z,1.94
5j4d_I(BH),5j4d_N(MC),1.53
5j4d_I(BH),2dxi_D,1.81
5j4d_I(BH),4v5m_V,1.46
5j4d_I(BH),5k0y_N,1.47
5j4d_I(BH),2cv1_C,1.78
5j4d_I(BH),5lzy_1(SA),1.71
5j4d_I(BH),2cv2_C,1.74
5j4d_I(BH),4v7c_V,1.79
5j4d_I(BH),2du5_D,1.92
5j4d_I(BH),3j7a_7,1.85
3eq3_Y,3epj_F
3eq3_Y,2cv0_C
3eq3_Y,5d8b_E(CD)
3eq3_Y,4yvi_C
3eq3_Y,5j4d_D
3eq3_Y,4w29_C(GC)
3eq3_Y,5d8b_F(DD)
3eq3_Y,5lzs_i
3eq3_Y,1zo3_B
3eq3_Y,5lzs_2
3eq3_Y,5AJ0_B
3eq3_Y,5j4d_I(IA)
3eq3_Y,3epk_F
3eq3_Y,3qsy_D
3eq3_Y,3jce_6
3eq3_Y,2der_D
3eq3_Y,5d8b_X(XC)
3eq3_Y,3jce_8
3eq3_Y,2d6f_F
3eq3_Y,5d8b_B(BD)
3eq3_Y,4yye_C
3eq3_Y,3epl_F
3eq3_Y,4yye_D
3eq3_Y,2dxi_C
3eq3_Y,3jcj_v
3eq3_Y,3eph_F
3eq3_Y,2du3_D
3eq3_Y,4ujd_B
3eq3_Y,2cv0_D
3eq3_Y,2cv1_D
3eq3_Y,5lzy_1(TA)
3eq3_Y,2du6_D
3eq3_Y,3j0o_W
3eq3_Y,1wz2_C
3eq3_Y,3j0q_W
3eq3_Y,4ujc_A
3eq3_Y,3jce_9
3eq3_Y,4w29_C(FC)
3eq3_Y,3jcn_v
3eq3_Y,2det_C
3eq3_Y,2d6f_E
3eq3_Y,4v4v_A
3eq3_Y,2cv2_D
3eq3_Y,4v9q_B
3eq3_Y,3epk_E
3eq3_Y,3j0p_W
3eq3_Y,4yvk_C
3eq3_Y,2der_C
3eq3_Y,3b0v_A
3eq3_Y,4v5n_V
3eq3_Y,2du4_C
3eq3_Y,4yvj_C
3eq3_Y,3b0v_B
3eq3_Y,3j0p_Y
3eq3_Y,5lmq_Z
3eq3_Y,5j4d_N(MC)
3eq3_Y,2dxi_D
3eq3_Y,4v5m_V
3eq3_Y,5k0y_N
3eq3_Y,2cv1_C
3eq3_Y,5lzy_1(SA)
3eq3_Y,2cv2_C
3eq3_Y,4v7c_V
3eq3_Y,2du5_D
3eq3_Y,3j7a_7
3epj_F,2cv0_C,1.65
3epj_F,5d8b_E(CD),1.45
3epj_F,4yvi_C,1.50
3epj_F,5j4d_D,1.70
3epj_F,4w29_C(GC),1.19
3epj_F,5d8b_F(DD),1.45
3epj_F,5lzs_i,1.77
3epj_F,1zo3_B,1.34
3epj_F,5lzs_2,1.30
3epj_F,5AJ0_B,1.77
3epj_F,5j4d_I(IA),1.31
3epj_F,3epk_F,0.59
3epj_F,3qsy_D,1.92
3epj_F,3jce_6,1.84
3epj_F,2der_D,1.40
3epj_F,5d8b_X(XC),1.72
3epj_F,3jce_8,1.49
3epj_F,2d6f_F,1.95
3epj_F,5d8b_B(BD),1.72
3epj_F,4yye_C,1.36
3epj_F,3epl_F,0.79
3epj_F,4yye_D,1.64
3epj_F,2dxi_C,1.68
3epj_F,3jcj_v,1.61
3epj_F,3eph_F,0.51
3epj_F,2du3_D,1.59
3epj_F,4ujd_B,1.51
3epj_F,2cv0_D,1.66
3epj_F,2cv1_D,1.67
3epj_F,5lzy_1(TA)
3epj_F,2du6_D,1.88
3epj_F,3j0o_W,1.55
3epj_F,1wz2_C,1.52
3epj_F,3j0q_W,1.56
3epj_F,4ujc_A,1.51
3epj_F,3jce_9
3epj_F,4w29_C(FC),1.41
3epj_F,3jcn_v,1.70
3epj_F,2det_C,1.81
3epj_F,2d6f_E,1.49
3epj_F,4v4v_A,1.40
3epj_F,2cv2_D,1.61
3epj_F,4v9q_B,1.73
3epj_F,3epk_E,1.27
3epj_F,3j0p_W,1.56
3epj_F,4yvk_C,1.79
3epj_F,2der_C,1.50
3epj_F,3b0v_A,1.62
3epj_F,4v5n_V,1.61
3epj_F,2du4_C,1.53
3epj_F,4yvj_C,1.85
3epj_F,3b0v_B,1.62
3epj_F,3j0p_Y,1.06
3epj_F,5lmq_Z,1.75
3epj_F,5j4d_N(MC),1.31
3epj_F,2dxi_D,1.67
3epj_F,4v5m_V,1.56
3epj_F,5k0y_N,1.80
3epj_F,2cv1_C,1.66
3epj_F,5lzy_1(SA),1.06
3epj_F,2cv2_C,1.45
3epj_F,4v7c_V
3epj_F,2du5_D,1.83
3epj_F,3j7a_7,1.57
2cv0_C,5d8b_E(CD),1.47
2cv0_C,4yvi_C,1.45
2cv0_C,5j4d_D,1.81
2cv0_C,4w29_C(GC),1.45
2cv0_C,5d8b_F(DD),1.47
2cv0_C,5lzs_i,1.78
2cv0_C,1zo3_B,1.71
2cv0_C,5lzs_2,1.90
2cv0_C,5AJ0_B,1.69
2cv0_C,5j4d_I(IA),1.38
2cv0_C,3epk_F,1.81
2cv0_C,3qsy_D,0.80
2cv0_C,3jce_6,1.52
2cv0_C,2der_D,1.70
2cv0_C,5d8b_X(XC),1.86
2cv0_C,3jce_8,1.49
2cv0_C,2d6f_F,1.92
2cv0_C,5d8b_B(BD),1.79
2cv0_C,4yye_C,1.99
2cv0_C,3epl_F,1.64
2cv0_C,4yye_D,1.70
2cv0_C,2dxi_C,0.21
2cv0_C,3jcj_v,1.44
2cv0_C,3eph_F,1.62
2cv0_C,2du3_D,1.86
2cv0_C,4ujd_B,1.65
2cv0_C,2cv0_D,0.67
2cv0_C,2cv1_D,0.97
2cv0_C,5lzy_1(TA),1.91
2cv0_C,2du6_D,1.78
2cv0_C,3j0o_W,1.79
2cv0_C,1wz2_C,1.72
2cv0_C,3j0q_W,1.53
2cv0_C,4ujc_A,1.65
2cv0_C,3jce_9
2cv0_C,4w29_C(FC),1.54
2cv0_C,3jcn_v,1.44
2cv0_C,2det_C,1.50
2cv0_C,2d6f_E,1.65
2cv0_C,4v4v_A,1.69
2cv0_C,2cv2_D,0.93
2cv0_C,4v9q_B,1.83
2cv0_C,3epk_E,1.73
2cv0_C,3j0p_W,1.53
2cv0_C,4yvk_C,1.59
2cv0_C,2der_C,1.54
2cv0_C,3b0v_A,1.79
2cv0_C,4v5n_V,1.46
2cv0_C,2du4_C,1.79
2cv0_C,4yvj_C,1.57
2cv0_C,3b0v_B,1.84
2cv0_C,3j0p_Y,1.52
2cv0_C,5lmq_Z,1.70
2cv0_C,5j4d_N(MC),1.31
2cv0_C,2dxi_D,0.62
2cv0_C,4v5m_V,1.53
2cv0_C,5k0y_N,1.83
2cv0_C,2cv1_C,0.33
2cv0_C,5lzy_1(SA),1.26
2cv0_C,2cv2_C,0.61
2cv0_C,4v7c_V,1.62
2cv0_C,2du5_D,1.76
2cv0_C,3j7a_7,1.56
5d8b_E(CD),4yvi_C,1.96
5d8b_E(CD),5j4d_D,1.45
5d8b_E(CD),4w29_C(GC),1.45
5d8b_E(CD),5d8b_F(DD),0.08
5d8b_E(CD),5lzs_i,1.87
5d8b_E(CD),1zo3_B,1.56
5d8b_E(CD),5lzs_2,1.14
5d8b_E(CD),5AJ0_B,1.30
5d8b_E(CD),5j4d_I(IA),0.48
5d8b_E(CD),3epk_F,1.81
5d8b_E(CD),3qsy_D,1.26
5d8b_E(CD),3jce_6,1.78
5d8b_E(CD),2der_D,1.53
5d8b_E(CD),5d8b_X(XC),1.70
5d8b_E(CD),3jce_8,0.76
5d8b_E(CD),2d6f_F,1.72
5d8b_E(CD),5d8b_B(BD),1.53
5d8b_E(CD),4yye_C,1.52
5d8b_E(CD),3epl_F,1.46
5d8b_E(CD),4yye_D,1.66
5d8b_E(CD),2dxi_C,1.43
5d8b_E(CD),3jcj_v,1.84
5d8b_E(CD),3eph_F,1.44
5d8b_E(CD),2du3_D,1.50
5d8b_E(CD),4ujd_B,1.29
5d8b_E(CD),2cv0_D,1.66
5d8b_E(CD),2cv1_D,1.54
5d8b_E(CD),5lzy_1(TA),1.66
5d8b_E(CD),2du6_D,1.76
5d8b_E(CD),3j0o_W,1.38
5d8b_E(CD),1wz2_C,1.30
5d8b_E(CD),3j0q_W,1.23
5d8b_E(CD),4ujc_A,1.29
5d8b_E(CD),3jce_9
5d8b_E(CD),4w29_C(FC),1.60
5d8b_E(CD),3jcn_v,1.81
5d8b_E(CD),2det_C,1.77
5d8b_E(CD),2d6f_E,1.62
5d8b_E(CD),4v4v_A,1.49
5d8b_E(CD),2cv2_D,1.48
5d8b_E(CD),4v9q_B,1.44
5d8b_E(CD),3epk_E,1.61
5d8b_E(CD),3j0p_W,1.23
5d8b_E(CD),4yvk_C,1.84
5d8b_E(CD),2der_C,1.67
5d8b_E(CD),3b0v_A,1.17
5d8b_E(CD),4v5n_V,1.35
5d8b_E(CD),2du4_C,1.58
5d8b_E(CD),4yvj_C,1.61
5d8b_E(CD),3b0v_B,1.17
5d8b_E(CD),3j0p_Y,1.38
5d8b_E(CD),5lmq_Z,1.61
5d8b_E(CD),5j4d_N(MC),0.47
5d8b_E(CD),2dxi_D,1.60
5d8b_E(CD),4v5m_V,1.23
5d8b_E(CD),5k0y_N,1.60
5d8b_E(CD),2cv1_C,1.47
5d8b_E(CD),5lzy_1(SA),1.67
5d8b_E(CD),2cv2_C,1.45
5d8b_E(CD),4v7c_V,1.34
5d8b_E(CD),2du5_D,1.62
5d8b_E(CD),3j7a_7,1.65
4yvi_C,5j4d_D,1.58
4yvi_C,4w29_C(GC),1.65
4yvi_C,5d8b_F(DD),1.98
4yvi_C,5lzs_i,1.70
4yvi_C,1zo3_B,1.54
4yvi_C,5lzs_2,1.62
4yvi_C,5AJ0_B,1.71
4yvi_C,5j4d_I(IA),1.51
4yvi_C,3epk_F,1.87
4yvi_C,3qsy_D
4yvi_C,3jce_6,1.82
4yvi_C,2der_D,1.61
4yvi_C,5d8b_X(XC),1.59
4yvi_C,3jce_8,1.51
4yvi_C,2d6f_F,1.87
4yvi_C,5d8b_B(BD),1.59
4yvi_C,4yye_C,1.70
4yvi_C,3epl_F,1.75
4yvi_C,4yye_D,1.74
4yvi_C,2dxi_C,1.45
4yvi_C,3jcj_v,1.55
4yvi_C,3eph_F,1.64
4yvi_C,2du3_D,1.56
4yvi_C,4ujd_B,1.90
4yvi_C,2cv0_D,1.55
4yvi_C,2cv1_D,1.59
4yvi_C,5lzy_1(TA),1.65
4yvi_C,2du6_D,1.92
4yvi_C,3j0o_W,1.53
4yvi_C,1wz2_C,1.41
4yvi_C,3j0q_W,1.31
4yvi_C,4ujc_A,1.90
4yvi_C,3jce_9
4yvi_C,4w29_C(FC),1.96
4yvi_C,3jcn_v,1.55
4yvi_C,2det_C,1.04
4yvi_C,2d6f_E,1.95
4yvi_C,4v4v_A,1.29
4yvi_C,2cv2_D,1.46
4yvi_C,4v9q_B,1.88
4yvi_C,3epk_E,1.49
4yvi_C,3j0p_W,1.31
4yvi_C,4yvk_C,1.13
4yvi_C,2der_C,1.56
4yvi_C,3b0v_A,1.81
4yvi_C,4v5n_V,1.25
4yvi_C,2du4_C,1.76
4yvi_C,4yvj_C,1.14
4yvi_C,3b0v_B,1.81
4yvi_C,3j0p_Y,1.70
4yvi_C,5lmq_Z,1.09
4yvi_C,5j4d_N(MC),1.51
4yvi_C,2dxi_D,1.52
4yvi_C,4v5m_V,1.31
4yvi_C,5k0y_N,1.61
4yvi_C,2cv1_C,1.42
4yvi_C,5lzy_1(SA),2.08
4yvi_C,2cv2_C,1.44
4yvi_C,4v7c_V,1.38
4yvi_C,2du5_D,1.46
4yvi_C,3j7a_7,1.69
5j4d_D,4w29_C(GC),1.88
5j4d_D,5d8b_F(DD),1.41
5j4d_D,5lzs_i,1.84
5j4d_D,1zo3_B,1.47
5j4d_D,5lzs_2,1.46
5j4d_D,5AJ0_B,1.84
5j4d_D,5j4d_I(IA),1.72
5j4d_D,3epk_F,1.57
5j4d_D,3qsy_D
5j4d_D,3jce_6,1.94
5j4d_D,2der_D,1.54
5j4d_D,5d8b_X(XC),1.19
5j4d_D,3jce_8,1.45
5j4d_D,2d6f_F,1.87
5j4d_D,5d8b_B(BD),1.20
5j4d_D,4yye_C,1.42
5j4d_D,3epl_F,1.69
5j4d_D,4yye_D,1.71
5j4d_D,2dxi_C,1.72
5j4d_D,3jcj_v,1.83
5j4d_D,3eph_F,1.69
5j4d_D,2du3_D,1.58
5j4d_D,4ujd_B,1.65
5j4d_D,2cv0_D,1.88
5j4d_D,2cv1_D,1.81
5j4d_D,5lzy_1(TA),1.66
5j4d_D,2du6_D,1.51
5j4d_D,3j0o_W,1.50
5j4d_D,1wz2_C,1.59
5j4d_D,3j0q_W,1.50
5j4d_D,4ujc_A,1.65
5j4d_D,3jce_9
5j4d_D,4w29_C(FC),1.67
5j4d_D,3jcn_v,1.50
5j4d_D,2det_C,1.77
5j4d_D,2d6f_E,1.65
5j4d_D,4v4v_A,1.44
5j4d_D,2cv2_D,1.82
5j4d_D,4v9q_B,0.94
5j4d_D,3epk_E,1.68
5j4d_D,3j0p_W,1.50
5j4d_D,4yvk_C,1.67
5j4d_D,2der_C,1.89
5j4d_D,3b0v_A,1.11
5j4d_D,4v5n_V,1.37
5j4d_D,2du4_C,1.53
5j4d_D,4yvj_C,1.48
5j4d_D,3b0v_B,1.77
5j4d_D,3j0p_Y,1.23
5j4d_D,5lmq_Z,1.90
5j4d_D,5j4d_N(MC),1.79
5j4d_D,2dxi_D,1.83
5j4d_D,4v5m_V,1.50
5j4d_D,5k0y_N,2.16
5j4d_D,2cv1_C,1.74
5j4d_D,5lzy_1(SA),1.71
5j4d_D,2cv2_C,1.71
5j4d_D,4v7c_V,1.79
5j4d_D,2du5_D,1.91
5j4d_D,3j7a_7,1.91
4w29_C(GC),5d8b_F(DD),1.45
4w29_C(GC),5lzs_i,1.75
4w29_C(GC),1zo3_B,1.85
4w29_C(GC),5lzs_2,0.00
4w29_C(GC),5AJ0_B,1.27
4w29_C(GC),5j4d_I(IA),1.36
4w29_C(GC),3epk_F,1.23
4w29_C(GC),3qsy_D,0.00
4w29_C(GC),3jce_6,1.69
4w29_C(GC),2der_D,2.28
4w29_C(GC),5d8b_X(XC),2.01
4w29_C(GC),3jce_8,1.38
4w29_C(GC),2d6f_F,1.82
4w29_C(GC),5d8b_B(BD),2.08
4w29_C(GC),4yye_C,2.27
4w29_C(GC),3epl_F,1.20
4w29_C(GC),4yye_D,1.81
4w29_C(GC),2dxi_C,1.44
4w29_C(GC),3jcj_v,1.90
4w29_C(GC),3eph_F,1.37
4w29_C(GC),2du3_D,1.99
4w29_C(GC),4ujd_B,1.68
4w29_C(GC),2cv0_D,1.66
4w29_C(GC),2cv1_D,1.42
4w29_C(GC),5lzy_1(TA),1.49
4w29_C(GC),2du6_D,2.25
4w29_C(GC),3j0o_W,1.63
4w29_C(GC),1wz2_C,1.64
4w29_C(GC),3j0q_W,2.00
4w29_C(GC),4ujc_A,1.87
4w29_C(GC),3jce_9
4w29_C(GC),4w29_C(FC)
4w29_C(GC),3jcn_v,1.90
4w29_C(GC),2det_C,1.71
4w29_C(GC),2d6f_E,0.00
4w29_C(GC),4v4v_A,2.02
4w29_C(GC),2cv2_D,1.42
4w29_C(GC),4v9q_B,1.77
4w29_C(GC),3epk_E,1.38
4w29_C(GC),3j0p_W,2.00
4w29_C(GC),4yvk_C,1.29
4w29_C(GC),2der_C,1.56
4w29_C(GC),3b0v_A,1.31
4w29_C(GC),4v5n_V,1.73
4w29_C(GC),2du4_C,0.00
4w29_C(GC),4yvj_C,1.41
4w29_C(GC),3b0v_B,1.34
4w29_C(GC),3j0p_Y
4w29_C(GC),5lmq_Z
4w29_C(GC),5j4d_N(MC),1.36
4w29_C(GC),2dxi_D,1.44
4w29_C(GC),4v5m_V,2.00
4w29_C(GC),5k0y_N,1.43
4w29_C(GC),2cv1_C,1.44
4w29_C(GC),5lzy_1(SA),1.75
4w29_C(GC),2cv2_C,2.59
4w29_C(GC),4v7c_V,1.87
4w29_C(GC),2du5_D,2.03
4w29_C(GC),3j7a_7
5d8b_F(DD),5lzs_i,1.84
5d8b_F(DD),1zo3_B,1.56
5d8b_F(DD),5lzs_2,1.16
5d8b_F(DD),5AJ0_B,1.31
5d8b_F(DD),5j4d_I(IA),0.49
5d8b_F(DD),3epk_F,1.81
5d8b_F(DD),3qsy_D,1.26
5d8b_F(DD),3jce_6,1.81
5d8b_F(DD),2der_D,1.53
5d8b_F(DD),5d8b_X(XC),1.45
5d8b_F(DD),3jce_8,0.76
5d8b_F(DD),2d6f_F,1.72
5d8b_F(DD),5d8b_B(BD),1.45
5d8b_F(DD),4yye_C,1.42
5d8b_F(DD),3epl_F,1.46
5d8b_F(DD),4yye_D,1.65
5d8b_F(DD),2dxi_C,1.43
5d8b_F(DD),3jcj_v,1.87
5d8b_F(DD),3eph_F,1.45
5d8b_F(DD),2du3_D,1.46
5d8b_F(DD),4ujd_B,1.28
5d8b_F(DD),2cv0_D,1.65
5d8b_F(DD),2cv1_D,1.60
5d8b_F(DD),5lzy_1(TA),1.67
5d8b_F(DD),2du6_D,1.78
5d8b_F(DD),3j0o_W,1.38
5d8b_F(DD),1wz2_C,1.29
5d8b_F(DD),3j0q_W,1.22
5d8b_F(DD),4ujc_A,1.28
5d8b_F(DD),3jce_9
5d8b_F(DD),4w29_C(FC),1.60
5d8b_F(DD),3jcn_v,1.81
5d8b_F(DD),2det_C,1.73
5d8b_F(DD),2d6f_E,1.62
5d8b_F(DD),4v4v_A,1.49
5d8b_F(DD),2cv2_D,1.54
5d8b_F(DD),4v9q_B,1.44
5d8b_F(DD),3epk_E,1.61
5d8b_F(DD),3j0p_W,1.22
5d8b_F(DD),4yvk_C,1.84
5d8b_F(DD),2der_C,1.69
5d8b_F(DD),3b0v_A,1.82
5d8b_F(DD),4v5n_V,1.30
5d8b_F(DD),2du4_C,1.59
5d8b_F(DD),4yvj_C,1.61
5d8b_F(DD),3b0v_B,1.17
5d8b_F(DD),3j0p_Y,1.38
5d8b_F(DD),5lmq_Z,1.58
5d8b_F(DD),5j4d_N(MC),0.48
5d8b_F(DD),2dxi_D,1.60
5d8b_F(DD),4v5m_V,1.22
5d8b_F(DD),5k0y_N,1.61
5d8b_F(DD),2cv1_C,1.47
5d8b_F(DD),5lzy_1(SA),1.67
5d8b_F(DD),2cv2_C,1.45
5d8b_F(DD),4v7c_V,1.34
5d8b_F(DD),2du5_D,1.62
5d8b_F(DD),3j7a_7,1.65
5lzs_i,1zo3_B,1.71
5lzs_i,5lzs_2,1.54
5lzs_i,5AJ0_B,1.81
5lzs_i,5j4d_I(IA),1.85
5lzs_i,3epk_F,1.53
5lzs_i,3qsy_D,1.07
5lzs_i,3jce_6,1.60
5lzs_i,2der_D,1.74
5lzs_i,5d8b_X(XC),1.75
5lzs_i,3jce_8,1.61
5lzs_i,2d6f_F,1.95
5lzs_i,5d8b_B(BD),1.72
5lzs_i,4yye_C,1.53
5lzs_i,3epl_F,1.64
5lzs_i,4yye_D,1.64
5lzs_i,2dxi_C,1.63
5lzs_i,3jcj_v,1.83
5lzs_i,3eph_F,1.72
5lzs_i,2du3_D,1.64
5lzs_i,4ujd_B,1.52
5lzs_i,2cv0_D,1.65
5lzs_i,2cv1_D,1.65
5lzs_i,5lzy_1(TA),1.53
5lzs_i,2du6_D,1.75
5lzs_i,3j0o_W,1.69
5lzs_i,1wz2_C,1.59
5lzs_i,3j0q_W,1.66
5lzs_i,4ujc_A,1.79
5lzs_i,3jce_9
5lzs_i,4w29_C(FC),1.91
5lzs_i,3jcn_v,1.67
5lzs_i,2det_C,1.82
5lzs_i,2d6f_E,1.94
5lzs_i,4v4v_A,1.69
5lzs_i,2cv2_D,1.83
5lzs_i,4v9q_B,1.87
5lzs_i,3epk_E,1.64
5lzs_i,3j0p_W,1.66
5lzs_i,4yvk_C,1.75
5lzs_i,2der_C,1.68
5lzs_i,3b0v_A,1.47
5lzs_i,4v5n_V,1.34
5lzs_i,2du4_C,1.83
5lzs_i,4yvj_C,1.75
5lzs_i,3b0v_B,1.48
5lzs_i,3j0p_Y,1.51
5lzs_i,5lmq_Z,2.20
5lzs_i,5j4d_N(MC),1.85
5lzs_i,2dxi_D,1.81
5lzs_i,4v5m_V,1.66
5lzs_i,5k0y_N,1.93
5lzs_i,2cv1_C,1.67
5lzs_i,5lzy_1(SA),1.79
5lzs_i,2cv2_C,1.70
5lzs_i,4v7c_V,1.88
5lzs_i,2du5_D,1.70
5lzs_i,3j7a_7,1.84
1zo3_B,5lzs_2,1.86
1zo3_B,5AJ0_B,1.55
1zo3_B,5j4d_I(IA),1.42
1zo3_B,3epk_F,1.32
1zo3_B,3qsy_D,2.02
1zo3_B,3jce_6,1.74
1zo3_B,2der_D,1.54
1zo3_B,5d8b_X(XC),1.49
1zo3_B,3jce_8,1.80
1zo3_B,2d6f_F,1.71
1zo3_B,5d8b_B(BD),2.05
1zo3_B,4yye_C,1.92
1zo3_B,3epl_F,1.88
1zo3_B,4yye_D,1.66
1zo3_B,2dxi_C,1.59
1zo3_B,3jcj_v,1.22
1zo3_B,3eph_F,1.44
1zo3_B,2du3_D,1.70
1zo3_B,4ujd_B,1.63
1zo3_B,2cv0_D,1.61
1zo3_B,2cv1_D,1.60
1zo3_B,5lzy_1(TA),1.56
1zo3_B,2du6_D,1.69
1zo3_B,3j0o_W,1.25
1zo3_B,1wz2_C,1.37
1zo3_B,3j0q_W,1.60
1zo3_B,4ujc_A,1.63
1zo3_B,3jce_9
1zo3_B,4w29_C(FC),1.28
1zo3_B,3jcn_v,1.22
1zo3_B,2det_C,1.82
1zo3_B,2d6f_E,1.76
1zo3_B,4v4v_A,0.59
1zo3_B,2cv2_D,1.61
1zo3_B,4v9q_B,1.24
1zo3_B,3epk_E,1.65
1zo3_B,3j0p_W,1.59
1zo3_B,4yvk_C,1.67
1zo3_B,2der_C,1.50
1zo3_B,3b0v_A,1.39
1zo3_B,4v5n_V,1.63
1zo3_B,2du4_C,1.75
1zo3_B,4yvj_C,1.70
1zo3_B,3b0v_B
1zo3_B,3j0p_Y,1.79
1zo3_B,5lmq_Z,1.81
1zo3_B,5j4d_N(MC),1.42
1zo3_B,2dxi_D,1.63
1zo3_B,4v5m_V,1.60
1zo3_B,5k0y_N,1.86
1zo3_B,2cv1_C,1.71
1zo3_B,5lzy_1(SA),1.83
1zo3_B,2cv2_C,1.52
1zo3_B,4v7c_V
1zo3_B,2du5_D,1.68
1zo3_B,3j7a_7,1.19
3ep2_Y,5lzs_2
3ep2_Y,5AJ0_B
3ep2_Y,5j4d_I(IA)
3ep2_Y,3epk_F
3ep2_Y,3qsy_D
3ep2_Y,3jce_6
3ep2_Y,2der_D
3ep2_Y,5d8b_X(XC)
3ep2_Y,3jce_8
3ep2_Y,2d6f_F
3ep2_Y,5d8b_B(BD)
3ep2_Y,4yye_C
3ep2_Y,3epl_F
3ep2_Y,4yye_D
3ep2_Y,2dxi_C
3ep2_Y,3jcj_v
3ep2_Y,3eph_F
3ep2_Y,2du3_D
3ep2_Y,4ujd_B
3ep2_Y,2cv0_D
3ep2_Y,2cv1_D
3ep2_Y,5lzy_1(TA)
3ep2_Y,2du6_D
3ep2_Y,3j0o_W
3ep2_Y,1wz2_C
3ep2_Y,3j0q_W
3ep2_Y,4ujc_A
3ep2_Y,3jce_9
3ep2_Y,4w29_C(FC)
3ep2_Y,3jcn_v
3ep2_Y,2det_C
3ep2_Y,2d6f_E
3ep2_Y,4v4v_A
3ep2_Y,2cv2_D
3ep2_Y,4v9q_B
3ep2_Y,3epk_E
3ep2_Y,3j0p_W
3ep2_Y,4yvk_C
3ep2_Y,2der_C
3ep2_Y,3b0v_A
3ep2_Y,4v5n_V
3ep2_Y,2du4_C
3ep2_Y,4yvj_C
3ep2_Y,3b0v_B
3ep2_Y,3j0p_Y
3ep2_Y,5lmq_Z
3ep2_Y,5j4d_N(MC)
3ep2_Y,2dxi_D
3ep2_Y,4v5m_V
3ep2_Y,5k0y_N
3ep2_Y,2cv1_C
3ep2_Y,5lzy_1(SA)
3ep2_Y,2cv2_C
3ep2_Y,4v7c_V
3ep2_Y,2du5_D
3ep2_Y,3j7a_7
5lzs_2,5AJ0_B,1.03
5lzs_2,5j4d_I(IA),1.05
5lzs_2,3epk_F,1.40
5lzs_2,3qsy_D
5lzs_2,3jce_6,1.67
5lzs_2,2der_D,1.88
5lzs_2,5d8b_X(XC),1.60
5lzs_2,3jce_8,1.34
5lzs_2,2d6f_F,1.75
5lzs_2,5d8b_B(BD),1.60
5lzs_2,4yye_C,1.77
5lzs_2,3epl_F,1.23
5lzs_2,4yye_D,1.64
5lzs_2,2dxi_C,1.68
5lzs_2,3jcj_v,1.45
5lzs_2,3eph_F,1.36
5lzs_2,2du3_D,1.47
5lzs_2,4ujd_B,1.45
5lzs_2,2cv0_D,1.42
5lzs_2,2cv1_D,1.48
5lzs_2,5lzy_1(TA),1.35
5lzs_2,2du6_D,1.76
5lzs_2,3j0o_W,1.82
5lzs_2,1wz2_C,1.45
5lzs_2,3j0q_W,1.81
5lzs_2,4ujc_A,1.45
5lzs_2,3jce_9
5lzs_2,4w29_C(FC),1.81
5lzs_2,3jcn_v,1.45
5lzs_2,2det_C,1.77
5lzs_2,2d6f_E,1.28
5lzs_2,4v4v_A,1.81
5lzs_2,2cv2_D,1.66
5lzs_2,4v9q_B,1.41
5lzs_2,3epk_E,1.28
5lzs_2,3j0p_W,1.81
5lzs_2,4yvk_C,1.58
5lzs_2,2der_C,1.42
5lzs_2,3b0v_A,1.65
5lzs_2,4v5n_V,1.31
5lzs_2,2du4_C,1.50
5lzs_2,4yvj_C,1.76
5lzs_2,3b0v_B,1.65
5lzs_2,3j0p_Y,1.58
5lzs_2,5lmq_Z,1.74
5lzs_2,5j4d_N(MC),1.06
5lzs_2,2dxi_D,1.76
5lzs_2,4v5m_V,1.81
5lzs_2,5k0y_N,1.53
5lzs_2,2cv1_C,1.69
5lzs_2,5lzy_1(SA),1.25
5lzs_2,2cv2_C,1.44
5lzs_2,4v7c_V,1.59
5lzs_2,2du5_D,1.61
5lzs_2,3j7a_7,1.65
5AJ0_B,5j4d_I(IA),1.29
5AJ0_B,3epk_F,1.20
5AJ0_B,3qsy_D,1.45
5AJ0_B,3jce_6,1.33
5AJ0_B,2der_D,1.59
5AJ0_B,5d8b_X(XC),1.85
5AJ0_B,3jce_8,1.53
5AJ0_B,2d6f_F,1.65
5AJ0_B,5d8b_B(BD),1.85
5AJ0_B,4yye_C,1.92
5AJ0_B,3epl_F,1.34
5AJ0_B,4yye_D,1.79
5AJ0_B,2dxi_C,1.64
5AJ0_B,3jcj_v,1.95
5AJ0_B,3eph_F,1.51
5AJ0_B,2du3_D,1.45
5AJ0_B,4ujd_B,1.55
5AJ0_B,2cv0_D,1.62
5AJ0_B,2cv1_D,1.65
5AJ0_B,5lzy_1(TA),1.84
5AJ0_B,2du6_D,1.86
5AJ0_B,3j0o_W,1.44
5AJ0_B,1wz2_C,1.50
5AJ0_B,3j0q_W,1.78
5AJ0_B,4ujc_A,1.55
5AJ0_B,3jce_9,1.61
5AJ0_B,4w29_C(FC),1.49
5AJ0_B,3jcn_v,1.84
5AJ0_B,2det_C,1.29
5AJ0_B,2d6f_E,1.65
5AJ0_B,4v4v_A,1.57
5AJ0_B,2cv2_D,1.20
5AJ0_B,4v9q_B,1.74
5AJ0_B,3epk_E,1.44
5AJ0_B,3j0p_W,1.78
5AJ0_B,4yvk_C,1.85
5AJ0_B,2der_C,1.52
5AJ0_B,3b0v_A,1.81
5AJ0_B,4v5n_V,1.48
5AJ0_B,2du4_C,1.42
5AJ0_B,4yvj_C,1.70
5AJ0_B,3b0v_B,1.82
5AJ0_B,3j0p_Y,1.90
5AJ0_B,5lmq_Z,1.73
5AJ0_B,5j4d_N(MC),1.30
5AJ0_B,2dxi_D,1.71
5AJ0_B,4v5m_V,1.78
5AJ0_B,5k0y_N,1.54
5AJ0_B,2cv1_C,1.48
5AJ0_B,5lzy_1(SA),1.59
5AJ0_B,2cv2_C,1.30
5AJ0_B,4v7c_V,1.62
5AJ0_B,2du5_D,1.76
5AJ0_B,3j7a_7,1.35
5j4d_I(IA),3epk_F,1.41
5j4d_I(IA),3qsy_D
5j4d_I(IA),3jce_6,1.64
5j4d_I(IA),2der_D,1.53
5j4d_I(IA),5d8b_X(XC),1.59
5j4d_I(IA),3jce_8,0.82
5j4d_I(IA),2d6f_F,1.71
5j4d_I(IA),5d8b_B(BD),1.59
5j4d_I(IA),4yye_C,1.75
5j4d_I(IA),3epl_F,1.42
5j4d_I(IA),4yye_D,1.76
5j4d_I(IA),2dxi_C,1.37
5j4d_I(IA),3jcj_v,1.96
5j4d_I(IA),3eph_F,1.42
5j4d_I(IA),2du3_D,1.51
5j4d_I(IA),4ujd_B,1.38
5j4d_I(IA),2cv0_D,1.53
5j4d_I(IA),2cv1_D,1.52
5j4d_I(IA),5lzy_1(TA),1.75
5j4d_I(IA),2du6_D,1.70
5j4d_I(IA),3j0o_W,1.45
5j4d_I(IA),1wz2_C,1.54
5j4d_I(IA),3j0q_W,1.14
5j4d_I(IA),4ujc_A,1.38
5j4d_I(IA),3jce_9
5j4d_I(IA),4w29_C(FC),1.57
5j4d_I(IA),3jcn_v,2.06
5j4d_I(IA),2det_C,1.98
5j4d_I(IA),2d6f_E,1.49
5j4d_I(IA),4v4v_A,1.42
5j4d_I(IA),2cv2_D,1.44
5j4d_I(IA),4v9q_B,1.30
5j4d_I(IA),3epk_E,1.46
5j4d_I(IA),3j0p_W,1.14
5j4d_I(IA),4yvk_C,1.87
5j4d_I(IA),2der_C,1.62
5j4d_I(IA),3b0v_A,1.77
5j4d_I(IA),4v5n_V,1.88
5j4d_I(IA),2du4_C,1.45
5j4d_I(IA),4yvj_C,1.61
5j4d_I(IA),3b0v_B,1.78
5j4d_I(IA),3j0p_Y,1.39
5j4d_I(IA),5lmq_Z,1.68
5j4d_I(IA),5j4d_N(MC),0.05
5j4d_I(IA),2dxi_D,1.43
5j4d_I(IA),4v5m_V,1.14
5j4d_I(IA),5k0y_N,1.58
5j4d_I(IA),2cv1_C,1.45
5j4d_I(IA),5lzy_1(SA),1.78
5j4d_I(IA),2cv2_C,1.39
5j4d_I(IA),4v7c_V,1.52
5j4d_I(IA),2du5_D,1.63
5j4d_I(IA),3j7a_7,1.44
3epk_F,3qsy_D
3epk_F,3jce_6,1.74
3epk_F,2der_D,1.52
3epk_F,5d8b_X(XC),1.49
3epk_F,3jce_8,1.51
3epk_F,2d6f_F,1.41
3epk_F,5d8b_B(BD),1.49
3epk_F,4yye_C,1.59
3epk_F,3epl_F,0.76
3epk_F,4yye_D,1.49
3epk_F,2dxi_C,1.80
3epk_F,3jcj_v,1.24
3epk_F,3eph_F,0.48
3epk_F,2du3_D,1.61
3epk_F,4ujd_B,1.38
3epk_F,2cv0_D,1.78
3epk_F,2cv1_D,1.73
3epk_F,5lzy_1(TA)
3epk_F,2du6_D,1.83
3epk_F,3j0o_W,1.50
3epk_F,1wz2_C,1.59
3epk_F,3j0q_W,1.55
3epk_F,4ujc_A,1.94
3epk_F,3jce_9
3epk_F,4w29_C(FC),2.29
3epk_F,3jcn_v,1.24
3epk_F,2det_C,1.77
3epk_F,2d6f_E,1.53
3epk_F,4v4v_A,1.29
3epk_F,2cv2_D,1.73
3epk_F,4v9q_B,1.75
3epk_F,3epk_E,1.33
3epk_F,3j0p_W,1.55
3epk_F,4yvk_C,1.59
3epk_F,2der_C,1.57
3epk_F,3b0v_A,1.32
3epk_F,4v5n_V,1.21
3epk_F,2du4_C,1.54
3epk_F,4yvj_C,1.60
3epk_F,3b0v_B,1.82
3epk_F,3j0p_Y
3epk_F,5lmq_Z,1.77
3epk_F,5j4d_N(MC),1.41
3epk_F,2dxi_D,1.72
3epk_F,4v5m_V,1.55
3epk_F,5k0y_N,1.60
3epk_F,2cv1_C,1.71
3epk_F,5lzy_1(SA)
3epk_F,2cv2_C,1.75
3epk_F,4v7c_V
3epk_F,2du5_D,1.79
3epk_F,3j7a_7,1.34
3qsy_D,3jce_6
3qsy_D,2der_D,1.26
3qsy_D,5d8b_X(XC)
3qsy_D,3jce_8
3qsy_D,2d6f_F,1.42
3qsy_D,5d8b_B(BD)
3qsy_D,4yye_C
3qsy_D,3epl_F
3qsy_D,4yye_D
3qsy_D,2dxi_C
3qsy_D,3jcj_v
3qsy_D,3eph_F,1.67
3qsy_D,2du3_D,1.27
3qsy_D,4ujd_B,1.56
3qsy_D,2cv0_D
3qsy_D,2cv1_D
3qsy_D,5lzy_1(TA)
3qsy_D,2du6_D
3qsy_D,3j0o_W,1.62
3qsy_D,1wz2_C
3qsy_D,3j0q_W
3qsy_D,4ujc_A,2.37
3qsy_D,3jce_9
3qsy_D,4w29_C(FC)
3qsy_D,3jcn_v
3qsy_D,2det_C,1.90
3qsy_D,2d6f_E,1.26
3qsy_D,4v4v_A,1.75
3qsy_D,2cv2_D
3qsy_D,4v9q_B,1.14
3qsy_D,3epk_E
3qsy_D,3j0p_W
3qsy_D,4yvk_C,1.62
3qsy_D,2der_C
3qsy_D,3b0v_A,1.45
3qsy_D,4v5n_V
3qsy_D,2du4_C
3qsy_D,4yvj_C,1.59
3qsy_D,3b0v_B,1.46
3qsy_D,3j0p_Y,1.74
3qsy_D,5lmq_Z,2.19
3qsy_D,5j4d_N(MC)
3qsy_D,2dxi_D,1.15
3qsy_D,4v5m_V
3qsy_D,5k0y_N
3qsy_D,2cv1_C,1.42
3qsy_D,5lzy_1(SA),1.59
3qsy_D,2cv2_C
3qsy_D,4v7c_V,1.67
3qsy_D,2du5_D
3qsy_D,3j7a_7,1.41
3jce_6,2der_D,1.85
3jce_6,5d8b_X(XC),1.91
3jce_6,3jce_8,1.33
3jce_6,2d6f_F,1.77
3jce_6,5d8b_B(BD),1.79
3jce_6,4yye_C,1.45
3jce_6,3epl_F,1.71
3jce_6,4yye_D,1.76
3jce_6,2dxi_C,1.70
3jce_6,3jcj_v,1.33
3jce_6,3eph_F,1.80
3jce_6,2du3_D,1.63
3jce_6,4ujd_B,1.48
3jce_6,2cv0_D,1.82
3jce_6,2cv1_D,1.85
3jce_6,5lzy_1(TA),1.60
3jce_6,2du6_D,1.56
3jce_6,3j0o_W,1.72
3jce_6,1wz2_C,2.01
3jce_6,3j0q_W,1.72
3jce_6,4ujc_A,1.37
3jce_6,3jce_9
3jce_6,4w29_C(FC),1.28
3jce_6,3jcn_v,2.34
3jce_6,2det_C,1.57
3jce_6,2d6f_E,1.45
3jce_6,4v4v_A,1.78
3jce_6,2cv2_D,1.82
3jce_6,4v9q_B,1.90
3jce_6,3epk_E,1.88
3jce_6,3j0p_W,1.72
3jce_6,4yvk_C,1.90
3jce_6,2der_C,1.92
3jce_6,3b0v_A,1.21
3jce_6,4v5n_V,1.90
3jce_6,2du4_C,1.52
3jce_6,4yvj_C,1.77
3jce_6,3b0v_B,1.22
3jce_6,3j0p_Y,0.97
3jce_6,5lmq_Z,1.42
3jce_6,5j4d_N(MC),1.64
3jce_6,2dxi_D,1.82
3jce_6,4v5m_V,1.72
3jce_6,5k0y_N,1.60
3jce_6,2cv1_C,1.87
3jce_6,5lzy_1(SA),1.24
3jce_6,2cv2_C,1.80
3jce_6,4v7c_V,1.51
3jce_6,2du5_D,1.67
3jce_6,3j7a_7,1.77
2der_D,5d8b_X(XC),1.64
2der_D,3jce_8,1.95
2der_D,2d6f_F,1.84
2der_D,5d8b_B(BD),1.64
2der_D,4yye_C,1.67
2der_D,3epl_F,1.55
2der_D,4yye_D,1.49
2der_D,2dxi_C,1.71
2der_D,3jcj_v,1.57
2der_D,3eph_F,1.56
2der_D,2du3_D,1.83
2der_D,4ujd_B,1.80
2der_D,2cv0_D,1.70
2der_D,2cv1_D,1.79
2der_D,5lzy_1(TA),1.41
2der_D,2du6_D,1.85
2der_D,3j0o_W,1.75
2der_D,1wz2_C,1.66
2der_D,3j0q_W,1.66
2der_D,4ujc_A,1.80
2der_D,3jce_9,1.11
2der_D,4w29_C(FC),1.64
2der_D,3jcn_v,1.57
2der_D,2det_C,1.35
2der_D,2d6f_E,1.72
2der_D,4v4v_A,1.55
2der_D,2cv2_D,1.72
2der_D,4v9q_B,1.56
2der_D,3epk_E,1.49
2der_D,3j0p_W,1.66
2der_D,4yvk_C,1.76
2der_D,2der_C,0.62
2der_D,3b0v_A,1.67
2der_D,4v5n_V,1.54
2der_D,2du4_C,1.78
2der_D,4yvj_C,1.69
2der_D,3b0v_B,1.82
2der_D,3j0p_Y,1.58
2der_D,5lmq_Z,2.06
2der_D,5j4d_N(MC),1.53
2der_D,2dxi_D,1.58
2der_D,4v5m_V,1.66
2der_D,5k0y_N,1.70
2der_D,2cv1_C,1.62
2der_D,5lzy_1(SA),2.00
2der_D,2cv2_C,1.64
2der_D,4v7c_V,1.69
2der_D,2du5_D,1.90
2der_D,3j7a_7,1.67
5d8b_X(XC),3jce_8,2.00
5d8b_X(XC),2d6f_F,1.63
5d8b_X(XC),5d8b_B(BD),0.03
5d8b_X(XC),4yye_C,1.49
5d8b_X(XC),3epl_F,1.75
5d8b_X(XC),4yye_D,1.65
5d8b_X(XC),2dxi_C,1.83
5d8b_X(XC),3jcj_v,1.60
5d8b_X(XC),3eph_F,1.76
5d8b_X(XC),2du3_D,1.70
5d8b_X(XC),4ujd_B,1.93
5d8b_X(XC),2cv0_D,1.92
5d8b_X(XC),2cv1_D,1.82
5d8b_X(XC),5lzy_1(TA),1.72
5d8b_X(XC),2du6_D,1.67
5d8b_X(XC),3j0o_W,1.49
5d8b_X(XC),1wz2_C,1.74
5d8b_X(XC),3j0q_W,1.47
5d8b_X(XC),4ujc_A,2.00
5d8b_X(XC),3jce_9
5d8b_X(XC),4w29_C(FC),1.55
5d8b_X(XC),3jcn_v,1.60
5d8b_X(XC),2det_C,1.92
5d8b_X(XC),2d6f_E,1.61
5d8b_X(XC),4v4v_A,1.51
5d8b_X(XC),2cv2_D,1.92
5d8b_X(XC),4v9q_B,0.97
5d8b_X(XC),3epk_E,1.66
5d8b_X(XC),3j0p_W,1.47
5d8b_X(XC),4yvk_C,1.51
5d8b_X(XC),2der_C,1.82
5d8b_X(XC),3b0v_A,1.66
5d8b_X(XC),4v5n_V,1.51
5d8b_X(XC),2du4_C,1.59
5d8b_X(XC),4yvj_C,1.45
5d8b_X(XC),3b0v_B,1.67
5d8b_X(XC),3j0p_Y,1.76
5d8b_X(XC),5lmq_Z,1.79
5d8b_X(XC),5j4d_N(MC),1.60
5d8b_X(XC),2dxi_D,1.81
5d8b_X(XC),4v5m_V,1.47
5d8b_X(XC),5k0y_N,1.68
5d8b_X(XC),2cv1_C,1.95
5d8b_X(XC),5lzy_1(SA),1.72
5d8b_X(XC),2cv2_C,1.91
5d8b_X(XC),4v7c_V,1.72
5d8b_X(XC),2du5_D,1.78
5d8b_X(XC),3j7a_7,1.81
3jce_8,2d6f_F,1.62
3jce_8,5d8b_B(BD),2.00
3jce_8,4yye_C,1.73
3jce_8,3epl_F,1.62
3jce_8,4yye_D,1.37
3jce_8,2dxi_C,1.69
3jce_8,3jcj_v,1.91
3jce_8,3eph_F,1.48
3jce_8,2du3_D,1.69
3jce_8,4ujd_B,1.67
3jce_8,2cv0_D,1.34
3jce_8,2cv1_D,1.47
3jce_8,5lzy_1(TA),1.63
3jce_8,2du6_D,1.79
3jce_8,3j0o_W,1.72
3jce_8,1wz2_C,1.33
3jce_8,3j0q_W,1.44
3jce_8,4ujc_A,2.03
3jce_8,3jce_9
3jce_8,4w29_C(FC),1.50
3jce_8,3jcn_v,1.82
3jce_8,2det_C,1.60
3jce_8,2d6f_E,1.36
3jce_8,4v4v_A,1.42
3jce_8,2cv2_D,1.53
3jce_8,4v9q_B,1.41
3jce_8,3epk_E,1.70
3jce_8,3j0p_W,1.44
3jce_8,4yvk_C,1.22
3jce_8,2der_C,1.95
3jce_8,3b0v_A,1.21
3jce_8,4v5n_V,1.43
3jce_8,2du4_C,1.57
3jce_8,4yvj_C,1.59
3jce_8,3b0v_B,1.21
3jce_8,3j0p_Y,1.66
3jce_8,5lmq_Z,1.80
3jce_8,5j4d_N(MC),0.83
3jce_8,2dxi_D,1.51
3jce_8,4v5m_V,1.44
3jce_8,5k0y_N,1.51
3jce_8,2cv1_C,1.65
3jce_8,5lzy_1(SA),1.66
3jce_8,2cv2_C,1.37
3jce_8,4v7c_V,1.38
3jce_8,2du5_D,1.75
3jce_8,3j7a_7,1.42
2d6f_F,5d8b_B(BD),1.62
2d6f_F,4yye_C,1.74
2d6f_F,3epl_F,1.53
2d6f_F,4yye_D,1.78
2d6f_F,2dxi_C,1.83
2d6f_F,3jcj_v,1.80
2d6f_F,3eph_F,1.85
2d6f_F,2du3_D,1.73
2d6f_F,4ujd_B,1.64
2d6f_F,2cv0_D,1.90
2d6f_F,2cv1_D,1.88
2d6f_F,5lzy_1(TA),1.93
2d6f_F,2du6_D,1.74
2d6f_F,3j0o_W,1.78
2d6f_F,1wz2_C,1.58
2d6f_F,3j0q_W,1.75
2d6f_F,4ujc_A,1.64
2d6f_F,3jce_9,1.68
2d6f_F,4w29_C(FC),2.18
2d6f_F,3jcn_v,1.80
2d6f_F,2det_C,1.74
2d6f_F,2d6f_E,1.56
2d6f_F,4v4v_A,1.78
2d6f_F,2cv2_D,1.77
2d6f_F,4v9q_B,1.67
2d6f_F,3epk_E,1.84
2d6f_F,3j0p_W,1.75
2d6f_F,4yvk_C,1.92
2d6f_F,2der_C,2.10
2d6f_F,3b0v_A,1.88
2d6f_F,4v5n_V,1.65
2d6f_F,2du4_C,1.71
2d6f_F,4yvj_C,1.67
2d6f_F,3b0v_B,1.81
2d6f_F,3j0p_Y,1.68
2d6f_F,5lmq_Z,1.83
2d6f_F,5j4d_N(MC),1.72
2d6f_F,2dxi_D,2.02
2d6f_F,4v5m_V,1.75
2d6f_F,5k0y_N,1.96
2d6f_F,2cv1_C,1.89
2d6f_F,5lzy_1(SA),1.63
2d6f_F,2cv2_C,1.81
2d6f_F,4v7c_V,1.62
2d6f_F,2du5_D,1.63
2d6f_F,3j7a_7,1.97
5d8b_B(BD),4yye_C,1.49
5d8b_B(BD),3epl_F,1.75
5d8b_B(BD),4yye_D,1.65
5d8b_B(BD),2dxi_C,1.82
5d8b_B(BD),3jcj_v,1.60
5d8b_B(BD),3eph_F,1.76
5d8b_B(BD),2du3_D,1.70
5d8b_B(BD),4ujd_B,1.61
5d8b_B(BD),2cv0_D,1.84
5d8b_B(BD),2cv1_D,1.81
5d8b_B(BD),5lzy_1(TA),1.72
5d8b_B(BD),2du6_D,1.80
5d8b_B(BD),3j0o_W,1.49
5d8b_B(BD),1wz2_C,1.72
5d8b_B(BD),3j0q_W,1.47
5d8b_B(BD),4ujc_A,2.01
5d8b_B(BD),3jce_9
5d8b_B(BD),4w29_C(FC),1.66
5d8b_B(BD),3jcn_v,1.60
5d8b_B(BD),2det_C,1.72
5d8b_B(BD),2d6f_E,1.60
5d8b_B(BD),4v4v_A,1.51
5d8b_B(BD),2cv2_D,1.91
5d8b_B(BD),4v9q_B,0.98
5d8b_B(BD),3epk_E,1.66
5d8b_B(BD),3j0p_W,1.47
5d8b_B(BD),4yvk_C,1.51
5d8b_B(BD),2der_C,1.62
5d8b_B(BD),3b0v_A,1.67
5d8b_B(BD),4v5n_V,1.50
5d8b_B(BD),2du4_C,1.57
5d8b_B(BD),4yvj_C,1.45
5d8b_B(BD),3b0v_B,1.67
5d8b_B(BD),3j0p_Y,1.76
5d8b_B(BD),5lmq_Z,1.79
5d8b_B(BD),5j4d_N(MC),1.60
5d8b_B(BD),2dxi_D,1.80
5d8b_B(BD),4v5m_V,1.47
5d8b_B(BD),5k0y_N,1.68
5d8b_B(BD),2cv1_C,1.94
5d8b_B(BD),5lzy_1(SA),1.76
5d8b_B(BD),2cv2_C,1.90
5d8b_B(BD),4v7c_V,1.72
5d8b_B(BD),2du5_D,1.78
5d8b_B(BD),3j7a_7,1.81
4yye_C,3epl_F,1.72
4yye_C,4yye_D,0.81
4yye_C,2dxi_C,1.99
4yye_C,3jcj_v,1.60
4yye_C,3eph_F,1.89
4yye_C,2du3_D,1.89
4yye_C,4ujd_B,1.70
4yye_C,2cv0_D,1.92
4yye_C,2cv1_D,1.90
4yye_C,5lzy_1(TA),1.50
4yye_C,2du6_D,1.83
4yye_C,3j0o_W,1.37
4yye_C,1wz2_C,1.36
4yye_C,3j0q_W,1.81
4yye_C,4ujc_A,1.70
4yye_C,3jce_9
4yye_C,4w29_C(FC),2.31
4yye_C,3jcn_v,1.60
4yye_C,2det_C,1.41
4yye_C,2d6f_E,1.84
4yye_C,4v4v_A,1.62
4yye_C,2cv2_D,1.82
4yye_C,4v9q_B,1.40
4yye_C,3epk_E,1.60
4yye_C,3j0p_W,1.81
4yye_C,4yvk_C,1.50
4yye_C,2der_C,1.60
4yye_C,3b0v_A,1.24
4yye_C,4v5n_V,1.73
4yye_C,2du4_C,1.39
4yye_C,4yvj_C,1.52
4yye_C,3b0v_B,2.02
4yye_C,3j0p_Y,1.44
4yye_C,5lmq_Z,1.73
4yye_C,5j4d_N(MC),1.75
4yye_C,2dxi_D,1.92
4yye_C,4v5m_V,1.81
4yye_C,5k0y_N,1.72
4yye_C,2cv1_C,1.87
4yye_C,5lzy_1(SA),1.50
4yye_C,2cv2_C,1.86
4yye_C,4v7c_V,1.75
4yye_C,2du5_D,2.01
4yye_C,3j7a_7,1.86
3epl_F,4yye_D,2.02
3epl_F,2dxi_C,1.68
3epl_F,3jcj_v,1.41
3epl_F,3eph_F,0.79
3epl_F,2du3_D,1.53
3epl_F,4ujd_B,1.58
3epl_F,2cv0_D,1.60
3epl_F,2cv1_D,1.61
3epl_F,5lzy_1(TA),1.31
3epl_F,2du6_D,1.69
3epl_F,3j0o_W,1.70
3epl_F,1wz2_C,1.43
3epl_F,3j0q_W,1.54
3epl_F,4ujc_A,1.58
3epl_F,3jce_9
3epl_F,4w29_C(FC),1.47
3epl_F,3jcn_v,1.41
3epl_F,2det_C,1.96
3epl_F,2d6f_E,1.53
3epl_F,4v4v_A,1.40
3epl_F,2cv2_D,1.57
3epl_F,4v9q_B,1.78
3epl_F,3epk_E,1.28
3epl_F,3j0p_W,1.54
3epl_F,4yvk_C,1.28
3epl_F,2der_C,1.52
3epl_F,3b0v_A,1.62
3epl_F,4v5n_V,1.49
3epl_F,2du4_C,1.53
3epl_F,4yvj_C,1.86
3epl_F,3b0v_B,1.67
3epl_F,3j0p_Y,1.42
3epl_F,5lmq_Z,1.93
3epl_F,5j4d_N(MC),1.42
3epl_F,2dxi_D,1.58
3epl_F,4v5m_V,1.54
3epl_F,5k0y_N,1.77
3epl_F,2cv1_C,1.57
3epl_F,5lzy_1(SA),2.34
3epl_F,2cv2_C,1.68
3epl_F,4v7c_V,1.72
3epl_F,2du5_D,1.74
3epl_F,3j7a_7,1.41
4yye_D,2dxi_C,1.70
4yye_D,3jcj_v,1.63
4yye_D,3eph_F,1.78
4yye_D,2du3_D,2.02
4yye_D,4ujd_B,1.64
4yye_D,2cv0_D,1.69
4yye_D,2cv1_D,1.84
4yye_D,5lzy_1(TA),1.55
4yye_D,2du6_D,1.73
4yye_D,3j0o_W,1.34
4yye_D,1wz2_C,1.41
4yye_D,3j0q_W,1.85
4yye_D,4ujc_A,1.84
4yye_D,3jce_9
4yye_D,4w29_C(FC),1.63
4yye_D,3jcn_v,1.63
4yye_D,2det_C,1.38
4yye_D,2d6f_E,1.78
4yye_D,4v4v_A,1.67
4yye_D,2cv2_D,1.83
4yye_D,4v9q_B,1.71
4yye_D,3epk_E,1.65
4yye_D,3j0p_W,1.85
4yye_D,4yvk_C,1.51
4yye_D,2der_C,1.45
4yye_D,3b0v_A,1.65
4yye_D,4v5n_V,1.68
4yye_D,2du4_C,1.88
4yye_D,4yvj_C,1.49
4yye_D,3b0v_B,1.71
4yye_D,3j0p_Y,1.58
4yye_D,5lmq_Z,1.85
4yye_D,5j4d_N(MC),1.81
4yye_D,2dxi_D,1.89
4yye_D,4v5m_V,1.85
4yye_D,5k0y_N,1.73
4yye_D,2cv1_C,1.64
4yye_D,5lzy_1(SA),1.27
4yye_D,2cv2_C,1.56
4yye_D,4v7c_V,1.81
4yye_D,2du5_D,1.62
4yye_D,3j7a_7,1.75
2dxi_C,3jcj_v,1.23
2dxi_C,3eph_F,1.63
2dxi_C,2du3_D,1.89
2dxi_C,4ujd_B,1.65
2dxi_C,2cv0_D,0.67
2dxi_C,2cv1_D,0.96
2dxi_C,5lzy_1(TA),1.91
2dxi_C,2du6_D,1.92
2dxi_C,3j0o_W,1.85
2dxi_C,1wz2_C,1.77
2dxi_C,3j0q_W,1.50
2dxi_C,4ujc_A,1.65
2dxi_C,3jce_9
2dxi_C,4w29_C(FC),1.32
2dxi_C,3jcn_v,1.23
2dxi_C,2det_C,1.50
2dxi_C,2d6f_E,1.69
2dxi_C,4v4v_A,1.46
2dxi_C,2cv2_D,0.91
2dxi_C,4v9q_B,1.86
2dxi_C,3epk_E,1.73
2dxi_C,3j0p_W,1.50
2dxi_C,4yvk_C,1.52
2dxi_C,2der_C,1.59
2dxi_C,3b0v_A,1.81
2dxi_C,4v5n_V,1.47
2dxi_C,2du4_C,1.79
2dxi_C,4yvj_C,1.53
2dxi_C,3b0v_B,1.93
2dxi_C,3j0p_Y,1.48
2dxi_C,5lmq_Z,1.83
2dxi_C,5j4d_N(MC),1.39
2dxi_C,2dxi_D,0.56
2dxi_C,4v5m_V,1.50
2dxi_C,5k0y_N,1.85
2dxi_C,2cv1_C,0.35
2dxi_C,5lzy_1(SA),1.83
2dxi_C,2cv2_C,0.59
2dxi_C,4v7c_V,1.59
2dxi_C,2du5_D,1.86
2dxi_C,3j7a_7,1.57
3jcj_v,3eph_F,1.79
3jcj_v,2du3_D,1.60
3jcj_v,4ujd_B,1.64
3jcj_v,2cv0_D,1.37
3jcj_v,2cv1_D,1.37
3jcj_v,5lzy_1(TA),2.04
3jcj_v,2du6_D,1.98
3jcj_v,3j0o_W,1.88
3jcj_v,1wz2_C,1.36
3jcj_v,3j0q_W,1.18
3jcj_v,4ujc_A,2.17
3jcj_v,3jce_9
3jcj_v,4w29_C(FC)
3jcj_v,3jcn_v,0.36
3jcj_v,2det_C,1.00
3jcj_v,2d6f_E,1.56
3jcj_v,4v4v_A,1.63
3jcj_v,2cv2_D,1.36
3jcj_v,4v9q_B
3jcj_v,3epk_E,1.52
3jcj_v,3j0p_W,1.18
3jcj_v,4yvk_C,1.86
3jcj_v,2der_C,1.59
3jcj_v,3b0v_A
3jcj_v,4v5n_V,1.93
3jcj_v,2du4_C,1.85
3jcj_v,4yvj_C,1.83
3jcj_v,3b0v_B,1.88
3jcj_v,3j0p_Y,1.76
3jcj_v,5lmq_Z
3jcj_v,5j4d_N(MC),1.96
3jcj_v,2dxi_D,1.27
3jcj_v,4v5m_V,1.18
3jcj_v,5k0y_N,1.65
3jcj_v,2cv1_C,1.24
3jcj_v,5lzy_1(SA),1.67
3jcj_v,2cv2_C,1.30
3jcj_v,4v7c_V,1.49
3jcj_v,2du5_D,2.01
3jcj_v,3j7a_7,1.39
3eph_F,2du3_D,1.68
3eph_F,4ujd_B,1.36
3eph_F,2cv0_D,1.57
3eph_F,2cv1_D,1.52
3eph_F,5lzy_1(TA),1.59
3eph_F,2du6_D,1.83
3eph_F,3j0o_W,1.49
3eph_F,1wz2_C,1.67
3eph_F,3j0q_W,1.91
3eph_F,4ujc_A,1.36
3eph_F,3jce_9,1.47
3eph_F,4w29_C(FC),1.65
3eph_F,3jcn_v,1.79
3eph_F,2det_C,1.93
3eph_F,2d6f_E,1.51
3eph_F,4v4v_A,1.44
3eph_F,2cv2_D,1.73
3eph_F,4v9q_B,1.68
3eph_F,3epk_E,1.28
3eph_F,3j0p_W,1.91
3eph_F,4yvk_C,1.65
3eph_F,2der_C,1.52
3eph_F,3b0v_A,1.71
3eph_F,4v5n_V,1.51
3eph_F,2du4_C,1.62
3eph_F,4yvj_C,1.76
3eph_F,3b0v_B,1.73
3eph_F,3j0p_Y,1.66
3eph_F,5lmq_Z,1.95
3eph_F,5j4d_N(MC),1.42
3eph_F,2dxi_D,1.74
3eph_F,4v5m_V,1.91
3eph_F,5k0y_N,1.89
3eph_F,2cv1_C,1.63
3eph_F,5lzy_1(SA),1.58
3eph_F,2cv2_C,1.63
3eph_F,4v7c_V
3eph_F,2du5_D,1.88
3eph_F,3j7a_7,1.61
2du3_D,4ujd_B,1.16
2du3_D,2cv0_D,1.78
2du3_D,2cv1_D,1.53
2du3_D,5lzy_1(TA),1.72
2du3_D,2du6_D,0.79
2du3_D,3j0o_W,1.88
2du3_D,1wz2_C,1.79
2du3_D,3j0q_W,1.77
2du3_D,4ujc_A,2.02
2du3_D,3jce_9,1.80
2du3_D,4w29_C(FC),2.12
2du3_D,3jcn_v,1.49
2du3_D,2det_C,1.93
2du3_D,2d6f_E,1.50
2du3_D,4v4v_A,1.73
2du3_D,2cv2_D,1.79
2du3_D,4v9q_B,1.68
2du3_D,3epk_E,1.51
2du3_D,3j0p_W,1.77
2du3_D,4yvk_C,1.47
2du3_D,2der_C,1.83
2du3_D,3b0v_A,1.80
2du3_D,4v5n_V,1.56
2du3_D,2du4_C,0.60
2du3_D,4yvj_C,1.46
2du3_D,3b0v_B,1.40
2du3_D,3j0p_Y,1.80
2du3_D,5lmq_Z,1.30
2du3_D,5j4d_N(MC),1.48
2du3_D,2dxi_D,1.49
2du3_D,4v5m_V,1.77
2du3_D,5k0y_N,1.66
2du3_D,2cv1_C,1.83
2du3_D,5lzy_1(SA),1.72
2du3_D,2cv2_C,1.88
2du3_D,4v7c_V,1.60
2du3_D,2du5_D,0.67
2du3_D,3j7a_7,1.64
4ujd_B,2cv0_D,1.44
4ujd_B,2cv1_D,1.64
4ujd_B,5lzy_1(TA),1.64
4ujd_B,2du6_D,1.78
4ujd_B,3j0o_W,2.07
4ujd_B,1wz2_C,1.75
4ujd_B,3j0q_W,1.47
4ujd_B,4ujc_A,0.45
4ujd_B,3jce_9
4ujd_B,4w29_C(FC),1.84
4ujd_B,3jcn_v,1.84
4ujd_B,2det_C,1.73
4ujd_B,2d6f_E,1.82
4ujd_B,4v4v_A,1.73
4ujd_B,2cv2_D,1.77
4ujd_B,4v9q_B,1.93
4ujd_B,3epk_E,1.56
4ujd_B,3j0p_W,1.47
4ujd_B,4yvk_C,1.86
4ujd_B,2der_C,1.18
4ujd_B,3b0v_A,1.76
4ujd_B,4v5n_V,1.49
4ujd_B,2du4_C,1.27
4ujd_B,4yvj_C,1.85
4ujd_B,3b0v_B,1.60
4ujd_B,3j0p_Y,1.78
4ujd_B,5lmq_Z,1.31
4ujd_B,5j4d_N(MC),1.34
4ujd_B,2dxi_D,1.39
4ujd_B,4v5m_V,1.47
4ujd_B,5k0y_N,1.68
4ujd_B,2cv1_C,1.29
4ujd_B,5lzy_1(SA),1.85
4ujd_B,2cv2_C,1.74
4ujd_B,4v7c_V,1.59
4ujd_B,2du5_D,1.67
4ujd_B,3j7a_7,1.88
2cv0_D,2cv1_D,0.49
2cv0_D,5lzy_1(TA),1.94
2cv0_D,2du6_D,1.84
2cv0_D,3j0o_W,1.85
2cv0_D,1wz2_C,1.68
2cv0_D,3j0q_W,1.59
2cv0_D,4ujc_A,1.44
2cv0_D,3jce_9,1.54
2cv0_D,4w29_C(FC),1.63
2cv0_D,3jcn_v,1.36
2cv0_D,2det_C,1.47
2cv0_D,2d6f_E,1.91
2cv0_D,4v4v_A,1.65
2cv0_D,2cv2_D,0.45
2cv0_D,4v9q_B,1.92
2cv0_D,3epk_E,1.60
2cv0_D,3j0p_W,1.59
2cv0_D,4yvk_C,1.72
2cv0_D,2der_C,1.57
2cv0_D,3b0v_A,1.84
2cv0_D,4v5n_V,1.75
2cv0_D,2du4_C,1.76
2cv0_D,4yvj_C,1.64
2cv0_D,3b0v_B,1.99
2cv0_D,3j0p_Y,1.43
2cv0_D,5lmq_Z,1.67
2cv0_D,5j4d_N(MC),1.48
2cv0_D,2dxi_D,0.30
2cv0_D,4v5m_V,1.59
2cv0_D,5k0y_N,1.87
2cv0_D,2cv1_C,0.67
2cv0_D,5lzy_1(SA),1.57
2cv0_D,2cv2_C,0.56
2cv0_D,4v7c_V,1.41
2cv0_D,2du5_D,1.55
2cv0_D,3j7a_7,1.62
2cv1_D,5lzy_1(TA),1.90
2cv1_D,2du6_D,1.88
2cv1_D,3j0o_W,1.90
2cv1_D,1wz2_C,1.70
2cv1_D,3j0q_W,1.73
2cv1_D,4ujc_A,1.88
2cv1_D,3jce_9
2cv1_D,4w29_C(FC),1.54
2cv1_D,3jcn_v,1.37
2cv1_D,2det_C,1.37
2cv1_D,2d6f_E,1.82
2cv1_D,4v4v_A,1.60
2cv1_D,2cv2_D,0.36
2cv1_D,4v9q_B,1.96
2cv1_D,3epk_E,1.62
2cv1_D,3j0p_W,1.73
2cv1_D,4yvk_C,1.64
2cv1_D,2der_C,1.74
2cv1_D,3b0v_A,1.82
2cv1_D,4v5n_V,1.71
2cv1_D,2du4_C,1.84
2cv1_D,4yvj_C,1.63
2cv1_D,3b0v_B,1.73
2cv1_D,3j0p_Y,1.61
2cv1_D,5lmq_Z,1.69
2cv1_D,5j4d_N(MC),1.52
2cv1_D,2dxi_D,0.59
2cv1_D,4v5m_V,1.73
2cv1_D,5k0y_N,2.00
2cv1_D,2cv1_C,0.86
2cv1_D,5lzy_1(SA),1.67
2cv1_D,2cv2_C,0.63
2cv1_D,4v7c_V,1.57
2cv1_D,2du5_D,1.88
2cv1_D,3j7a_7,1.68
5lzy_1(TA),2du6_D,1.58
5lzy_1(TA),3j0o_W,1.23
5lzy_1(TA),1wz2_C,1.61
5lzy_1(TA),3j0q_W,1.79
5lzy_1(TA),4ujc_A,1.75
5lzy_1(TA),3jce_9
5lzy_1(TA),4w29_C(FC)
5lzy_1(TA),3jcn_v,1.40
5lzy_1(TA),2det_C,1.15
5lzy_1(TA),2d6f_E,1.78
5lzy_1(TA),4v4v_A,1.36
5lzy_1(TA),2cv2_D,2.03
5lzy_1(TA),4v9q_B,1.80
5lzy_1(TA),3epk_E,1.98
5lzy_1(TA),3j0p_W,1.79
5lzy_1(TA),4yvk_C,1.77
5lzy_1(TA),2der_C,1.26
5lzy_1(TA),3b0v_A,1.92
5lzy_1(TA),4v5n_V,1.83
5lzy_1(TA),2du4_C,1.22
5lzy_1(TA),4yvj_C,1.76
5lzy_1(TA),3b0v_B
5lzy_1(TA),3j0p_Y,1.52
5lzy_1(TA),5lmq_Z,1.78
5lzy_1(TA),5j4d_N(MC),1.74
5lzy_1(TA),2dxi_D,2.04
5lzy_1(TA),4v5m_V,1.79
5lzy_1(TA),5k0y_N,1.60
5lzy_1(TA),2cv1_C,1.65
5lzy_1(TA),5lzy_1(SA),1.15
5lzy_1(TA),2cv2_C,1.98
5lzy_1(TA),4v7c_V,1.58
5lzy_1(TA),2du5_D,1.68
5lzy_1(TA),3j7a_7,1.68
2du6_D,3j0o_W,1.85
2du6_D,1wz2_C,1.34
2du6_D,3j0q_W,1.66
2du6_D,4ujc_A,1.78
2du6_D,3jce_9
2du6_D,4w29_C(FC),1.39
2du6_D,3jcn_v,2.01
2du6_D,2det_C,1.66
2du6_D,2d6f_E,1.29
2du6_D,4v4v_A,1.53
2du6_D,2cv2_D,1.81
2du6_D,4v9q_B,1.17
2du6_D,3epk_E,1.25
2du6_D,3j0p_W,1.66
2du6_D,4yvk_C,1.80
2du6_D,2der_C,1.80
2du6_D,3b0v_A,1.24
2du6_D,4v5n_V,1.83
2du6_D,2du4_C,0.95
2du6_D,4yvj_C,1.72
2du6_D,3b0v_B,1.25
2du6_D,3j0p_Y,1.47
2du6_D,5lmq_Z,1.70
2du6_D,5j4d_N(MC),1.71
2du6_D,2dxi_D,1.61
2du6_D,4v5m_V,1.66
2du6_D,5k0y_N,1.79
2du6_D,2cv1_C,1.82
2du6_D,5lzy_1(SA),1.84
2du6_D,2cv2_C,1.84
2du6_D,4v7c_V,1.21
2du6_D,2du5_D,0.60
2du6_D,3j7a_7,1.43
3j0o_W,1wz2_C,1.69
3j0o_W,3j0q_W,1.88
3j0o_W,4ujc_A,1.60
3j0o_W,3jce_9
3j0o_W,4w29_C(FC),1.45
3j0o_W,3jcn_v,1.89
3j0o_W,2det_C,1.84
3j0o_W,2d6f_E,1.96
3j0o_W,4v4v_A,1.60
3j0o_W,2cv2_D,1.87
3j0o_W,4v9q_B,1.54
3j0o_W,3epk_E,1.52
3j0o_W,3j0p_W,1.88
3j0o_W,4yvk_C,1.56
3j0o_W,2der_C,2.02
3j0o_W,3b0v_A,1.95
3j0o_W,4v5n_V,1.84
3j0o_W,2du4_C,1.78
3j0o_W,4yvj_C,1.51
3j0o_W,3b0v_B,2.02
3j0o_W,3j0p_Y,1.34
3j0o_W,5lmq_Z,2.00
3j0o_W,5j4d_N(MC),1.45
3j0o_W,2dxi_D,1.70
3j0o_W,4v5m_V,1.88
3j0o_W,5k0y_N,1.60
3j0o_W,2cv1_C,1.66
3j0o_W,5lzy_1(SA),1.88
3j0o_W,2cv2_C,1.92
3j0o_W,4v7c_V,1.45
3j0o_W,2du5_D,1.81
3j0o_W,3j7a_7,1.59
1wz2_C,3j0q_W,1.43
1wz2_C,4ujc_A,1.73
1wz2_C,3jce_9,1.02
1wz2_C,4w29_C(FC),1.71
1wz2_C,3jcn_v,1.36
1wz2_C,2det_C,1.84
1wz2_C,2d6f_E,2.06
1wz2_C,4v4v_A,1.63
1wz2_C,2cv2_D,1.64
1wz2_C,4v9q_B,1.65
1wz2_C,3epk_E,1.52
1wz2_C,3j0p_W,1.43
1wz2_C,4yvk_C,1.35
1wz2_C,2der_C,1.72
1wz2_C,3b0v_A,1.60
1wz2_C,4v5n_V,1.75
1wz2_C,2du4_C,1.61
1wz2_C,4yvj_C,1.37
1wz2_C,3b0v_B,1.58
1wz2_C,3j0p_Y,1.49
1wz2_C,5lmq_Z,1.43
1wz2_C,5j4d_N(MC),1.73
1wz2_C,2dxi_D,1.60
1wz2_C,4v5m_V,1.43
1wz2_C,5k0y_N,1.84
1wz2_C,2cv1_C,1.69
1wz2_C,5lzy_1(SA),1.76
1wz2_C,2cv2_C,1.71
1wz2_C,4v7c_V,1.47
1wz2_C,2du5_D,1.74
1wz2_C,3j7a_7,1.60
3j0q_W,4ujc_A,1.47
3j0q_W,3jce_9,1.96
3j0q_W,4w29_C(FC),1.41
3j0q_W,3jcn_v,1.18
3j0q_W,2det_C,1.77
3j0q_W,2d6f_E
3j0q_W,4v4v_A,1.67
3j0q_W,2cv2_D,1.59
3j0q_W,4v9q_B,1.47
3j0q_W,3epk_E,1.47
3j0q_W,3j0p_W,0.00
3j0q_W,4yvk_C,2.00
3j0q_W,2der_C,1.22
3j0q_W,3b0v_A,1.40
3j0q_W,4v5n_V,1.05
3j0q_W,2du4_C,1.62
3j0q_W,4yvj_C,1.88
3j0q_W,3b0v_B,1.52
3j0q_W,3j0p_Y,1.72
3j0q_W,5lmq_Z,1.52
3j0q_W,5j4d_N(MC),1.15
3j0q_W,2dxi_D,1.57
3j0q_W,4v5m_V,0.00
3j0q_W,5k0y_N,1.57
3j0q_W,2cv1_C,1.51
3j0q_W,5lzy_1(SA),1.83
3j0q_W,2cv2_C,1.55
3j0q_W,4v7c_V,1.70
3j0q_W,2du5_D,1.57
3j0q_W,3j7a_7,1.82
4ujc_A,3jce_9,1.74
4ujc_A,4w29_C(FC),2.06
4ujc_A,3jcn_v,1.99
4ujc_A,2det_C,1.73
4ujc_A,2d6f_E,1.55
4ujc_A,4v4v_A,1.73
4ujc_A,2cv2_D,1.68
4ujc_A,4v9q_B,1.94
4ujc_A,3epk_E,1.56
4ujc_A,3j0p_W,1.47
4ujc_A,4yvk_C,1.86
4ujc_A,2der_C,1.18
4ujc_A,3b0v_A,1.72
4ujc_A,4v5n_V,1.49
4ujc_A,2du4_C,2.26
4ujc_A,4yvj_C,1.85
4ujc_A,3b0v_B,1.70
4ujc_A,3j0p_Y,1.88
4ujc_A,5lmq_Z,1.31
4ujc_A,5j4d_N(MC),1.34
4ujc_A,2dxi_D,1.96
4ujc_A,4v5m_V,1.47
4ujc_A,5k0y_N,1.68
4ujc_A,2cv1_C,1.91
4ujc_A,5lzy_1(SA),1.85
4ujc_A,2cv2_C,1.74
4ujc_A,4v7c_V,1.59
4ujc_A,2du5_D,2.00
4ujc_A,3j7a_7,1.88
3jce_9,4w29_C(FC)
3jce_9,3jcn_v
3jce_9,2det_C,1.22
3jce_9,2d6f_E,1.42
3jce_9,4v4v_A,1.24
3jce_9,2cv2_D,1.80
3jce_9,4v9q_B
3jce_9,3epk_E,1.63
3jce_9,3j0p_W,1.96
3jce_9,4yvk_C,1.49
3jce_9,2der_C,1.14
3jce_9,3b0v_A
3jce_9,4v5n_V,1.73
3jce_9,2du4_C,1.79
3jce_9,4yvj_C,1.49
3jce_9,3b0v_B
3jce_9,3j0p_Y
3jce_9,5lmq_Z,1.69
3jce_9,5j4d_N(MC)
3jce_9,2dxi_D
3jce_9,4v5m_V,1.96
3jce_9,5k0y_N
3jce_9,2cv1_C
3jce_9,5lzy_1(SA)
3jce_9,2cv2_C,1.72
3jce_9,4v7c_V,1.52
3jce_9,2du5_D
3jce_9,3j7a_7
4w29_C(FC),3jcn_v
4w29_C(FC),2det_C,1.66
4w29_C(FC),2d6f_E,1.51
4w29_C(FC),4v4v_A,1.92
4w29_C(FC),2cv2_D,1.49
4w29_C(FC),4v9q_B,1.74
4w29_C(FC),3epk_E,1.91
4w29_C(FC),3j0p_W,1.41
4w29_C(FC),4yvk_C,1.93
4w29_C(FC),2der_C,1.45
4w29_C(FC),3b0v_A,2.08
4w29_C(FC),4v5n_V,2.10
4w29_C(FC),2du4_C,1.59
4w29_C(FC),4yvj_C,1.93
4w29_C(FC),3b0v_B,2.15
4w29_C(FC),3j0p_Y,1.45
4w29_C(FC),5lmq_Z,1.91
4w29_C(FC),5j4d_N(MC),1.85
4w29_C(FC),2dxi_D,1.59
4w29_C(FC),4v5m_V,1.41
4w29_C(FC),5k0y_N,1.29
4w29_C(FC),2cv1_C,1.58
4w29_C(FC),5lzy_1(SA),1.31
4w29_C(FC),2cv2_C,1.34
4w29_C(FC),4v7c_V,1.48
4w29_C(FC),2du5_D,1.69
4w29_C(FC),3j7a_7,2.07
3jcn_v,2det_C,1.00
3jcn_v,2d6f_E,1.78
3jcn_v,4v4v_A,1.68
3jcn_v,2cv2_D,1.36
3jcn_v,4v9q_B
3jcn_v,3epk_E,1.52
3jcn_v,3j0p_W,1.18
3jcn_v,4yvk_C,1.86
3jcn_v,2der_C,1.59
3jcn_v,3b0v_A
3jcn_v,4v5n_V,1.93
3jcn_v,2du4_C,1.92
3jcn_v,4yvj_C,1.78
3jcn_v,3b0v_B,1.88
3jcn_v,3j0p_Y,1.77
3jcn_v,5lmq_Z
3jcn_v,5j4d_N(MC),2.06
3jcn_v,2dxi_D,1.27
3jcn_v,4v5m_V,1.18
3jcn_v,5k0y_N,1.65
3jcn_v,2cv1_C,1.24
3jcn_v,5lzy_1(SA),1.76
3jcn_v,2cv2_C,1.30
3jcn_v,4v7c_V,1.49
3jcn_v,2du5_D,2.02
3jcn_v,3j7a_7,1.39
2det_C,2d6f_E,1.91
2det_C,4v4v_A,1.73
2det_C,2cv2_D,1.54
2det_C,4v9q_B,1.56
2det_C,3epk_E,1.77
2det_C,3j0p_W,1.77
2det_C,4yvk_C,1.34
2det_C,2der_C,1.32
2det_C,3b0v_A,1.90
2det_C,4v5n_V,1.88
2det_C,2du4_C,1.60
2det_C,4yvj_C,1.35
2det_C,3b0v_B,1.75
2det_C,3j0p_Y,1.68
2det_C,5lmq_Z,1.60
2det_C,5j4d_N(MC),1.83
2det_C,2dxi_D,1.50
2det_C,4v5m_V,1.77
2det_C,5k0y_N,1.85
2det_C,2cv1_C,1.46
2det_C,5lzy_1(SA),1.36
2det_C,2cv2_C,1.49
2det_C,4v7c_V,1.60
2det_C,2du5_D,1.78
2det_C,3j7a_7,1.65
2d6f_E,4v4v_A,1.87
2d6f_E,2cv2_D,1.80
2d6f_E,4v9q_B,1.72
2d6f_E,3epk_E,1.60
2d6f_E,3j0p_W
2d6f_E,4yvk_C,1.59
2d6f_E,2der_C,1.50
2d6f_E,3b0v_A,1.97
2d6f_E,4v5n_V,1.18
2d6f_E,2du4_C,1.95
2d6f_E,4yvj_C,1.72
2d6f_E,3b0v_B,1.98
2d6f_E,3j0p_Y,1.31
2d6f_E,5lmq_Z,1.98
2d6f_E,5j4d_N(MC),1.73
2d6f_E,2dxi_D,1.72
2d6f_E,4v5m_V
2d6f_E,5k0y_N,1.23
2d6f_E,2cv1_C,1.64
2d6f_E,5lzy_1(SA),1.99
2d6f_E,2cv2_C,1.81
2d6f_E,4v7c_V,1.39
2d6f_E,2du5_D,1.64
2d6f_E,3j7a_7,1.87
4v4v_A,2cv2_D,1.58
4v4v_A,4v9q_B,1.51
4v4v_A,3epk_E,1.62
4v4v_A,3j0p_W,1.67
4v4v_A,4yvk_C,1.78
4v4v_A,2der_C,1.69
4v4v_A,3b0v_A,1.66
4v4v_A,4v5n_V,1.60
4v4v_A,2du4_C,1.57
4v4v_A,4yvj_C,1.80
4v4v_A,3b0v_B,1.60
4v4v_A,3j0p_Y,1.90
4v4v_A,5lmq_Z,1.92
4v4v_A,5j4d_N(MC),1.42
4v4v_A,2dxi_D,1.48
4v4v_A,4v5m_V,1.67
4v4v_A,5k0y_N,1.59
4v4v_A,2cv1_C,1.65
4v4v_A,5lzy_1(SA),1.79
4v4v_A,2cv2_C,1.57
4v4v_A,4v7c_V,1.68
4v4v_A,2du5_D,1.68
4v4v_A,3j7a_7,1.56
2cv2_D,4v9q_B,1.92
2cv2_D,3epk_E,1.71
2cv2_D,3j0p_W,1.59
2cv2_D,4yvk_C,1.60
2cv2_D,2der_C,1.68
2cv2_D,3b0v_A,1.82
2cv2_D,4v5n_V,1.83
2cv2_D,2du4_C,1.99
2cv2_D,4yvj_C,1.60
2cv2_D,3b0v_B,1.88
2cv2_D,3j0p_Y
2cv2_D,5lmq_Z,1.72
2cv2_D,5j4d_N(MC),1.44
2cv2_D,2dxi_D,0.56
2cv2_D,4v5m_V,1.59
2cv2_D,5k0y_N,1.83
2cv2_D,2cv1_C,0.87
2cv2_D,5lzy_1(SA),1.63
2cv2_D,2cv2_C,0.50
2cv2_D,4v7c_V,1.39
2cv2_D,2du5_D,1.94
2cv2_D,3j7a_7,1.51
4v9q_B,3epk_E,1.71
4v9q_B,3j0p_W,1.47
4v9q_B,4yvk_C,1.56
4v9q_B,2der_C,1.93
4v9q_B,3b0v_A,1.39
4v9q_B,4v5n_V,1.36
4v9q_B,2du4_C,1.48
4v9q_B,4yvj_C,1.56
4v9q_B,3b0v_B,1.39
4v9q_B,3j0p_Y,1.86
4v9q_B,5lmq_Z,1.81
4v9q_B,5j4d_N(MC),1.30
4v9q_B,2dxi_D,1.92
4v9q_B,4v5m_V,1.47
4v9q_B,5k0y_N,1.76
4v9q_B,2cv1_C,1.84
4v9q_B,5lzy_1(SA),1.94
4v9q_B,2cv2_C,1.84
4v9q_B,4v7c_V,1.58
4v9q_B,2du5_D,1.68
4v9q_B,3j7a_7,1.58
3epk_E,3j0p_W,1.47
3epk_E,4yvk_C,1.55
3epk_E,2der_C,1.77
3epk_E,3b0v_A,1.83
3epk_E,4v5n_V,1.39
3epk_E,2du4_C,1.52
3epk_E,4yvj_C,1.57
3epk_E,3b0v_B,1.83
3epk_E,3j0p_Y,1.62
3epk_E,5lmq_Z,1.57
3epk_E,5j4d_N(MC),1.46
3epk_E,2dxi_D,1.76
3epk_E,4v5m_V,1.47
3epk_E,5k0y_N,1.68
3epk_E,2cv1_C,1.75
3epk_E,5lzy_1(SA),1.48
3epk_E,2cv2_C,1.66
3epk_E,4v7c_V,1.73
3epk_E,2du5_D,2.01
3epk_E,3j7a_7,1.75
3j0p_W,4yvk_C,2.00
3j0p_W,2der_C,1.22
3j0p_W,3b0v_A,1.40
3j0p_W,4v5n_V,1.05
3j0p_W,2du4_C,1.62
3j0p_W,4yvj_C,1.88
3j0p_W,3b0v_B,1.52
3j0p_W,3j0p_Y,1.72
3j0p_W,5lmq_Z,1.52
3j0p_W,5j4d_N(MC),1.15
3j0p_W,2dxi_D,1.57
3j0p_W,4v5m_V,0.00
3j0p_W,5k0y_N,1.57
3j0p_W,2cv1_C,1.51
3j0p_W,5lzy_1(SA),1.83
3j0p_W,2cv2_C,1.55
3j0p_W,4v7c_V,1.70
3j0p_W,2du5_D,1.57
3j0p_W,3j7a_7,1.82
4yvk_C,2der_C,1.69
4yvk_C,3b0v_A,1.87
4yvk_C,4v5n_V,1.79
4yvk_C,2du4_C,1.38
4yvk_C,4yvj_C,0.21
4yvk_C,3b0v_B,1.86
4yvk_C,3j0p_Y,1.77
4yvk_C,5lmq_Z,1.66
4yvk_C,5j4d_N(MC),1.87
4yvk_C,2dxi_D,1.67
4yvk_C,4v5m_V,2.00
4yvk_C,5k0y_N,1.73
4yvk_C,2cv1_C,1.50
4yvk_C,5lzy_1(SA),1.22
4yvk_C,2cv2_C,1.60
4yvk_C,4v7c_V,1.58
4yvk_C,2du5_D,1.62
4yvk_C,3j7a_7,1.56
2der_C,3b0v_A,1.74
2der_C,4v5n_V,1.64
2der_C,2du4_C,1.75
2der_C,4yvj_C,1.68
2der_C,3b0v_B,1.84
2der_C,3j0p_Y,1.72
2der_C,5lmq_Z,1.76
2der_C,5j4d_N(MC),1.63
2der_C,2dxi_D,1.76
2der_C,4v5m_V,1.22
2der_C,5k0y_N,1.83
2der_C,2cv1_C,1.57
2der_C,5lzy_1(SA),1.15
2der_C,2cv2_C,1.64
2der_C,4v7c_V,1.64
2der_C,2du5_D,1.75
2der_C,3j7a_7,1.68
3b0v_A,4v5n_V,1.35
3b0v_A,2du4_C,1.59
3b0v_A,4yvj_C,1.98
3b0v_A,3b0v_B,0.40
3b0v_A,3j0p_Y
3b0v_A,5lmq_Z,1.78
3b0v_A,5j4d_N(MC),1.77
3b0v_A,2dxi_D,1.71
3b0v_A,4v5m_V,1.69
3b0v_A,5k0y_N,0.91
3b0v_A,2cv1_C,1.83
3b0v_A,5lzy_1(SA),0.92
3b0v_A,2cv2_C,1.71
3b0v_A,4v7c_V,2.08
3b0v_A,2du5_D,1.73
3b0v_A,3j7a_7
4v5n_V,2du4_C,1.29
4v5n_V,4yvj_C,1.80
4v5n_V,3b0v_B,1.36
4v5n_V,3j0p_Y,1.40
4v5n_V,5lmq_Z,1.74
4v5n_V,5j4d_N(MC),1.33
4v5n_V,2dxi_D,1.77
4v5n_V,4v5m_V,1.05
4v5n_V,5k0y_N,1.65
4v5n_V,2cv1_C,1.88
4v5n_V,5lzy_1(SA),1.80
4v5n_V,2cv2_C,1.72
4v5n_V,4v7c_V,1.39
4v5n_V,2du5_D,1.78
4v5n_V,3j7a_7,1.55
2z9q_A,2du4_C
2z9q_A,4yvj_C
2z9q_A,3b0v_B
2z9q_A,3j0p_Y
2z9q_A,5lmq_Z
2z9q_A,5j4d_N(MC)
2z9q_A,2dxi_D
2z9q_A,4v5m_V
2z9q_A,5k0y_N
2z9q_A,2cv1_C
2z9q_A,5lzy_1(SA)
2z9q_A,2cv2_C
2z9q_A,4v7c_V
2z9q_A,2du5_D
2z9q_A,3j7a_7
2du4_C,4yvj_C,1.44
2du4_C,3b0v_B,1.60
2du4_C,3j0p_Y,1.69
2du4_C,5lmq_Z,1.81
2du4_C,5j4d_N(MC),1.50
2du4_C,2dxi_D,1.80
2du4_C,4v5m_V,1.64
2du4_C,5k0y_N,1.71
2du4_C,2cv1_C,1.71
2du4_C,5lzy_1(SA),1.71
2du4_C,2cv2_C,1.31
2du4_C,4v7c_V,1.93
2du4_C,2du5_D,0.88
2du4_C,3j7a_7,1.32
4yvj_C,3b0v_B,1.90
4yvj_C,3j0p_Y,1.50
4yvj_C,5lmq_Z,2.06
4yvj_C,5j4d_N(MC),1.48
4yvj_C,2dxi_D,1.65
4yvj_C,4v5m_V,1.96
4yvj_C,5k0y_N,1.74
4yvj_C,2cv1_C,1.51
4yvj_C,5lzy_1(SA),1.49
4yvj_C,2cv2_C,1.61
4yvj_C,4v7c_V,1.58
4yvj_C,2du5_D,1.63
4yvj_C,3j7a_7,1.68
3b0v_B,3j0p_Y,2.47
3b0v_B,5lmq_Z,1.92
3b0v_B,5j4d_N(MC),1.78
3b0v_B,2dxi_D,1.72
3b0v_B,4v5m_V,1.79
3b0v_B,5k0y_N,1.49
3b0v_B,2cv1_C,1.82
3b0v_B,5lzy_1(SA),0.91
3b0v_B,2cv2_C,1.81
3b0v_B,4v7c_V,2.10
3b0v_B,2du5_D,1.41
3b0v_B,3j7a_7
3j0p_Y,5lmq_Z,1.93
3j0p_Y,5j4d_N(MC),1.39
3j0p_Y,2dxi_D,1.42
3j0p_Y,4v5m_V,1.72
3j0p_Y,5k0y_N,1.90
3j0p_Y,2cv1_C,1.55
3j0p_Y,5lzy_1(SA),1.75
3j0p_Y,2cv2_C,1.47
3j0p_Y,4v7c_V,0.60
3j0p_Y,2du5_D,1.49
3j0p_Y,3j7a_7,1.45
5lmq_Z,5j4d_N(MC),1.68
5lmq_Z,2dxi_D,1.56
5lmq_Z,4v5m_V,1.52
5lmq_Z,5k0y_N,1.69
5lmq_Z,2cv1_C,1.66
5lmq_Z,5lzy_1(SA),1.79
5lmq_Z,2cv2_C,1.95
5lmq_Z,4v7c_V,1.83
5lmq_Z,2du5_D,1.47
5lmq_Z,3j7a_7,1.75
5j4d_N(MC),2dxi_D,1.48
5j4d_N(MC),4v5m_V,1.15
5j4d_N(MC),5k0y_N,1.48
5j4d_N(MC),2cv1_C,1.45
5j4d_N(MC),5lzy_1(SA),1.43
5j4d_N(MC),2cv2_C,1.39
5j4d_N(MC),4v7c_V,1.51
5j4d_N(MC),2du5_D,1.64
5j4d_N(MC),3j7a_7,1.44
2dxi_D,4v5m_V,1.57
2dxi_D,5k0y_N,1.85
2dxi_D,2cv1_C,0.63
2dxi_D,5lzy_1(SA),1.87
2dxi_D,2cv2_C,0.59
2dxi_D,4v7c_V,1.56
2dxi_D,2du5_D,1.78
2dxi_D,3j7a_7,1.76
4v5m_V,5k0y_N,1.57
4v5m_V,2cv1_C,1.51
4v5m_V,5lzy_1(SA),1.83
4v5m_V,2cv2_C,1.55
4v5m_V,4v7c_V,1.70
4v5m_V,2du5_D,1.57
4v5m_V,3j7a_7,1.82
5k0y_N,2cv1_C,1.69
5k0y_N,5lzy_1(SA),1.63
5k0y_N,2cv2_C,1.84
5k0y_N,4v7c_V,1.52
5k0y_N,2du5_D,1.83
5k0y_N,3j7a_7,1.65
2cv1_C,5lzy_1(SA),1.73
2cv1_C,2cv2_C,0.56
2cv1_C,4v7c_V,1.34
2cv1_C,2du5_D,1.79
2cv1_C,3j7a_7,1.70
5lzy_1(SA),2cv2_C,1.73
5lzy_1(SA),4v7c_V,1.60
5lzy_1(SA),2du5_D,1.73
5lzy_1(SA),3j7a_7,1.48
2cv2_C,4v7c_V,1.46
2cv2_C,2du5_D,1.74
2cv2_C,3j7a_7,1.51
4v7c_V,2du5_D
4v7c_V,3j7a_7,1.66
2du5_D,3j7a_7,1.37
