3zjv,2aji, 2.77
3zjv,3ziu, 2.91
3zjv,7a0p, 2.18
3zjv,6kie, 2.85
3zjv,5agt, 2.79
3zjv,1obc, 2.51
3zjv,6yks, 2.04
3zjv,5agr, 2.79
3zjv,5fod, 2.78
3zjv,7bzj, 2.72
3zjv,7nua, 2.62
3zjv,3zgz, 2.12
3zjv,1obh, 2.47
3zjv,6ykx, 2.15
3zjv,6ykw, 2.57
3zjv,6kqy, 2.81
3zjv,2bte, 2.83
3zjv,7ap2, 1.99
3zjv,6kr7, 2.87
3zjv,7nub, 2.11
3zjv,5on3, 2.27
3zjv,7nu9, 2.19
3zjv,2v0g, 2.83
3zjv,5onh, 2.40
3zjv,6ykl, 2.20
3zjv,1h3n, 2.51
3zjv,2ajh, 2.82
3zjv,6yko, 2.25
3zjv,8poq, 2.86
3zjv,7nu0, 2.25
3zjv,2byt, 2.90
3zjv,6lpf, 2.79
3zjv,4arc, 1.47
3zjv,6ykq, 1.91
3zjv,5ah5, 2.72
3zjv,8pos, 2.82
3zjv,3zjt, 1.51
3zjv,7nu5, 1.88
3zjv,4cqn, 2.76
3zjv,3zju, 1.45
3zjv,6ykt, 2.17
3zjv,5omw, 2.16
3zjv,5fol, 2.76
3zjv,4k47, 2.71
3zjv,6kid, 2.79
3zjv,6yku, 1.89
3zjv,6ykn, 1.93
3zjv,7n12, 2.85
3zjv,7nu6, 1.87
3zjv,1wkb, 2.87
3zjv,5foc, 2.95
3zjv,8pot, 0.26
3zjv,5fom, 2.88
3zjv,4ari, 1.52
3zjv,3pz6, 2.68
3zjv,2v0c, 2.51
3zjv,7nu2, 1.79
3zjv,5on2, 2.45
3zjv,2ajg, 2.68
3zjv,7nu3, 1.80
3zjv,7n11, 2.83
3zjv,6ykv, 2.21
3zjv,5fon, 2.85
3zjv,6q8a, 1.76
3zjv,5fog, 2.86
3zjv,6lr6, 2.82
3zjv,5fof, 2.94
3zjv,5fo4, 2.85
3zjv,7nu7, 2.02
3zjv,4k48, 2.79
3zjv,8por, 2.81
3zjv,1wz2, 2.86
3zjv,7ntz, 2.20
3zjv,7pqk, 2.78
3zjv,4aq7, 2.62
3zjv,5ags, 2.77
3zjv,7nuc, 2.46
3zjv,2wfd, 2.89
3zjv,7nu1, 2.17
3zjv,7nu4, 1.84
3zjv,6ykk, 1.99
3zjv,7yp8, 1.86
3zjv,7nu8, 1.98
3zjv,7nty, 2.38
3zjv,4as1, 0.25
2aji,3ziu, 2.83
2aji,7a0p, 2.74
2aji,6kie, 2.74
2aji,5agt, 1.46
2aji,1obc, 2.87
2aji,6yks, 2.79
2aji,5agr, 1.21
2aji,5fod, 2.83
2aji,7bzj, 1.62
2aji,7nua, 2.81
2aji,3zgz, 2.92
2aji,1obh, 2.83
2aji,6ykx, 2.77
2aji,6ykw, 2.76
2aji,6kqy, 2.81
2aji,2bte, 2.77
2aji,7ap2, 2.77
2aji,6kr7, 2.85
2aji,7nub, 2.77
2aji,5on3, 2.97
2aji,7nu9, 2.76
2aji,2v0g, 2.81
2aji,5onh, 2.93
2aji,6ykl, 2.73
2aji,1h3n, 2.79
2aji,2ajh, 0.19
2aji,6yko, 2.70
2aji,8poq, 2.18
2aji,7nu0, 2.75
2aji,2byt, 2.82
2aji,6lpf, 2.84
2aji,4arc, 2.73
2aji,6ykq, 2.76
2aji,5ah5, 2.77
2aji,8pos, 2.85
2aji,3zjt, 2.78
2aji,7nu5, 2.76
2aji,4cqn, 2.84
2aji,3zju, 2.84
2aji,6ykt, 2.78
2aji,5omw, 2.87
2aji,5fol, 2.81
2aji,4k47, 1.29
2aji,6kid, 2.81
2aji,6yku, 2.73
2aji,6ykn, 2.76
2aji,7n12, 2.12
2aji,7nu6, 2.75
2aji,1wkb, 2.83
2aji,5foc, 2.73
2aji,8pot, 2.84
2aji,5fom, 2.77
2aji,4ari, 2.85
2aji,3pz6, 2.95
2aji,2v0c, 2.80
2aji,7nu2, 2.71
2aji,5on2, 2.87
2aji,2ajg, 0.42
2aji,7nu3, 2.73
2aji,7n11, 1.49
2aji,6ykv, 2.76
2aji,5fon, 2.85
2aji,6q8a, 2.76
2aji,5fog, 2.95
2aji,6lr6, 2.75
2aji,5fof, 2.85
2aji,5fo4, 2.74
2aji,7nu7, 2.74
2aji,4k48, 1.76
2aji,8por, 1.42
2aji,1wz2, 2.88
2aji,7ntz, 2.80
2aji,7pqk, 1.32
2aji,4aq7, 2.84
2aji,5ags, 1.48
2aji,7nuc, 2.81
2aji,2wfd, 2.86
2aji,7nu1, 2.72
2aji,7nu4, 2.74
2aji,6ykk, 2.73
2aji,7yp8, 2.78
2aji,7nu8, 2.76
2aji,7nty, 2.80
2aji,4as1, 2.82
3ziu,7a0p, 2.88
3ziu,6kie, 2.90
3ziu,5agt, 2.77
3ziu,1obc, 2.87
3ziu,6yks, 2.80
3ziu,5agr, 2.84
3ziu,5fod, 2.91
3ziu,7bzj, 2.78
3ziu,7nua, 2.89
3ziu,3zgz, 2.82
3ziu,1obh, 2.93
3ziu,6ykx, 2.83
3ziu,6ykw, 2.81
3ziu,6kqy, 2.86
3ziu,2bte, 2.84
3ziu,7ap2, 2.81
3ziu,6kr7, 2.85
3ziu,7nub, 2.88
3ziu,5on3, 2.96
3ziu,7nu9, 2.81
3ziu,2v0g, 2.80
3ziu,5onh, 2.90
3ziu,6ykl, 2.86
3ziu,1h3n, 2.86
3ziu,2ajh, 2.82
3ziu,6yko, 2.88
3ziu,8poq, 2.84
3ziu,7nu0, 2.88
3ziu,2byt, 2.81
3ziu,6lpf, 2.85
3ziu,4arc, 2.87
3ziu,6ykq, 2.85
3ziu,5ah5, 2.83
3ziu,8pos, 2.93
3ziu,3zjt, 2.88
3ziu,7nu5, 2.88
3ziu,4cqn, 2.79
3ziu,3zju, 2.86
3ziu,6ykt, 2.81
3ziu,5omw, 2.83
3ziu,5fol, 2.77
3ziu,4k47, 2.77
3ziu,6kid, 2.78
3ziu,6yku, 2.82
3ziu,6ykn, 2.84
3ziu,7n12, 2.77
3ziu,7nu6, 2.89
3ziu,1wkb, 2.87
3ziu,5foc, 2.80
3ziu,8pot, 2.88
3ziu,5fom, 2.89
3ziu,4ari, 2.76
3ziu,3pz6, 2.80
3ziu,2v0c, 2.85
3ziu,7nu2, 2.84
3ziu,5on2, 2.86
3ziu,2ajg, 2.73
3ziu,7nu3, 2.86
3ziu,7n11, 2.78
3ziu,6ykv, 2.87
3ziu,5fon, 2.85
3ziu,6q8a, 2.87
3ziu,5fog, 2.87
3ziu,6lr6, 2.81
3ziu,5fof, 2.88
3ziu,5fo4, 2.87
3ziu,7nu7, 2.89
3ziu,4k48, 2.61
3ziu,8por, 2.90
3ziu,1wz2, 2.76
3ziu,7ntz, 2.88
3ziu,7pqk, 2.84
3ziu,4aq7, 2.82
3ziu,5ags, 2.90
3ziu,7nuc, 2.85
3ziu,2wfd, 2.83
3ziu,7nu1, 2.88
3ziu,7nu4, 2.91
3ziu,6ykk, 2.81
3ziu,7yp8, 2.86
3ziu,7nu8, 2.85
3ziu,7nty, 2.84
3ziu,4as1, 2.92
7a0p,6kie, 2.80
7a0p,5agt, 2.84
7a0p,1obc, 2.45
7a0p,6yks, 0.33
7a0p,5agr, 2.80
7a0p,5fod, 2.84
7a0p,7bzj, 2.68
7a0p,7nua, 1.14
7a0p,3zgz, 2.00
7a0p,1obh, 2.34
7a0p,6ykx, 0.28
7a0p,6ykw, 0.52
7a0p,6kqy, 2.83
7a0p,2bte, 2.82
7a0p,7ap2, 0.28
7a0p,6kr7, 2.74
7a0p,7nub, 1.46
7a0p,5on3, 2.56
7a0p,7nu9, 1.61
7a0p,2v0g, 2.80
7a0p,5onh, 2.27
7a0p,6ykl, 0.49
7a0p,1h3n, 2.50
7a0p,2ajh, 2.91
7a0p,6yko, 0.52
7a0p,8poq, 2.86
7a0p,7nu0, 1.76
7a0p,2byt, 2.94
7a0p,6lpf, 2.89
7a0p,4arc, 2.26
7a0p,6ykq, 0.46
7a0p,5ah5, 2.92
7a0p,8pos, 2.80
7a0p,3zjt, 2.31
7a0p,7nu5, 1.38
7a0p,4cqn, 2.78
7a0p,3zju, 2.12
7a0p,6ykt, 0.43
7a0p,5omw, 2.29
7a0p,5fol, 2.59
7a0p,4k47, 2.88
7a0p,6kid, 2.89
7a0p,6yku, 0.38
7a0p,6ykn, 0.39
7a0p,7n12, 2.84
7a0p,7nu6, 1.25
7a0p,1wkb, 2.85
7a0p,5foc, 2.80
7a0p,8pot, 2.20
7a0p,5fom, 2.64
7a0p,4ari, 2.20
7a0p,3pz6, 2.77
7a0p,2v0c, 2.45
7a0p,7nu2, 1.21
7a0p,5on2, 2.32
7a0p,2ajg, 2.75
7a0p,7nu3, 1.25
7a0p,7n11, 2.73
7a0p,6ykv, 0.34
7a0p,5fon, 2.87
7a0p,6q8a, 0.34
7a0p,5fog, 2.84
7a0p,6lr6, 2.80
7a0p,5fof, 2.92
7a0p,5fo4, 2.88
7a0p,7nu7, 1.27
7a0p,4k48, 2.92
7a0p,8por, 2.82
7a0p,1wz2, 2.83
7a0p,7ntz, 1.59
7a0p,7pqk, 2.84
7a0p,4aq7, 2.75
7a0p,5ags, 2.85
7a0p,7nuc, 1.72
7a0p,2wfd, 2.87
7a0p,7nu1, 0.44
7a0p,7nu4, 0.43
7a0p,6ykk, 0.31
7a0p,7yp8, 1.21
7a0p,7nu8, 1.16
7a0p,7nty, 0.63
7a0p,4as1, 2.03
6kie,5agt, 2.79
6kie,1obc, 2.89
6kie,6yks, 2.89
6kie,5agr, 2.71
6kie,5fod, 2.80
6kie,7bzj, 2.78
6kie,7nua, 2.91
6kie,3zgz, 2.86
6kie,1obh, 2.87
6kie,6ykx, 2.80
6kie,6ykw, 2.78
6kie,6kqy, 2.74
6kie,2bte, 2.80
6kie,7ap2, 2.81
6kie,6kr7, 2.41
6kie,7nub, 2.79
6kie,5on3, 2.78
6kie,7nu9, 2.87
6kie,2v0g, 2.89
6kie,5onh, 2.85
6kie,6ykl, 2.80
6kie,1h3n, 2.84
6kie,2ajh, 2.88
6kie,6yko, 2.80
6kie,8poq, 2.76
6kie,7nu0, 2.76
6kie,2byt, 2.83
6kie,6lpf, 2.81
6kie,4arc, 2.85
6kie,6ykq, 2.90
6kie,5ah5, 2.78
6kie,8pos, 2.83
6kie,3zjt, 2.80
6kie,7nu5, 2.86
6kie,4cqn, 2.91
6kie,3zju, 2.83
6kie,6ykt, 2.80
6kie,5omw, 2.84
6kie,5fol, 2.80
6kie,4k47, 2.86
6kie,6kid, 2.88
6kie,6yku, 2.80
6kie,6ykn, 2.76
6kie,7n12, 2.79
6kie,7nu6, 2.82
6kie,1wkb, 2.75
6kie,5foc, 2.83
6kie,8pot, 2.87
6kie,5fom, 2.77
6kie,4ari, 2.86
6kie,3pz6, 2.85
6kie,2v0c, 2.87
6kie,7nu2, 2.86
6kie,5on2, 2.86
6kie,2ajg, 2.79
6kie,7nu3, 2.77
6kie,7n11, 2.75
6kie,6ykv, 2.82
6kie,5fon, 2.88
6kie,6q8a, 2.84
6kie,5fog, 2.85
6kie,6lr6, 2.78
6kie,5fof, 2.84
6kie,5fo4, 2.89
6kie,7nu7, 2.80
6kie,4k48, 2.78
6kie,8por, 2.92
6kie,1wz2, 2.90
6kie,7ntz, 2.75
6kie,7pqk, 2.81
6kie,4aq7, 2.84
6kie,5ags, 2.79
6kie,7nuc, 2.79
6kie,2wfd, 2.85
6kie,7nu1, 2.79
6kie,7nu4, 2.87
6kie,6ykk, 2.87
6kie,7yp8, 2.84
6kie,7nu8, 2.86
6kie,7nty, 2.81
6kie,4as1, 2.94
5agt,1obc, 1.23
5agt,6yks, 1.34
5agt,5agr, 0.11
5agt,5fod, 2.13
5agt,7bzj, 1.31
5agt,7nua, 1.46
5agt,3zgz, 1.72
5agt,1obh, 1.59
5agt,6ykx, 1.23
5agt,6ykw, 1.75
5agt,6kqy, 2.20
5agt,2bte, 1.73
5agt,7ap2, 1.90
5agt,6kr7, 2.15
5agt,7nub, 1.30
5agt,5on3, 1.52
5agt,7nu9, 1.39
5agt,2v0g, 1.28
5agt,5onh, 1.46
5agt,6ykl, 1.30
5agt,1h3n, 1.18
5agt,2ajh, 1.56
5agt,6yko, 1.29
5agt,8poq, 1.53
5agt,7nu0, 1.19
5agt,2byt, 1.42
5agt,6lpf, 2.43
5agt,4arc, 1.00
5agt,6ykq, 1.41
5agt,5ah5, 1.67
5agt,8pos, 1.37
5agt,3zjt, 1.35
5agt,7nu5, 1.36
5agt,4cqn, 1.36
5agt,3zju, 1.37
5agt,6ykt, 1.47
5agt,5omw, 1.82
5agt,5fol, 2.32
5agt,4k47, 1.20
5agt,6kid, 2.35
5agt,6yku, 1.24
5agt,6ykn, 1.21
5agt,7n12, 0.67
5agt,7nu6, 1.57
5agt,1wkb, 1.71
5agt,5foc, 2.22
5agt,8pot, 1.24
5agt,5fom, 2.08
5agt,4ari, 1.04
5agt,3pz6, 2.68
5agt,2v0c, 1.07
5agt,7nu2, 1.59
5agt,5on2, 1.38
5agt,2ajg, 1.28
5agt,7nu3, 1.36
5agt,7n11, 1.33
5agt,6ykv, 1.32
5agt,5fon, 2.52
5agt,6q8a, 1.35
5agt,5fog, 2.30
5agt,6lr6, 2.27
5agt,5fof, 2.15
5agt,5fo4, 2.11
5agt,7nu7, 1.49
5agt,4k48, 1.03
5agt,8por, 1.50
5agt,1wz2, 2.27
5agt,7ntz, 1.33
5agt,7pqk, 0.10
5agt,4aq7, 1.59
5agt,5ags, 0.14
5agt,7nuc, 1.59
5agt,2wfd, 2.33
5agt,7nu1, 1.35
5agt,7nu4, 1.35
5agt,6ykk, 1.95
5agt,7yp8, 1.49
5agt,7nu8, 1.55
5agt,7nty, 1.90
5agt,4as1, 1.53
1obc,6yks, 2.42
1obc,5agr, 2.72
1obc,5fod, 2.78
1obc,7bzj, 2.77
1obc,7nua, 2.54
1obc,3zgz, 2.86
1obc,1obh, 1.33
1obc,6ykx, 2.55
1obc,6ykw, 2.53
1obc,6kqy, 2.84
1obc,2bte, 2.68
1obc,7ap2, 2.68
1obc,6kr7, 2.84
1obc,7nub, 2.55
1obc,5on3, 2.85
1obc,7nu9, 2.37
1obc,2v0g, 2.69
1obc,5onh, 2.83
1obc,6ykl, 2.53
1obc,1h3n, 0.27
1obc,2ajh, 2.82
1obc,6yko, 2.46
1obc,8poq, 2.91
1obc,7nu0, 2.45
1obc,2byt, 2.62
1obc,6lpf, 2.84
1obc,4arc, 2.61
1obc,6ykq, 2.67
1obc,5ah5, 2.83
1obc,8pos, 2.78
1obc,3zjt, 2.58
1obc,7nu5, 2.71
1obc,4cqn, 2.89
1obc,3zju, 2.47
1obc,6ykt, 2.56
1obc,5omw, 2.89
1obc,5fol, 2.79
1obc,4k47, 2.84
1obc,6kid, 2.80
1obc,6yku, 2.63
1obc,6ykn, 2.58
1obc,7n12, 2.91
1obc,7nu6, 2.61
1obc,1wkb, 2.78
1obc,5foc, 2.76
1obc,8pot, 2.61
1obc,5fom, 2.64
1obc,4ari, 2.64
1obc,3pz6, 2.92
1obc,2v0c, 0.25
1obc,7nu2, 2.62
1obc,5on2, 2.78
1obc,2ajg, 2.75
1obc,7nu3, 2.65
1obc,7n11, 2.71
1obc,6ykv, 2.44
1obc,5fon, 2.84
1obc,6q8a, 2.51
1obc,5fog, 2.86
1obc,6lr6, 2.83
1obc,5fof, 2.83
1obc,5fo4, 2.86
1obc,7nu7, 2.62
1obc,4k48, 2.74
1obc,8por, 2.75
1obc,1wz2, 2.81
1obc,7ntz, 2.49
1obc,7pqk, 2.84
1obc,4aq7, 2.84
1obc,5ags, 2.73
1obc,7nuc, 2.51
1obc,2wfd, 2.92
1obc,7nu1, 2.69
1obc,7nu4, 2.56
1obc,6ykk, 2.46
1obc,7yp8, 2.54
1obc,7nu8, 2.63
1obc,7nty, 2.64
1obc,4as1, 2.36
6yks,5agr, 2.83
6yks,5fod, 2.84
6yks,7bzj, 2.87
6yks,7nua, 0.78
6yks,3zgz, 2.51
6yks,1obh, 2.29
6yks,6ykx, 0.31
6yks,6ykw, 0.41
6yks,6kqy, 2.83
6yks,2bte, 2.91
6yks,7ap2, 0.27
6yks,6kr7, 2.84
6yks,7nub, 2.07
6yks,5on3, 2.09
6yks,7nu9, 1.77
6yks,2v0g, 2.74
6yks,5onh, 2.50
6yks,6ykl, 0.40
6yks,1h3n, 2.45
6yks,2ajh, 2.83
6yks,6yko, 0.45
6yks,8poq, 2.82
6yks,7nu0, 1.49
6yks,2byt, 2.83
6yks,6lpf, 2.87
6yks,4arc, 2.19
6yks,6ykq, 0.28
6yks,5ah5, 2.80
6yks,8pos, 2.82
6yks,3zjt, 2.34
6yks,7nu5, 0.81
6yks,4cqn, 2.76
6yks,3zju, 1.94
6yks,6ykt, 0.30
6yks,5omw, 2.75
6yks,5fol, 2.60
6yks,4k47, 2.89
6yks,6kid, 2.92
6yks,6yku, 0.21
6yks,6ykn, 0.39
6yks,7n12, 2.80
6yks,7nu6, 1.68
6yks,1wkb, 2.85
6yks,5foc, 2.81
6yks,8pot, 2.15
6yks,5fom, 2.61
6yks,4ari, 2.24
6yks,3pz6, 2.83
6yks,2v0c, 2.41
6yks,7nu2, 1.84
6yks,5on2, 2.74
6yks,2ajg, 2.76
6yks,7nu3, 1.59
6yks,7n11, 2.77
6yks,6ykv, 0.25
6yks,5fon, 2.87
6yks,6q8a, 0.41
6yks,5fog, 2.84
6yks,6lr6, 2.83
6yks,5fof, 2.73
6yks,5fo4, 2.81
6yks,7nu7, 1.52
6yks,4k48, 2.76
6yks,8por, 2.86
6yks,1wz2, 2.85
6yks,7ntz, 1.56
6yks,7pqk, 2.85
6yks,4aq7, 2.74
6yks,5ags, 2.79
6yks,7nuc, 1.61
6yks,2wfd, 2.93
6yks,7nu1, 0.52
6yks,7nu4, 0.46
6yks,6ykk, 0.24
6yks,7yp8, 1.50
6yks,7nu8, 1.48
6yks,7nty, 0.64
6yks,4as1, 1.84
5agr,5fod, 2.05
5agr,7bzj, 1.07
5agr,7nua, 1.56
5agr,3zgz, 1.77
5agr,1obh, 1.26
5agr,6ykx, 1.53
5agr,6ykw, 1.36
5agr,6kqy, 2.19
5agr,2bte, 1.48
5agr,7ap2, 1.47
5agr,6kr7, 2.48
5agr,7nub, 1.31
5agr,5on3, 1.54
5agr,7nu9, 1.38
5agr,2v0g, 1.25
5agr,5onh, 1.76
5agr,6ykl, 1.33
5agr,1h3n, 1.19
5agr,2ajh, 1.37
5agr,6yko, 1.87
5agr,8poq, 1.51
5agr,7nu0, 1.39
5agr,2byt, 1.41
5agr,6lpf, 2.86
5agr,4arc, 1.22
5agr,6ykq, 1.45
5agr,5ah5, 1.71
5agr,8pos, 1.72
5agr,3zjt, 1.07
5agr,7nu5, 1.44
5agr,4cqn, 1.36
5agr,3zju, 1.31
5agr,6ykt, 1.30
5agr,5omw, 1.85
5agr,5fol, 2.34
5agr,4k47, 1.17
5agr,6kid, 2.37
5agr,6yku, 1.44
5agr,6ykn, 1.23
5agr,7n12, 0.70
5agr,7nu6, 1.89
5agr,1wkb, 1.77
5agr,5foc, 2.20
5agr,8pot, 1.35
5agr,5fom, 2.17
5agr,4ari, 1.05
5agr,3pz6, 2.56
5agr,2v0c, 1.17
5agr,7nu2, 1.60
5agr,5on2, 1.43
5agr,2ajg, 1.30
5agr,7nu3, 1.76
5agr,7n11, 1.18
5agr,6ykv, 1.28
5agr,5fon, 2.37
5agr,6q8a, 1.37
5agr,5fog, 2.30
5agr,6lr6, 2.28
5agr,5fof, 2.24
5agr,5fo4, 2.16
5agr,7nu7, 1.50
5agr,4k48, 1.57
5agr,8por, 1.22
5agr,1wz2, 2.24
5agr,7ntz, 1.45
5agr,7pqk, 0.09
5agr,4aq7, 1.81
5agr,5ags, 0.08
5agr,7nuc, 1.31
5agr,2wfd, 2.24
5agr,7nu1, 1.35
5agr,7nu4, 1.34
5agr,6ykk, 1.97
5agr,7yp8, 1.40
5agr,7nu8, 1.52
5agr,7nty, 1.45
5agr,4as1, 1.04
5fod,7bzj, 2.09
5fod,7nua, 2.88
5fod,3zgz, 2.91
5fod,1obh, 2.83
5fod,6ykx, 2.89
5fod,6ykw, 2.75
5fod,6kqy, 2.87
5fod,2bte, 2.90
5fod,7ap2, 2.80
5fod,6kr7, 2.83
5fod,7nub, 2.93
5fod,5on3, 2.87
5fod,7nu9, 2.79
5fod,2v0g, 2.81
5fod,5onh, 2.89
5fod,6ykl, 2.76
5fod,1h3n, 2.82
5fod,2ajh, 2.75
5fod,6yko, 2.82
5fod,8poq, 2.93
5fod,7nu0, 2.78
5fod,2byt, 2.88
5fod,6lpf, 2.78
5fod,4arc, 2.86
5fod,6ykq, 2.77
5fod,5ah5, 2.82
5fod,8pos, 2.87
5fod,3zjt, 2.83
5fod,7nu5, 2.71
5fod,4cqn, 2.88
5fod,3zju, 2.78
5fod,6ykt, 2.76
5fod,5omw, 2.75
5fod,5fol, 1.74
5fod,4k47, 2.29
5fod,6kid, 2.85
5fod,6yku, 2.73
5fod,6ykn, 2.91
5fod,7n12, 2.79
5fod,7nu6, 2.79
5fod,1wkb, 2.23
5fod,5foc, 0.37
5fod,8pot, 2.88
5fod,5fom, 1.65
5fod,4ari, 2.74
5fod,3pz6, 2.93
5fod,2v0c, 2.84
5fod,7nu2, 2.81
5fod,5on2, 2.85
5fod,2ajg, 2.86
5fod,7nu3, 2.75
5fod,7n11, 2.36
5fod,6ykv, 2.88
5fod,5fon, 2.33
5fod,6q8a, 2.83
5fod,5fog, 2.36
5fod,6lr6, 2.90
5fod,5fof, 2.85
5fod,5fo4, 0.17
5fod,7nu7, 2.84
5fod,4k48, 2.29
5fod,8por, 2.22
5fod,1wz2, 2.75
5fod,7ntz, 2.84
5fod,7pqk, 2.22
5fod,4aq7, 2.88
5fod,5ags, 2.17
5fod,7nuc, 2.81
5fod,2wfd, 2.57
5fod,7nu1, 2.78
5fod,7nu4, 2.76
5fod,6ykk, 2.80
5fod,7yp8, 2.79
5fod,7nu8, 2.79
5fod,7nty, 2.84
5fod,4as1, 2.80
7bzj,7nua, 1.47
7bzj,3zgz, 1.31
7bzj,1obh, 1.46
7bzj,6ykx, 1.27
7bzj,6ykw, 1.38
7bzj,6kqy, 2.34
7bzj,2bte, 1.08
7bzj,7ap2, 1.41
7bzj,6kr7, 2.24
7bzj,7nub, 1.27
7bzj,5on3, 1.55
7bzj,7nu9, 1.40
7bzj,2v0g, 1.19
7bzj,5onh, 1.29
7bzj,6ykl, 1.27
7bzj,1h3n, 1.24
7bzj,2ajh, 1.75
7bzj,6yko, 1.28
7bzj,8poq, 1.42
7bzj,7nu0, 1.34
7bzj,2byt, 1.40
7bzj,6lpf, 2.29
7bzj,4arc, 1.21
7bzj,6ykq, 1.34
7bzj,5ah5, 1.63
7bzj,8pos, 1.43
7bzj,3zjt, 1.20
7bzj,7nu5, 1.26
7bzj,4cqn, 1.31
7bzj,3zju, 1.05
7bzj,6ykt, 1.29
7bzj,5omw, 1.45
7bzj,5fol, 2.06
7bzj,4k47, 0.30
7bzj,6kid, 2.19
7bzj,6yku, 1.34
7bzj,6ykn, 1.58
7bzj,7n12, 0.94
7bzj,7nu6, 1.27
7bzj,1wkb, 2.05
7bzj,5foc, 2.39
7bzj,8pot, 1.09
7bzj,5fom, 2.02
7bzj,4ari, 1.03
7bzj,3pz6, 2.50
7bzj,2v0c, 1.21
7bzj,7nu2, 1.30
7bzj,5on2, 1.80
7bzj,2ajg, 1.30
7bzj,7nu3, 1.32
7bzj,7n11, 1.53
7bzj,6ykv, 1.48
7bzj,5fon, 2.20
7bzj,6q8a, 1.48
7bzj,5fog, 2.26
7bzj,6lr6, 2.08
7bzj,5fof, 2.46
7bzj,5fo4, 2.53
7bzj,7nu7, 1.40
7bzj,4k48, 0.46
7bzj,8por, 1.30
7bzj,1wz2, 2.19
7bzj,7ntz, 1.25
7bzj,7pqk, 1.26
7bzj,4aq7, 1.46
7bzj,5ags, 1.15
7bzj,7nuc, 1.42
7bzj,2wfd, 2.25
7bzj,7nu1, 1.51
7bzj,7nu4, 1.39
7bzj,6ykk, 1.47
7bzj,7yp8, 1.32
7bzj,7nu8, 1.36
7bzj,7nty, 1.55
7bzj,4as1, 1.05
7nua,3zgz, 2.77
7nua,1obh, 2.43
7nua,6ykx, 0.56
7nua,6ykw, 0.48
7nua,6kqy, 2.87
7nua,2bte, 2.83
7nua,7ap2, 0.99
7nua,6kr7, 2.90
7nua,7nub, 1.98
7nua,5on3, 2.72
7nua,7nu9, 1.80
7nua,2v0g, 2.86
7nua,5onh, 2.81
7nua,6ykl, 0.95
7nua,1h3n, 2.55
7nua,2ajh, 2.89
7nua,6yko, 0.51
7nua,8poq, 2.89
7nua,7nu0, 1.45
7nua,2byt, 2.87
7nua,6lpf, 2.81
7nua,4arc, 2.22
7nua,6ykq, 0.54
7nua,5ah5, 2.87
7nua,8pos, 2.87
7nua,3zjt, 2.50
7nua,7nu5, 0.88
7nua,4cqn, 2.83
7nua,3zju, 2.50
7nua,6ykt, 0.47
7nua,5omw, 2.81
7nua,5fol, 2.83
7nua,4k47, 2.85
7nua,6kid, 2.87
7nua,6yku, 0.56
7nua,6ykn, 0.52
7nua,7n12, 2.86
7nua,7nu6, 1.85
7nua,1wkb, 2.81
7nua,5foc, 2.92
7nua,8pot, 2.49
7nua,5fom, 2.89
7nua,4ari, 1.89
7nua,3pz6, 2.85
7nua,2v0c, 2.55
7nua,7nu2, 1.95
7nua,5on2, 2.79
7nua,2ajg, 2.80
7nua,7nu3, 1.05
7nua,7n11, 2.81
7nua,6ykv, 0.68
7nua,5fon, 2.82
7nua,6q8a, 1.07
7nua,5fog, 2.82
7nua,6lr6, 2.75
7nua,5fof, 2.89
7nua,5fo4, 2.84
7nua,7nu7, 2.08
7nua,4k48, 2.87
7nua,8por, 2.70
7nua,1wz2, 2.86
7nua,7ntz, 1.72
7nua,7pqk, 2.84
7nua,4aq7, 2.77
7nua,5ags, 2.83
7nua,7nuc, 1.49
7nua,2wfd, 2.85
7nua,7nu1, 1.91
7nua,7nu4, 0.85
7nua,6ykk, 0.58
7nua,7yp8, 1.67
7nua,7nu8, 1.74
7nua,7nty, 0.57
7nua,4as1, 2.71
3zgz,1obh, 2.79
3zgz,6ykx, 2.16
3zgz,6ykw, 2.77
3zgz,6kqy, 2.84
3zgz,2bte, 2.85
3zgz,7ap2, 2.74
3zgz,6kr7, 2.81
3zgz,7nub, 2.12
3zgz,5on3, 2.32
3zgz,7nu9, 2.14
3zgz,2v0g, 2.86
3zgz,5onh, 2.02
3zgz,6ykl, 2.26
3zgz,1h3n, 2.87
3zgz,2ajh, 2.81
3zgz,6yko, 2.79
3zgz,8poq, 2.87
3zgz,7nu0, 2.23
3zgz,2byt, 2.86
3zgz,6lpf, 2.83
3zgz,4arc, 2.36
3zgz,6ykq, 2.54
3zgz,5ah5, 2.88
3zgz,8pos, 2.87
3zgz,3zjt, 2.21
3zgz,7nu5, 2.45
3zgz,4cqn, 2.86
3zgz,3zju, 2.50
3zgz,6ykt, 2.53
3zgz,5omw, 2.50
3zgz,5fol, 2.74
3zgz,4k47, 2.75
3zgz,6kid, 2.85
3zgz,6yku, 2.59
3zgz,6ykn, 2.29
3zgz,7n12, 2.80
3zgz,7nu6, 2.59
3zgz,1wkb, 2.84
3zgz,5foc, 2.88
3zgz,8pot, 2.69
3zgz,5fom, 2.92
3zgz,4ari, 2.37
3zgz,3pz6, 2.89
3zgz,2v0c, 2.80
3zgz,7nu2, 2.38
3zgz,5on2, 2.49
3zgz,2ajg, 2.84
3zgz,7nu3, 2.69
3zgz,7n11, 2.76
3zgz,6ykv, 2.17
3zgz,5fon, 2.94
3zgz,6q8a, 2.18
3zgz,5fog, 2.85
3zgz,6lr6, 2.85
3zgz,5fof, 2.95
3zgz,5fo4, 2.81
3zgz,7nu7, 2.65
3zgz,4k48, 2.77
3zgz,8por, 2.78
3zgz,1wz2, 2.92
3zgz,7ntz, 2.21
3zgz,7pqk, 2.79
3zgz,4aq7, 2.82
3zgz,5ags, 2.75
3zgz,7nuc, 2.73
3zgz,2wfd, 2.81
3zgz,7nu1, 2.32
3zgz,7nu4, 1.77
3zgz,6ykk, 2.73
3zgz,7yp8, 2.47
3zgz,7nu8, 2.59
3zgz,7nty, 2.34
3zgz,4as1, 2.06
1obh,6ykx, 2.41
1obh,6ykw, 2.54
1obh,6kqy, 2.78
1obh,2bte, 2.49
1obh,7ap2, 2.50
1obh,6kr7, 2.80
1obh,7nub, 2.59
1obh,5on3, 2.88
1obh,7nu9, 2.33
1obh,2v0g, 2.11
1obh,5onh, 2.84
1obh,6ykl, 2.44
1obh,1h3n, 1.27
1obh,2ajh, 2.78
1obh,6yko, 2.27
1obh,8poq, 2.84
1obh,7nu0, 2.58
1obh,2byt, 2.45
1obh,6lpf, 2.85
1obh,4arc, 2.59
1obh,6ykq, 2.27
1obh,5ah5, 2.79
1obh,8pos, 2.77
1obh,3zjt, 2.59
1obh,7nu5, 2.55
1obh,4cqn, 2.81
1obh,3zju, 2.41
1obh,6ykt, 2.37
1obh,5omw, 2.91
1obh,5fol, 2.76
1obh,4k47, 2.63
1obh,6kid, 2.94
1obh,6yku, 2.43
1obh,6ykn, 2.39
1obh,7n12, 2.88
1obh,7nu6, 2.53
1obh,1wkb, 2.81
1obh,5foc, 2.88
1obh,8pot, 2.35
1obh,5fom, 2.77
1obh,4ari, 2.50
1obh,3pz6, 2.82
1obh,2v0c, 1.35
1obh,7nu2, 2.47
1obh,5on2, 2.92
1obh,2ajg, 2.75
1obh,7nu3, 2.61
1obh,7n11, 2.74
1obh,6ykv, 2.29
1obh,5fon, 2.89
1obh,6q8a, 2.42
1obh,5fog, 2.93
1obh,6lr6, 2.85
1obh,5fof, 2.84
1obh,5fo4, 2.85
1obh,7nu7, 2.65
1obh,4k48, 2.79
1obh,8por, 2.79
1obh,1wz2, 2.83
1obh,7ntz, 2.40
1obh,7pqk, 2.91
1obh,4aq7, 2.95
1obh,5ags, 2.76
1obh,7nuc, 2.41
1obh,2wfd, 2.82
1obh,7nu1, 2.45
1obh,7nu4, 2.39
1obh,6ykk, 2.26
1obh,7yp8, 2.42
1obh,7nu8, 2.61
1obh,7nty, 2.40
1obh,4as1, 2.50
6ykx,6ykw, 0.44
6ykx,6kqy, 2.88
6ykx,2bte, 2.80
6ykx,7ap2, 0.54
6ykx,6kr7, 2.82
6ykx,7nub, 2.17
6ykx,5on3, 1.79
6ykx,7nu9, 1.69
6ykx,2v0g, 2.84
6ykx,5onh, 2.00
6ykx,6ykl, 0.42
6ykx,1h3n, 2.56
6ykx,2ajh, 2.90
6ykx,6yko, 0.47
6ykx,8poq, 2.84
6ykx,7nu0, 2.08
6ykx,2byt, 2.78
6ykx,6lpf, 2.81
6ykx,4arc, 1.84
6ykx,6ykq, 0.37
6ykx,5ah5, 2.88
6ykx,8pos, 2.80
6ykx,3zjt, 1.98
6ykx,7nu5, 1.31
6ykx,4cqn, 2.75
6ykx,3zju, 1.98
6ykx,6ykt, 0.34
6ykx,5omw, 2.29
6ykx,5fol, 2.63
6ykx,4k47, 2.91
6ykx,6kid, 2.75
6ykx,6yku, 0.36
6ykx,6ykn, 0.32
6ykx,7n12, 2.75
6ykx,7nu6, 1.38
6ykx,1wkb, 2.88
6ykx,5foc, 2.84
6ykx,8pot, 2.24
6ykx,5fom, 2.72
6ykx,4ari, 2.04
6ykx,3pz6, 2.73
6ykx,2v0c, 2.56
6ykx,7nu2, 1.23
6ykx,5on2, 2.68
6ykx,2ajg, 2.80
6ykx,7nu3, 1.24
6ykx,7n11, 2.81
6ykx,6ykv, 0.33
6ykx,5fon, 2.77
6ykx,6q8a, 0.47
6ykx,5fog, 2.83
6ykx,6lr6, 2.83
6ykx,5fof, 2.87
6ykx,5fo4, 2.78
6ykx,7nu7, 1.28
6ykx,4k48, 2.73
6ykx,8por, 2.95
6ykx,1wz2, 2.85
6ykx,7ntz, 1.55
6ykx,7pqk, 2.80
6ykx,4aq7, 2.70
6ykx,5ags, 2.55
6ykx,7nuc, 1.62
6ykx,2wfd, 2.81
6ykx,7nu1, 0.44
6ykx,7nu4, 0.49
6ykx,6ykk, 0.26
6ykx,7yp8, 1.24
6ykx,7nu8, 1.42
6ykx,7nty, 0.60
6ykx,4as1, 2.06
6ykw,6kqy, 2.85
6ykw,2bte, 2.79
6ykw,7ap2, 0.53
6ykw,6kr7, 2.84
6ykw,7nub, 1.50
6ykw,5on3, 2.79
6ykw,7nu9, 1.53
6ykw,2v0g, 2.83
6ykw,5onh, 2.74
6ykw,6ykl, 0.26
6ykw,1h3n, 2.59
6ykw,2ajh, 2.84
6ykw,6yko, 0.30
6ykw,8poq, 2.81
6ykw,7nu0, 2.00
6ykw,2byt, 2.89
6ykw,6lpf, 2.87
6ykw,4arc, 2.37
6ykw,6ykq, 0.45
6ykw,5ah5, 2.79
6ykw,8pos, 2.82
6ykw,3zjt, 2.36
6ykw,7nu5, 0.84
6ykw,4cqn, 2.87
6ykw,3zju, 2.31
6ykw,6ykt, 0.35
6ykw,5omw, 2.80
6ykw,5fol, 2.60
6ykw,4k47, 2.96
6ykw,6kid, 2.84
6ykw,6yku, 0.43
6ykw,6ykn, 0.38
6ykw,7n12, 2.82
6ykw,7nu6, 1.58
6ykw,1wkb, 2.87
6ykw,5foc, 2.87
6ykw,8pot, 2.16
6ykw,5fom, 2.70
6ykw,4ari, 1.96
6ykw,3pz6, 2.81
6ykw,2v0c, 2.56
6ykw,7nu2, 1.63
6ykw,5on2, 2.80
6ykw,2ajg, 2.79
6ykw,7nu3, 1.76
6ykw,7n11, 2.76
6ykw,6ykv, 0.44
6ykw,5fon, 2.83
6ykw,6q8a, 0.64
6ykw,5fog, 2.92
6ykw,6lr6, 2.91
6ykw,5fof, 2.84
6ykw,5fo4, 2.87
6ykw,7nu7, 1.74
6ykw,4k48, 2.78
6ykw,8por, 2.63
6ykw,1wz2, 2.79
6ykw,7ntz, 1.58
6ykw,7pqk, 2.81
6ykw,4aq7, 2.93
6ykw,5ags, 2.79
6ykw,7nuc, 2.10
6ykw,2wfd, 2.81
6ykw,7nu1, 0.57
6ykw,7nu4, 0.56
6ykw,6ykk, 0.44
6ykw,7yp8, 1.18
6ykw,7nu8, 1.72
6ykw,7nty, 0.52
6ykw,4as1, 2.73
6kqy,2bte, 2.86
6kqy,7ap2, 2.80
6kqy,6kr7, 1.99
6kqy,7nub, 2.79
6kqy,5on3, 2.88
6kqy,7nu9, 2.83
6kqy,2v0g, 2.85
6kqy,5onh, 2.88
6kqy,6ykl, 2.83
6kqy,1h3n, 2.79
6kqy,2ajh, 2.92
6kqy,6yko, 2.83
6kqy,8poq, 2.78
6kqy,7nu0, 2.79
6kqy,2byt, 2.84
6kqy,6lpf, 2.80
6kqy,4arc, 2.87
6kqy,6ykq, 2.78
6kqy,5ah5, 2.83
6kqy,8pos, 2.78
6kqy,3zjt, 2.87
6kqy,7nu5, 2.84
6kqy,4cqn, 2.87
6kqy,3zju, 2.84
6kqy,6ykt, 2.83
6kqy,5omw, 2.83
6kqy,5fol, 2.89
6kqy,4k47, 2.88
6kqy,6kid, 2.82
6kqy,6yku, 2.81
6kqy,6ykn, 2.80
6kqy,7n12, 2.77
6kqy,7nu6, 2.80
6kqy,1wkb, 2.88
6kqy,5foc, 2.90
6kqy,8pot, 2.88
6kqy,5fom, 2.83
6kqy,4ari, 2.86
6kqy,3pz6, 2.81
6kqy,2v0c, 2.85
6kqy,7nu2, 2.83
6kqy,5on2, 2.89
6kqy,2ajg, 2.88
6kqy,7nu3, 2.75
6kqy,7n11, 2.63
6kqy,6ykv, 2.83
6kqy,5fon, 2.83
6kqy,6q8a, 2.84
6kqy,5fog, 2.83
6kqy,6lr6, 2.80
6kqy,5fof, 2.87
6kqy,5fo4, 2.81
6kqy,7nu7, 2.75
6kqy,4k48, 2.71
6kqy,8por, 2.89
6kqy,1wz2, 2.84
6kqy,7ntz, 2.77
6kqy,7pqk, 2.82
6kqy,4aq7, 2.83
6kqy,5ags, 2.77
6kqy,7nuc, 2.75
6kqy,2wfd, 2.94
6kqy,7nu1, 2.81
6kqy,7nu4, 2.82
6kqy,6ykk, 2.84
6kqy,7yp8, 2.78
6kqy,7nu8, 2.80
6kqy,7nty, 2.83
6kqy,4as1, 2.83
2bte,7ap2, 2.14
2bte,6kr7, 2.94
2bte,7nub, 2.26
2bte,5on3, 2.81
2bte,7nu9, 2.27
2bte,2v0g, 2.32
2bte,5onh, 2.87
2bte,6ykl, 2.19
2bte,1h3n, 2.65
2bte,2ajh, 2.82
2bte,6yko, 2.09
2bte,8poq, 2.79
2bte,7nu0, 2.41
2bte,2byt, 2.13
2bte,6lpf, 2.80
2bte,4arc, 2.43
2bte,6ykq, 2.07
2bte,5ah5, 2.84
2bte,8pos, 2.92
2bte,3zjt, 2.49
2bte,7nu5, 2.31
2bte,4cqn, 2.84
2bte,3zju, 2.41
2bte,6ykt, 2.08
2bte,5omw, 2.90
2bte,5fol, 2.80
2bte,4k47, 2.69
2bte,6kid, 2.85
2bte,6yku, 2.24
2bte,6ykn, 2.23
2bte,7n12, 2.81
2bte,7nu6, 2.16
2bte,1wkb, 2.84
2bte,5foc, 2.89
2bte,8pot, 2.63
2bte,5fom, 2.79
2bte,4ari, 2.47
2bte,3pz6, 2.84
2bte,2v0c, 2.68
2bte,7nu2, 2.05
2bte,5on2, 2.87
2bte,2ajg, 2.72
2bte,7nu3, 2.39
2bte,7n11, 2.66
2bte,6ykv, 2.31
2bte,5fon, 2.83
2bte,6q8a, 2.11
2bte,5fog, 2.83
2bte,6lr6, 2.88
2bte,5fof, 2.84
2bte,5fo4, 2.75
2bte,7nu7, 2.14
2bte,4k48, 2.78
2bte,8por, 2.79
2bte,1wz2, 2.83
2bte,7ntz, 2.30
2bte,7pqk, 2.75
2bte,4aq7, 2.93
2bte,5ags, 2.77
2bte,7nuc, 2.40
2bte,2wfd, 2.80
2bte,7nu1, 2.08
2bte,7nu4, 2.20
2bte,6ykk, 1.99
2bte,7yp8, 2.19
2bte,7nu8, 2.15
2bte,7nty, 2.18
2bte,4as1, 2.68
7ap2,6kr7, 2.85
7ap2,7nub, 2.26
7ap2,5on3, 2.49
7ap2,7nu9, 1.67
7ap2,2v0g, 2.82
7ap2,5onh, 2.69
7ap2,6ykl, 0.52
7ap2,1h3n, 2.62
7ap2,2ajh, 2.82
7ap2,6yko, 0.56
7ap2,8poq, 2.88
7ap2,7nu0, 2.31
7ap2,2byt, 2.90
7ap2,6lpf, 2.87
7ap2,4arc, 2.08
7ap2,6ykq, 0.62
7ap2,5ah5, 2.88
7ap2,8pos, 2.85
7ap2,3zjt, 2.10
7ap2,7nu5, 2.11
7ap2,4cqn, 2.86
7ap2,3zju, 1.89
7ap2,6ykt, 0.47
7ap2,5omw, 2.72
7ap2,5fol, 2.61
7ap2,4k47, 2.71
7ap2,6kid, 2.81
7ap2,6yku, 0.45
7ap2,6ykn, 0.60
7ap2,7n12, 2.73
7ap2,7nu6, 1.84
7ap2,1wkb, 2.88
7ap2,5foc, 2.83
7ap2,8pot, 2.18
7ap2,5fom, 2.80
7ap2,4ari, 2.25
7ap2,3pz6, 2.76
7ap2,2v0c, 2.54
7ap2,7nu2, 2.24
7ap2,5on2, 2.70
7ap2,2ajg, 2.72
7ap2,7nu3, 1.35
7ap2,7n11, 2.66
7ap2,6ykv, 0.44
7ap2,5fon, 2.93
7ap2,6q8a, 0.51
7ap2,5fog, 2.86
7ap2,6lr6, 2.78
7ap2,5fof, 2.83
7ap2,5fo4, 2.92
7ap2,7nu7, 1.40
7ap2,4k48, 2.75
7ap2,8por, 2.83
7ap2,1wz2, 2.73
7ap2,7ntz, 1.98
7ap2,7pqk, 2.84
7ap2,4aq7, 2.80
7ap2,5ags, 2.75
7ap2,7nuc, 2.31
7ap2,2wfd, 2.83
7ap2,7nu1, 0.56
7ap2,7nu4, 0.51
7ap2,6ykk, 0.41
7ap2,7yp8, 1.20
7ap2,7nu8, 1.28
7ap2,7nty, 0.61
7ap2,4as1, 1.81
6kr7,7nub, 2.83
6kr7,5on3, 2.86
6kr7,7nu9, 2.85
6kr7,2v0g, 2.81
6kr7,5onh, 2.82
6kr7,6ykl, 2.86
6kr7,1h3n, 2.83
6kr7,2ajh, 2.85
6kr7,6yko, 2.83
6kr7,8poq, 2.88
6kr7,7nu0, 2.86
6kr7,2byt, 2.81
6kr7,6lpf, 2.60
6kr7,4arc, 2.88
6kr7,6ykq, 2.85
6kr7,5ah5, 2.87
6kr7,8pos, 2.77
6kr7,3zjt, 2.91
6kr7,7nu5, 2.78
6kr7,4cqn, 2.88
6kr7,3zju, 2.89
6kr7,6ykt, 2.91
6kr7,5omw, 2.87
6kr7,5fol, 2.84
6kr7,4k47, 2.72
6kr7,6kid, 2.81
6kr7,6yku, 2.88
6kr7,6ykn, 2.84
6kr7,7n12, 2.80
6kr7,7nu6, 2.81
6kr7,1wkb, 2.75
6kr7,5foc, 2.85
6kr7,8pot, 2.77
6kr7,5fom, 2.84
6kr7,4ari, 2.81
6kr7,3pz6, 2.74
6kr7,2v0c, 2.78
6kr7,7nu2, 2.75
6kr7,5on2, 2.83
6kr7,2ajg, 2.79
6kr7,7nu3, 2.81
6kr7,7n11, 2.87
6kr7,6ykv, 2.83
6kr7,5fon, 2.79
6kr7,6q8a, 2.80
6kr7,5fog, 2.82
6kr7,6lr6, 1.36
6kr7,5fof, 2.83
6kr7,5fo4, 2.78
6kr7,7nu7, 2.72
6kr7,4k48, 2.72
6kr7,8por, 2.86
6kr7,1wz2, 2.79
6kr7,7ntz, 2.77
6kr7,7pqk, 2.74
6kr7,4aq7, 2.88
6kr7,5ags, 2.74
6kr7,7nuc, 2.84
6kr7,2wfd, 2.87
6kr7,7nu1, 2.88
6kr7,7nu4, 2.82
6kr7,6ykk, 2.88
6kr7,7yp8, 2.76
6kr7,7nu8, 2.73
6kr7,7nty, 2.87
6kr7,4as1, 2.88
7nub,5on3, 2.30
7nub,7nu9, 0.59
7nub,2v0g, 2.88
7nub,5onh, 1.99
7nub,6ykl, 1.53
7nub,1h3n, 2.58
7nub,2ajh, 2.88
7nub,6yko, 2.29
7nub,8poq, 2.83
7nub,7nu0, 0.73
7nub,2byt, 2.79
7nub,6lpf, 2.89
7nub,4arc, 1.70
7nub,6ykq, 2.10
7nub,5ah5, 2.86
7nub,8pos, 2.83
7nub,3zjt, 1.69
7nub,7nu5, 1.61
7nub,4cqn, 2.62
7nub,3zju, 1.90
7nub,6ykt, 2.07
7nub,5omw, 1.99
7nub,5fol, 2.70
7nub,4k47, 2.63
7nub,6kid, 2.83
7nub,6yku, 2.45
7nub,6ykn, 2.31
7nub,7n12, 2.84
7nub,7nu6, 1.49
7nub,1wkb, 2.91
7nub,5foc, 2.90
7nub,8pot, 2.29
7nub,5fom, 2.71
7nub,4ari, 1.91
7nub,3pz6, 2.84
7nub,2v0c, 2.66
7nub,7nu2, 1.38
7nub,5on2, 2.42
7nub,2ajg, 2.74
7nub,7nu3, 2.20
7nub,7n11, 2.74
7nub,6ykv, 1.68
7nub,5fon, 2.91
7nub,6q8a, 1.77
7nub,5fog, 2.80
7nub,6lr6, 2.78
7nub,5fof, 2.80
7nub,5fo4, 2.77
7nub,7nu7, 1.48
7nub,4k48, 2.81
7nub,8por, 2.73
7nub,1wz2, 2.80
7nub,7ntz, 0.35
7nub,7pqk, 2.82
7nub,4aq7, 2.49
7nub,5ags, 2.75
7nub,7nuc, 0.56
7nub,2wfd, 2.84
7nub,7nu1, 1.59
7nub,7nu4, 1.66
7nub,6ykk, 2.38
7nub,7yp8, 1.50
7nub,7nu8, 1.58
7nub,7nty, 2.40
7nub,4as1, 2.00
5on3,7nu9, 2.47
5on3,2v0g, 2.80
5on3,5onh, 2.68
5on3,6ykl, 2.75
5on3,1h3n, 2.76
5on3,2ajh, 2.78
5on3,6yko, 2.77
5on3,8poq, 2.80
5on3,7nu0, 2.53
5on3,2byt, 2.84
5on3,6lpf, 2.88
5on3,4arc, 2.67
5on3,6ykq, 2.84
5on3,5ah5, 2.84
5on3,8pos, 2.85
5on3,3zjt, 2.45
5on3,7nu5, 2.59
5on3,4cqn, 2.19
5on3,3zju, 2.69
5on3,6ykt, 2.79
5on3,5omw, 2.43
5on3,5fol, 2.74
5on3,4k47, 2.66
5on3,6kid, 2.87
5on3,6yku, 2.81
5on3,6ykn, 2.59
5on3,7n12, 2.77
5on3,7nu6, 2.70
5on3,1wkb, 2.77
5on3,5foc, 2.83
5on3,8pot, 2.75
5on3,5fom, 2.77
5on3,4ari, 2.64
5on3,3pz6, 2.85
5on3,2v0c, 2.81
5on3,7nu2, 2.78
5on3,5on2, 2.74
5on3,2ajg, 2.97
5on3,7nu3, 2.89
5on3,7n11, 2.81
5on3,6ykv, 2.80
5on3,5fon, 2.81
5on3,6q8a, 2.78
5on3,5fog, 2.79
5on3,6lr6, 2.80
5on3,5fof, 2.83
5on3,5fo4, 2.88
5on3,7nu7, 2.90
5on3,4k48, 2.66
5on3,8por, 2.83
5on3,1wz2, 2.83
5on3,7ntz, 2.77
5on3,7pqk, 2.79
5on3,4aq7, 2.68
5on3,5ags, 2.67
5on3,7nuc, 2.88
5on3,2wfd, 2.78
5on3,7nu1, 2.78
5on3,7nu4, 2.79
5on3,6ykk, 2.88
5on3,7yp8, 2.85
5on3,7nu8, 2.85
5on3,7nty, 2.81
5on3,4as1, 2.83
7nu9,2v0g, 2.88
7nu9,5onh, 2.79
7nu9,6ykl, 2.58
7nu9,1h3n, 2.85
7nu9,2ajh, 2.78
7nu9,6yko, 2.73
7nu9,8poq, 2.85
7nu9,7nu0, 0.35
7nu9,2byt, 2.79
7nu9,6lpf, 2.82
7nu9,4arc, 2.43
7nu9,6ykq, 2.78
7nu9,5ah5, 2.79
7nu9,8pos, 2.97
7nu9,3zjt, 2.38
7nu9,7nu5, 2.48
7nu9,4cqn, 2.80
7nu9,3zju, 2.37
7nu9,6ykt, 2.79
7nu9,5omw, 2.78
7nu9,5fol, 2.78
7nu9,4k47, 2.77
7nu9,6kid, 2.75
7nu9,6yku, 2.68
7nu9,6ykn, 2.51
7nu9,7n12, 2.90
7nu9,7nu6, 2.03
7nu9,1wkb, 2.82
7nu9,5foc, 2.80
7nu9,8pot, 2.69
7nu9,5fom, 2.81
7nu9,4ari, 2.16
7nu9,3pz6, 2.89
7nu9,2v0c, 2.69
7nu9,7nu2, 2.11
7nu9,5on2, 2.38
7nu9,2ajg, 2.80
7nu9,7nu3, 2.30
7nu9,7n11, 2.73
7nu9,6ykv, 1.68
7nu9,5fon, 2.90
7nu9,6q8a, 1.75
7nu9,5fog, 2.79
7nu9,6lr6, 2.77
7nu9,5fof, 2.85
7nu9,5fo4, 2.79
7nu9,7nu7, 2.07
7nu9,4k48, 2.77
7nu9,8por, 2.78
7nu9,1wz2, 2.82
7nu9,7ntz, 0.66
7nu9,7pqk, 2.77
7nu9,4aq7, 2.51
7nu9,5ags, 2.71
7nu9,7nuc, 0.68
7nu9,2wfd, 2.81
7nu9,7nu1, 1.72
7nu9,7nu4, 1.53
7nu9,6ykk, 1.62
7nu9,7yp8, 1.96
7nu9,7nu8, 2.19
7nu9,7nty, 1.67
7nu9,4as1, 2.05
2v0g,5onh, 2.83
2v0g,6ykl, 2.45
2v0g,1h3n, 2.25
2v0g,2ajh, 2.75
2v0g,6yko, 2.46
2v0g,8poq, 2.80
2v0g,7nu0, 2.55
2v0g,2byt, 2.48
2v0g,6lpf, 2.87
2v0g,4arc, 2.51
2v0g,6ykq, 2.53
2v0g,5ah5, 2.78
2v0g,8pos, 2.93
2v0g,3zjt, 2.61
2v0g,7nu5, 2.40
2v0g,4cqn, 2.90
2v0g,3zju, 2.56
2v0g,6ykt, 2.53
2v0g,5omw, 2.86
2v0g,5fol, 2.96
2v0g,4k47, 2.84
2v0g,6kid, 2.90
2v0g,6yku, 2.38
2v0g,6ykn, 2.32
2v0g,7n12, 2.83
2v0g,7nu6, 2.51
2v0g,1wkb, 2.92
2v0g,5foc, 2.69
2v0g,8pot, 2.59
2v0g,5fom, 2.71
2v0g,4ari, 2.54
2v0g,3pz6, 2.76
2v0g,2v0c, 2.46
2v0g,7nu2, 2.53
2v0g,5on2, 2.89
2v0g,2ajg, 2.84
2v0g,7nu3, 2.55
2v0g,7n11, 2.79
2v0g,6ykv, 2.23
2v0g,5fon, 2.85
2v0g,6q8a, 2.42
2v0g,5fog, 2.85
2v0g,6lr6, 2.81
2v0g,5fof, 2.88
2v0g,5fo4, 2.84
2v0g,7nu7, 2.55
2v0g,4k48, 2.85
2v0g,8por, 2.96
2v0g,1wz2, 2.84
2v0g,7ntz, 2.58
2v0g,7pqk, 2.76
2v0g,4aq7, 2.85
2v0g,5ags, 2.73
2v0g,7nuc, 2.63
2v0g,2wfd, 2.86
2v0g,7nu1, 2.45
2v0g,7nu4, 2.37
2v0g,6ykk, 2.51
2v0g,7yp8, 2.45
2v0g,7nu8, 2.50
2v0g,7nty, 2.43
2v0g,4as1, 2.61
5onh,6ykl, 2.73
5onh,1h3n, 2.90
5onh,2ajh, 2.86
5onh,6yko, 2.79
5onh,8poq, 2.87
5onh,7nu0, 2.45
5onh,2byt, 2.91
5onh,6lpf, 2.73
5onh,4arc, 2.70
5onh,6ykq, 2.81
5onh,5ah5, 2.87
5onh,8pos, 2.77
5onh,3zjt, 2.52
5onh,7nu5, 2.59
5onh,4cqn, 2.85
5onh,3zju, 2.67
5onh,6ykt, 2.78
5onh,5omw, 0.70
5onh,5fol, 2.78
5onh,4k47, 2.73
5onh,6kid, 2.89
5onh,6yku, 2.76
5onh,6ykn, 2.59
5onh,7n12, 2.77
5onh,7nu6, 2.66
5onh,1wkb, 2.93
5onh,5foc, 2.90
5onh,8pot, 2.69
5onh,5fom, 2.74
5onh,4ari, 2.56
5onh,3pz6, 2.82
5onh,2v0c, 2.85
5onh,7nu2, 2.54
5onh,5on2, 0.31
5onh,2ajg, 2.92
5onh,7nu3, 2.73
5onh,7n11, 2.76
5onh,6ykv, 2.79
5onh,5fon, 2.89
5onh,6q8a, 1.98
5onh,5fog, 2.87
5onh,6lr6, 2.78
5onh,5fof, 2.92
5onh,5fo4, 2.84
5onh,7nu7, 2.74
5onh,4k48, 2.74
5onh,8por, 2.72
5onh,1wz2, 2.91
5onh,7ntz, 2.50
5onh,7pqk, 2.78
5onh,4aq7, 1.76
5onh,5ags, 2.76
5onh,7nuc, 2.73
5onh,2wfd, 2.81
5onh,7nu1, 2.69
5onh,7nu4, 2.80
5onh,6ykk, 2.76
5onh,7yp8, 2.70
5onh,7nu8, 2.73
5onh,7nty, 2.81
5onh,4as1, 2.58
6ykl,1h3n, 2.58
6ykl,2ajh, 2.88
6ykl,6yko, 0.25
6ykl,8poq, 2.82
6ykl,7nu0, 1.55
6ykl,2byt, 2.86
6ykl,6lpf, 2.86
6ykl,4arc, 2.27
6ykl,6ykq, 0.36
6ykl,5ah5, 2.84
6ykl,8pos, 2.76
6ykl,3zjt, 2.09
6ykl,7nu5, 0.77
6ykl,4cqn, 2.78
6ykl,3zju, 2.10
6ykl,6ykt, 0.27
6ykl,5omw, 2.67
6ykl,5fol, 2.55
6ykl,4k47, 2.74
6ykl,6kid, 2.83
6ykl,6yku, 0.36
6ykl,6ykn, 0.38
6ykl,7n12, 2.83
6ykl,7nu6, 1.72
6ykl,1wkb, 2.89
6ykl,5foc, 2.86
6ykl,8pot, 1.95
6ykl,5fom, 2.79
6ykl,4ari, 1.96
6ykl,3pz6, 2.81
6ykl,2v0c, 2.58
6ykl,7nu2, 1.58
6ykl,5on2, 2.74
6ykl,2ajg, 2.75
6ykl,7nu3, 1.42
6ykl,7n11, 2.72
6ykl,6ykv, 0.40
6ykl,5fon, 2.85
6ykl,6q8a, 0.57
6ykl,5fog, 2.92
6ykl,6lr6, 2.81
6ykl,5fof, 2.87
6ykl,5fo4, 2.91
6ykl,7nu7, 1.43
6ykl,4k48, 2.69
6ykl,8por, 2.73
6ykl,1wz2, 2.81
6ykl,7ntz, 1.46
6ykl,7pqk, 2.86
6ykl,4aq7, 2.74
6ykl,5ags, 2.91
6ykl,7nuc, 1.76
6ykl,2wfd, 2.81
6ykl,7nu1, 0.61
6ykl,7nu4, 0.57
6ykl,6ykk, 0.44
6ykl,7yp8, 1.58
6ykl,7nu8, 1.34
6ykl,7nty, 0.54
6ykl,4as1, 2.42
1h3n,2ajh, 2.86
1h3n,6yko, 2.46
1h3n,8poq, 2.94
1h3n,7nu0, 2.51
1h3n,2byt, 2.59
1h3n,6lpf, 2.84
1h3n,4arc, 2.55
1h3n,6ykq, 2.49
1h3n,5ah5, 2.85
1h3n,8pos, 2.85
1h3n,3zjt, 2.58
1h3n,7nu5, 2.69
1h3n,4cqn, 2.89
1h3n,3zju, 2.49
1h3n,6ykt, 2.55
1h3n,5omw, 2.96
1h3n,5fol, 2.77
1h3n,4k47, 2.82
1h3n,6kid, 2.82
1h3n,6yku, 2.62
1h3n,6ykn, 2.56
1h3n,7n12, 2.88
1h3n,7nu6, 2.60
1h3n,1wkb, 2.84
1h3n,5foc, 2.76
1h3n,8pot, 2.46
1h3n,5fom, 2.73
1h3n,4ari, 2.56
1h3n,3pz6, 2.74
1h3n,2v0c, 0.28
1h3n,7nu2, 2.60
1h3n,5on2, 2.90
1h3n,2ajg, 2.79
1h3n,7nu3, 2.66
1h3n,7n11, 2.73
1h3n,6ykv, 2.52
1h3n,5fon, 2.86
1h3n,6q8a, 2.50
1h3n,5fog, 2.81
1h3n,6lr6, 2.81
1h3n,5fof, 2.84
1h3n,5fo4, 2.80
1h3n,7nu7, 2.65
1h3n,4k48, 2.79
1h3n,8por, 2.75
1h3n,1wz2, 2.85
1h3n,7ntz, 2.47
1h3n,7pqk, 2.77
1h3n,4aq7, 2.94
1h3n,5ags, 2.88
1h3n,7nuc, 2.52
1h3n,2wfd, 2.83
1h3n,7nu1, 2.69
1h3n,7nu4, 2.57
1h3n,6ykk, 2.52
1h3n,7yp8, 2.53
1h3n,7nu8, 2.60
1h3n,7nty, 2.66
1h3n,4as1, 2.68
2ajh,6yko, 2.85
2ajh,8poq, 2.36
2ajh,7nu0, 2.82
2ajh,2byt, 2.88
2ajh,6lpf, 2.87
2ajh,4arc, 2.77
2ajh,6ykq, 2.78
2ajh,5ah5, 2.76
2ajh,8pos, 2.75
2ajh,3zjt, 2.87
2ajh,7nu5, 2.78
2ajh,4cqn, 2.82
2ajh,3zju, 2.75
2ajh,6ykt, 2.86
2ajh,5omw, 2.87
2ajh,5fol, 2.72
2ajh,4k47, 1.64
2ajh,6kid, 2.75
2ajh,6yku, 2.82
2ajh,6ykn, 2.77
2ajh,7n12, 2.05
2ajh,7nu6, 2.71
2ajh,1wkb, 2.86
2ajh,5foc, 2.77
2ajh,8pot, 2.84
2ajh,5fom, 2.85
2ajh,4ari, 2.87
2ajh,3pz6, 2.82
2ajh,2v0c, 2.86
2ajh,7nu2, 2.79
2ajh,5on2, 2.83
2ajh,2ajg, 0.40
2ajh,7nu3, 2.75
2ajh,7n11, 1.59
2ajh,6ykv, 2.76
2ajh,5fon, 2.82
2ajh,6q8a, 2.85
2ajh,5fog, 2.79
2ajh,6lr6, 2.68
2ajh,5fof, 2.83
2ajh,5fo4, 2.69
2ajh,7nu7, 2.83
2ajh,4k48, 1.30
2ajh,8por, 1.49
2ajh,1wz2, 2.85
2ajh,7ntz, 2.81
2ajh,7pqk, 1.28
2ajh,4aq7, 2.79
2ajh,5ags, 1.41
2ajh,7nuc, 2.84
2ajh,2wfd, 2.82
2ajh,7nu1, 2.76
2ajh,7nu4, 2.86
2ajh,6ykk, 2.78
2ajh,7yp8, 2.77
2ajh,7nu8, 2.77
2ajh,7nty, 2.81
2ajh,4as1, 2.86
6yko,8poq, 2.88
6yko,7nu0, 2.28
6yko,2byt, 2.85
6yko,6lpf, 2.94
6yko,4arc, 1.93
6yko,6ykq, 0.42
6yko,5ah5, 2.83
6yko,8pos, 2.90
6yko,3zjt, 1.92
6yko,7nu5, 1.18
6yko,4cqn, 2.83
6yko,3zju, 2.48
6yko,6ykt, 0.33
6yko,5omw, 2.90
6yko,5fol, 2.61
6yko,4k47, 2.87
6yko,6kid, 2.84
6yko,6yku, 0.43
6yko,6ykn, 0.45
6yko,7n12, 2.77
6yko,7nu6, 1.75
6yko,1wkb, 2.77
6yko,5foc, 2.85
6yko,8pot, 2.43
6yko,5fom, 2.67
6yko,4ari, 1.85
6yko,3pz6, 2.78
6yko,2v0c, 2.50
6yko,7nu2, 2.12
6yko,5on2, 2.82
6yko,2ajg, 2.75
6yko,7nu3, 1.51
6yko,7n11, 2.78
6yko,6ykv, 0.42
6yko,5fon, 2.90
6yko,6q8a, 0.63
6yko,5fog, 2.88
6yko,6lr6, 2.80
6yko,5fof, 2.83
6yko,5fo4, 2.84
6yko,7nu7, 1.87
6yko,4k48, 2.91
6yko,8por, 2.84
6yko,1wz2, 2.80
6yko,7ntz, 1.85
6yko,7pqk, 2.85
6yko,4aq7, 2.81
6yko,5ags, 2.84
6yko,7nuc, 2.20
6yko,2wfd, 2.85
6yko,7nu1, 0.67
6yko,7nu4, 0.64
6yko,6ykk, 0.46
6yko,7yp8, 1.69
6yko,7nu8, 1.74
6yko,7nty, 0.62
6yko,4as1, 2.58
8poq,7nu0, 2.71
8poq,2byt, 2.86
8poq,6lpf, 2.86
8poq,4arc, 2.91
8poq,6ykq, 2.87
8poq,5ah5, 2.97
8poq,8pos, 1.06
8poq,3zjt, 2.88
8poq,7nu5, 2.86
8poq,4cqn, 2.92
8poq,3zju, 2.91
8poq,6ykt, 2.83
8poq,5omw, 2.80
8poq,5fol, 2.81
8poq,4k47, 1.29
8poq,6kid, 2.79
8poq,6yku, 2.85
8poq,6ykn, 2.84
8poq,7n12, 2.73
8poq,7nu6, 2.80
8poq,1wkb, 2.85
8poq,5foc, 2.87
8poq,8pot, 2.91
8poq,5fom, 2.78
8poq,4ari, 2.88
8poq,3pz6, 2.82
8poq,2v0c, 2.88
8poq,7nu2, 2.83
8poq,5on2, 2.88
8poq,2ajg, 2.77
8poq,7nu3, 2.82
8poq,7n11, 1.92
8poq,6ykv, 2.85
8poq,5fon, 2.83
8poq,6q8a, 2.85
8poq,5fog, 2.78
8poq,6lr6, 2.86
8poq,5fof, 2.87
8poq,5fo4, 2.90
8poq,7nu7, 2.82
8poq,4k48, 1.34
8poq,8por, 1.08
8poq,1wz2, 2.78
8poq,7ntz, 2.87
8poq,7pqk, 1.46
8poq,4aq7, 2.93
8poq,5ags, 1.45
8poq,7nuc, 2.79
8poq,2wfd, 2.88
8poq,7nu1, 2.80
8poq,7nu4, 2.89
8poq,6ykk, 2.89
8poq,7yp8, 2.90
8poq,7nu8, 2.90
8poq,7nty, 2.90
8poq,4as1, 2.89
7nu0,2byt, 2.87
7nu0,6lpf, 2.86
7nu0,4arc, 1.82
7nu0,6ykq, 1.68
7nu0,5ah5, 2.83
7nu0,8pos, 2.77
7nu0,3zjt, 1.95
7nu0,7nu5, 2.18
7nu0,4cqn, 2.60
7nu0,3zju, 2.04
7nu0,6ykt, 1.51
7nu0,5omw, 2.30
7nu0,5fol, 2.57
7nu0,4k47, 2.81
7nu0,6kid, 2.84
7nu0,6yku, 2.26
7nu0,6ykn, 2.48
7nu0,7n12, 2.87
7nu0,7nu6, 2.10
7nu0,1wkb, 2.85
7nu0,5foc, 2.88
7nu0,8pot, 2.34
7nu0,5fom, 2.79
7nu0,4ari, 1.91
7nu0,3pz6, 2.70
7nu0,2v0c, 2.73
7nu0,7nu2, 1.82
7nu0,5on2, 2.38
7nu0,2ajg, 2.81
7nu0,7nu3, 2.34
7nu0,7n11, 2.70
7nu0,6ykv, 1.95
7nu0,5fon, 2.89
7nu0,6q8a, 1.95
7nu0,5fog, 2.93
7nu0,6lr6, 2.80
7nu0,5fof, 2.79
7nu0,5fo4, 2.79
7nu0,7nu7, 1.91
7nu0,4k48, 2.74
7nu0,8por, 2.81
7nu0,1wz2, 2.78
7nu0,7ntz, 0.58
7nu0,7pqk, 2.79
7nu0,4aq7, 2.58
7nu0,5ags, 2.69
7nu0,7nuc, 0.35
7nu0,2wfd, 2.76
7nu0,7nu1, 2.22
7nu0,7nu4, 2.29
7nu0,6ykk, 1.94
7nu0,7yp8, 1.76
7nu0,7nu8, 2.15
7nu0,7nty, 1.92
7nu0,4as1, 2.52
2byt,6lpf, 2.88
2byt,4arc, 2.55
2byt,6ykq, 2.01
2byt,5ah5, 2.79
2byt,8pos, 2.79
2byt,3zjt, 2.52
2byt,7nu5, 2.16
2byt,4cqn, 2.91
2byt,3zju, 2.48
2byt,6ykt, 2.06
2byt,5omw, 2.90
2byt,5fol, 2.91
2byt,4k47, 2.70
2byt,6kid, 2.90
2byt,6yku, 2.06
2byt,6ykn, 1.98
2byt,7n12, 2.89
2byt,7nu6, 2.15
2byt,1wkb, 2.88
2byt,5foc, 2.82
2byt,8pot, 2.56
2byt,5fom, 2.90
2byt,4ari, 2.52
2byt,3pz6, 2.86
2byt,2v0c, 2.51
2byt,7nu2, 2.30
2byt,5on2, 2.86
2byt,2ajg, 2.74
2byt,7nu3, 2.32
2byt,7n11, 2.76
2byt,6ykv, 2.12
2byt,5fon, 2.77
2byt,6q8a, 2.16
2byt,5fog, 2.90
2byt,6lr6, 2.80
2byt,5fof, 2.85
2byt,5fo4, 2.84
2byt,7nu7, 2.26
2byt,4k48, 2.75
2byt,8por, 2.78
2byt,1wz2, 2.90
2byt,7ntz, 2.38
2byt,7pqk, 2.97
2byt,4aq7, 2.94
2byt,5ags, 2.77
2byt,7nuc, 2.43
2byt,2wfd, 2.89
2byt,7nu1, 2.08
2byt,7nu4, 2.07
2byt,6ykk, 2.07
2byt,7yp8, 2.00
2byt,7nu8, 2.17
2byt,7nty, 2.10
2byt,4as1, 2.62
6lpf,4arc, 3.00
6lpf,6ykq, 2.88
6lpf,5ah5, 2.79
6lpf,8pos, 2.75
6lpf,3zjt, 2.95
6lpf,7nu5, 2.83
6lpf,4cqn, 2.85
6lpf,3zju, 2.95
6lpf,6ykt, 2.88
6lpf,5omw, 2.89
6lpf,5fol, 2.90
6lpf,4k47, 2.74
6lpf,6kid, 2.78
6lpf,6yku, 2.86
6lpf,6ykn, 2.83
6lpf,7n12, 2.73
6lpf,7nu6, 2.81
6lpf,1wkb, 2.82
6lpf,5foc, 2.79
6lpf,8pot, 2.88
6lpf,5fom, 2.87
6lpf,4ari, 2.79
6lpf,3pz6, 2.90
6lpf,2v0c, 2.83
6lpf,7nu2, 2.82
6lpf,5on2, 2.91
6lpf,2ajg, 2.98
6lpf,7nu3, 2.75
6lpf,7n11, 2.51
6lpf,6ykv, 2.81
6lpf,5fon, 2.81
6lpf,6q8a, 2.88
6lpf,5fog, 2.90
6lpf,6lr6, 2.43
6lpf,5fof, 2.88
6lpf,5fo4, 2.85
6lpf,7nu7, 2.81
6lpf,4k48, 2.79
6lpf,8por, 2.75
6lpf,1wz2, 2.88
6lpf,7ntz, 2.79
6lpf,7pqk, 2.89
6lpf,4aq7, 2.90
6lpf,5ags, 2.81
6lpf,7nuc, 2.85
6lpf,2wfd, 2.87
6lpf,7nu1, 2.89
6lpf,7nu4, 2.86
6lpf,6ykk, 2.86
6lpf,7yp8, 2.87
6lpf,7nu8, 2.80
6lpf,7nty, 2.84
6lpf,4as1, 2.91
4arc,6ykq, 2.18
4arc,5ah5, 2.82
4arc,8pos, 2.87
4arc,3zjt, 0.25
4arc,7nu5, 1.77
4arc,4cqn, 2.77
4arc,3zju, 0.32
4arc,6ykt, 2.12
4arc,5omw, 2.23
4arc,5fol, 2.78
4arc,4k47, 2.64
4arc,6kid, 2.80
4arc,6yku, 2.25
4arc,6ykn, 1.99
4arc,7n12, 2.88
4arc,7nu6, 2.49
4arc,1wkb, 2.88
4arc,5foc, 2.75
4arc,8pot, 1.48
4arc,5fom, 2.84
4arc,4ari, 0.29
4arc,3pz6, 2.81
4arc,2v0c, 2.54
4arc,7nu2, 1.89
4arc,5on2, 2.52
4arc,2ajg, 2.80
4arc,7nu3, 2.08
4arc,7n11, 2.88
4arc,6ykv, 2.46
4arc,5fon, 2.85
4arc,6q8a, 2.02
4arc,5fog, 2.80
4arc,6lr6, 2.83
4arc,5fof, 2.88
4arc,5fo4, 2.82
4arc,7nu7, 2.07
4arc,4k48, 2.56
4arc,8por, 2.79
4arc,1wz2, 2.78
4arc,7ntz, 1.75
4arc,7pqk, 2.84
4arc,4aq7, 2.71
4arc,5ags, 2.76
4arc,7nuc, 2.29
4arc,2wfd, 2.84
4arc,7nu1, 1.78
4arc,7nu4, 2.12
4arc,6ykk, 2.16
4arc,7yp8, 1.86
4arc,7nu8, 1.81
4arc,7nty, 2.19
4arc,4as1, 1.53
6ykq,5ah5, 2.79
6ykq,8pos, 2.83
6ykq,3zjt, 2.01
6ykq,7nu5, 0.97
6ykq,4cqn, 2.80
6ykq,3zju, 1.86
6ykq,6ykt, 0.24
6ykq,5omw, 2.82
6ykq,5fol, 2.57
6ykq,4k47, 2.87
6ykq,6kid, 2.89
6ykq,6yku, 0.26
6ykq,6ykn, 0.46
6ykq,7n12, 2.83
6ykq,7nu6, 1.93
6ykq,1wkb, 2.84
6ykq,5foc, 2.86
6ykq,8pot, 2.47
6ykq,5fom, 2.65
6ykq,4ari, 1.97
6ykq,3pz6, 2.80
6ykq,2v0c, 2.47
6ykq,7nu2, 2.01
6ykq,5on2, 2.75
6ykq,2ajg, 2.77
6ykq,7nu3, 1.79
6ykq,7n11, 2.73
6ykq,6ykv, 0.29
6ykq,5fon, 2.80
6ykq,6q8a, 0.61
6ykq,5fog, 2.82
6ykq,6lr6, 2.86
6ykq,5fof, 2.83
6ykq,5fo4, 2.83
6ykq,7nu7, 2.07
6ykq,4k48, 2.77
6ykq,8por, 2.74
6ykq,1wz2, 2.82
6ykq,7ntz, 1.70
6ykq,7pqk, 2.83
6ykq,4aq7, 2.78
6ykq,5ags, 2.83
6ykq,7nuc, 1.74
6ykq,2wfd, 2.87
6ykq,7nu1, 0.59
6ykq,7nu4, 0.60
6ykq,6ykk, 0.33
6ykq,7yp8, 1.47
6ykq,7nu8, 1.60
6ykq,7nty, 0.69
6ykq,4as1, 2.01
5ah5,8pos, 2.82
5ah5,3zjt, 2.35
5ah5,7nu5, 2.66
5ah5,4cqn, 2.92
5ah5,3zju, 2.64
5ah5,6ykt, 2.71
5ah5,5omw, 2.84
5ah5,5fol, 2.85
5ah5,4k47, 2.81
5ah5,6kid, 2.86
5ah5,6yku, 2.74
5ah5,6ykn, 2.79
5ah5,7n12, 2.89
5ah5,7nu6, 2.50
5ah5,1wkb, 2.67
5ah5,5foc, 2.83
5ah5,8pot, 2.75
5ah5,5fom, 2.72
5ah5,4ari, 2.81
5ah5,3pz6, 2.91
5ah5,2v0c, 2.71
5ah5,7nu2, 2.51
5ah5,5on2, 2.88
5ah5,2ajg, 2.80
5ah5,7nu3, 2.72
5ah5,7n11, 2.78
5ah5,6ykv, 2.76
5ah5,5fon, 2.92
5ah5,6q8a, 2.74
5ah5,5fog, 2.92
5ah5,6lr6, 2.91
5ah5,5fof, 2.77
5ah5,5fo4, 2.83
5ah5,7nu7, 2.69
5ah5,4k48, 2.88
5ah5,8por, 2.73
5ah5,1wz2, 2.81
5ah5,7ntz, 2.58
5ah5,7pqk, 2.65
5ah5,4aq7, 2.84
5ah5,5ags, 2.79
5ah5,7nuc, 2.51
5ah5,2wfd, 2.87
5ah5,7nu1, 2.75
5ah5,7nu4, 2.74
5ah5,6ykk, 2.73
5ah5,7yp8, 2.49
5ah5,7nu8, 2.58
5ah5,7nty, 2.75
5ah5,4as1, 2.84
8pos,3zjt, 2.86
8pos,7nu5, 2.79
8pos,4cqn, 2.70
8pos,3zju, 2.89
8pos,6ykt, 2.85
8pos,5omw, 2.88
8pos,5fol, 2.80
8pos,4k47, 1.47
8pos,6kid, 2.79
8pos,6yku, 2.86
8pos,6ykn, 2.85
8pos,7n12, 1.72
8pos,7nu6, 2.86
8pos,1wkb, 2.83
8pos,5foc, 2.84
8pos,8pot, 2.83
8pos,5fom, 2.72
8pos,4ari, 2.92
8pos,3pz6, 2.87
8pos,2v0c, 2.88
8pos,7nu2, 2.74
8pos,5on2, 2.80
8pos,2ajg, 2.74
8pos,7nu3, 2.74
8pos,7n11, 2.03
8pos,6ykv, 2.84
8pos,5fon, 2.64
8pos,6q8a, 2.79
8pos,5fog, 2.84
8pos,6lr6, 2.78
8pos,5fof, 2.43
8pos,5fo4, 2.67
8pos,7nu7, 2.77
8pos,4k48, 1.35
8pos,8por, 1.13
8pos,1wz2, 2.78
8pos,7ntz, 2.75
8pos,7pqk, 1.84
8pos,4aq7, 2.76
8pos,5ags, 1.73
8pos,7nuc, 2.75
8pos,2wfd, 2.80
8pos,7nu1, 2.84
8pos,7nu4, 2.71
8pos,6ykk, 2.81
8pos,7yp8, 2.76
8pos,7nu8, 2.76
8pos,7nty, 2.83
8pos,4as1, 2.83
3zjt,7nu5, 1.84
3zjt,4cqn, 2.83
3zjt,3zju, 0.36
3zjt,6ykt, 2.14
3zjt,5omw, 2.25
3zjt,5fol, 2.80
3zjt,4k47, 2.70
3zjt,6kid, 2.77
3zjt,6yku, 2.25
3zjt,6ykn, 2.02
3zjt,7n12, 2.87
3zjt,7nu6, 2.16
3zjt,1wkb, 2.83
3zjt,5foc, 2.74
3zjt,8pot, 1.40
3zjt,5fom, 2.89
3zjt,4ari, 0.29
3zjt,3pz6, 2.76
3zjt,2v0c, 2.67
3zjt,7nu2, 2.00
3zjt,5on2, 2.41
3zjt,2ajg, 2.92
3zjt,7nu3, 2.57
3zjt,7n11, 2.73
3zjt,6ykv, 2.58
3zjt,5fon, 2.95
3zjt,6q8a, 2.35
3zjt,5fog, 2.81
3zjt,6lr6, 2.85
3zjt,5fof, 2.86
3zjt,5fo4, 2.85
3zjt,7nu7, 2.47
3zjt,4k48, 2.76
3zjt,8por, 2.74
3zjt,1wz2, 2.92
3zjt,7ntz, 1.86
3zjt,7pqk, 2.73
3zjt,4aq7, 2.54
3zjt,5ags, 2.79
3zjt,7nuc, 2.14
3zjt,2wfd, 2.85
3zjt,7nu1, 2.13
3zjt,7nu4, 2.55
3zjt,6ykk, 2.11
3zjt,7yp8, 1.95
3zjt,7nu8, 2.27
3zjt,7nty, 2.61
3zjt,4as1, 1.46
7nu5,4cqn, 2.71
7nu5,3zju, 1.89
7nu5,6ykt, 1.29
7nu5,5omw, 2.30
7nu5,5fol, 2.66
7nu5,4k47, 2.88
7nu5,6kid, 2.87
7nu5,6yku, 1.13
7nu5,6ykn, 1.22
7nu5,7n12, 2.87
7nu5,7nu6, 0.86
7nu5,1wkb, 2.85
7nu5,5foc, 2.87
7nu5,8pot, 2.17
7nu5,5fom, 2.78
7nu5,4ari, 2.24
7nu5,3pz6, 2.77
7nu5,2v0c, 2.68
7nu5,7nu2, 0.82
7nu5,5on2, 2.61
7nu5,2ajg, 2.82
7nu5,7nu3, 0.69
7nu5,7n11, 2.76
7nu5,6ykv, 0.89
7nu5,5fon, 2.80
7nu5,6q8a, 0.85
7nu5,5fog, 2.86
7nu5,6lr6, 2.87
7nu5,5fof, 2.80
7nu5,5fo4, 2.84
7nu5,7nu7, 0.84
7nu5,4k48, 2.98
7nu5,8por, 2.92
7nu5,1wz2, 2.85
7nu5,7ntz, 1.92
7nu5,7pqk, 2.89
7nu5,4aq7, 2.69
7nu5,5ags, 2.83
7nu5,7nuc, 2.37
7nu5,2wfd, 2.84
7nu5,7nu1, 0.92
7nu5,7nu4, 1.61
7nu5,6ykk, 1.43
7nu5,7yp8, 0.84
7nu5,7nu8, 0.78
7nu5,7nty, 0.61
7nu5,4as1, 1.84
4cqn,3zju, 2.75
4cqn,6ykt, 2.80
4cqn,5omw, 2.81
4cqn,5fol, 2.79
4cqn,4k47, 2.79
4cqn,6kid, 2.92
4cqn,6yku, 2.81
4cqn,6ykn, 2.72
4cqn,7n12, 2.81
4cqn,7nu6, 2.76
4cqn,1wkb, 2.81
4cqn,5foc, 2.80
4cqn,8pot, 2.75
4cqn,5fom, 2.77
4cqn,4ari, 2.26
4cqn,3pz6, 2.86
4cqn,2v0c, 2.85
4cqn,7nu2, 2.80
4cqn,5on2, 2.85
4cqn,2ajg, 2.89
4cqn,7nu3, 2.80
4cqn,7n11, 2.80
4cqn,6ykv, 2.74
4cqn,5fon, 2.85
4cqn,6q8a, 2.07
4cqn,5fog, 2.89
4cqn,6lr6, 2.90
4cqn,5fof, 2.84
4cqn,5fo4, 2.87
4cqn,7nu7, 2.81
4cqn,4k48, 2.82
4cqn,8por, 2.76
4cqn,1wz2, 2.81
4cqn,7ntz, 2.35
4cqn,7pqk, 2.73
4cqn,4aq7, 1.96
4cqn,5ags, 2.78
4cqn,7nuc, 2.68
4cqn,2wfd, 2.81
4cqn,7nu1, 2.48
4cqn,7nu4, 2.59
4cqn,6ykk, 2.72
4cqn,7yp8, 2.76
4cqn,7nu8, 2.76
4cqn,7nty, 2.63
4cqn,4as1, 1.90
3zju,6ykt, 1.92
3zju,5omw, 2.33
3zju,5fol, 2.79
3zju,4k47, 2.78
3zju,6kid, 2.87
3zju,6yku, 1.82
3zju,6ykn, 1.94
3zju,7n12, 2.71
3zju,7nu6, 2.21
3zju,1wkb, 2.85
3zju,5foc, 2.79
3zju,8pot, 1.38
3zju,5fom, 2.86
3zju,4ari, 0.35
3zju,3pz6, 2.74
3zju,2v0c, 2.48
3zju,7nu2, 1.92
3zju,5on2, 2.54
3zju,2ajg, 2.79
3zju,7nu3, 1.86
3zju,7n11, 2.88
3zju,6ykv, 2.11
3zju,5fon, 2.84
3zju,6q8a, 1.70
3zju,5fog, 2.87
3zju,6lr6, 2.79
3zju,5fof, 2.88
3zju,5fo4, 2.80
3zju,7nu7, 1.84
3zju,4k48, 2.71
3zju,8por, 2.81
3zju,1wz2, 2.93
3zju,7ntz, 1.91
3zju,7pqk, 2.83
3zju,4aq7, 2.69
3zju,5ags, 2.84
3zju,7nuc, 2.37
3zju,2wfd, 2.84
3zju,7nu1, 1.87
3zju,7nu4, 2.04
3zju,6ykk, 1.85
3zju,7yp8, 1.77
3zju,7nu8, 1.98
3zju,7nty, 2.19
3zju,4as1, 1.67
6ykt,5omw, 2.81
6ykt,5fol, 2.61
6ykt,4k47, 2.93
6ykt,6kid, 2.86
6ykt,6yku, 0.28
6ykt,6ykn, 0.37
6ykt,7n12, 2.83
6ykt,7nu6, 1.96
6ykt,1wkb, 2.87
6ykt,5foc, 2.86
6ykt,8pot, 2.28
6ykt,5fom, 2.79
6ykt,4ari, 2.21
6ykt,3pz6, 2.77
6ykt,2v0c, 2.53
6ykt,7nu2, 2.08
6ykt,5on2, 2.78
6ykt,2ajg, 2.78
6ykt,7nu3, 1.70
6ykt,7n11, 2.76
6ykt,6ykv, 0.28
6ykt,5fon, 2.79
6ykt,6q8a, 0.61
6ykt,5fog, 2.85
6ykt,6lr6, 2.87
6ykt,5fof, 2.87
6ykt,5fo4, 2.85
6ykt,7nu7, 1.99
6ykt,4k48, 2.75
6ykt,8por, 2.77
6ykt,1wz2, 2.85
6ykt,7ntz, 1.50
6ykt,7pqk, 2.83
6ykt,4aq7, 2.76
6ykt,5ags, 2.79
6ykt,7nuc, 1.49
6ykt,2wfd, 2.93
6ykt,7nu1, 0.55
6ykt,7nu4, 0.55
6ykt,6ykk, 0.31
6ykt,7yp8, 1.34
6ykt,7nu8, 1.30
6ykt,7nty, 0.61
6ykt,4as1, 2.21
5omw,5fol, 2.85
5omw,4k47, 2.79
5omw,6kid, 2.93
5omw,6yku, 2.69
5omw,6ykn, 2.09
5omw,7n12, 2.70
5omw,7nu6, 2.48
5omw,1wkb, 2.88
5omw,5foc, 2.91
5omw,8pot, 2.69
5omw,5fom, 2.95
5omw,4ari, 2.34
5omw,3pz6, 2.87
5omw,2v0c, 2.84
5omw,7nu2, 2.21
5omw,5on2, 2.18
5omw,2ajg, 2.88
5omw,7nu3, 2.57
5omw,7n11, 2.73
5omw,6ykv, 2.64
5omw,5fon, 2.91
5omw,6q8a, 2.06
5omw,5fog, 2.88
5omw,6lr6, 2.76
5omw,5fof, 2.88
5omw,5fo4, 2.80
5omw,7nu7, 2.54
5omw,4k48, 2.66
5omw,8por, 2.76
5omw,1wz2, 2.94
5omw,7ntz, 2.28
5omw,7pqk, 2.79
5omw,4aq7, 0.64
5omw,5ags, 2.81
5omw,7nuc, 2.80
5omw,2wfd, 2.84
5omw,7nu1, 2.37
5omw,7nu4, 2.44
5omw,6ykk, 2.59
5omw,7yp8, 2.39
5omw,7nu8, 2.44
5omw,7nty, 2.54
5omw,4as1, 1.82
5fol,4k47, 1.80
5fol,6kid, 1.35
5fol,6yku, 2.69
5fol,6ykn, 2.84
5fol,7n12, 2.04
5fol,7nu6, 2.78
5fol,1wkb, 2.16
5fol,5foc, 1.51
5fol,8pot, 2.92
5fol,5fom, 0.26
5fol,4ari, 2.86
5fol,3pz6, 1.78
5fol,2v0c, 2.78
5fol,7nu2, 2.84
5fol,5on2, 2.76
5fol,2ajg, 2.71
5fol,7nu3, 2.71
5fol,7n11, 2.14
5fol,6ykv, 2.77
5fol,5fon, 0.86
5fol,6q8a, 2.75
5fol,5fog, 0.79
5fol,6lr6, 1.67
5fol,5fof, 1.76
5fol,5fo4, 1.59
5fol,7nu7, 2.74
5fol,4k48, 2.12
5fol,8por, 2.07
5fol,1wz2, 2.77
5fol,7ntz, 2.88
5fol,7pqk, 2.09
5fol,4aq7, 2.72
5fol,5ags, 2.09
5fol,7nuc, 2.74
5fol,2wfd, 1.41
5fol,7nu1, 2.73
5fol,7nu4, 2.72
5fol,6ykk, 2.68
5fol,7yp8, 2.68
5fol,7nu8, 2.86
5fol,7nty, 2.78
5fol,4as1, 2.89
4k47,6kid, 2.10
4k47,6yku, 1.44
4k47,6ykn, 1.61
4k47,7n12, 0.89
4k47,7nu6, 1.45
4k47,1wkb, 1.96
4k47,5foc, 2.20
4k47,8pot, 1.07
4k47,5fom, 2.08
4k47,4ari, 1.04
4k47,3pz6, 2.39
4k47,2v0c, 1.14
4k47,7nu2, 1.30
4k47,5on2, 1.70
4k47,2ajg, 1.37
4k47,7nu3, 1.36
4k47,7n11, 1.48
4k47,6ykv, 1.59
4k47,5fon, 2.27
4k47,6q8a, 1.32
4k47,5fog, 2.14
4k47,6lr6, 2.11
4k47,5fof, 2.22
4k47,5fo4, 2.14
4k47,7nu7, 1.43
4k47,4k48, 0.56
4k47,8por, 1.49
4k47,1wz2, 1.99
4k47,7ntz, 1.30
4k47,7pqk, 1.02
4k47,4aq7, 1.58
4k47,5ags, 1.45
4k47,7nuc, 1.29
4k47,2wfd, 2.29
4k47,7nu1, 1.50
4k47,7nu4, 1.23
4k47,6ykk, 1.29
4k47,7yp8, 1.33
4k47,7nu8, 1.39
4k47,7nty, 1.42
4k47,4as1, 1.22
6kid,6yku, 2.87
6kid,6ykn, 2.89
6kid,7n12, 2.92
6kid,7nu6, 2.92
6kid,1wkb, 2.89
6kid,5foc, 2.82
6kid,8pot, 2.81
6kid,5fom, 2.81
6kid,4ari, 2.84
6kid,3pz6, 2.83
6kid,2v0c, 2.89
6kid,7nu2, 2.91
6kid,5on2, 2.89
6kid,2ajg, 2.79
6kid,7nu3, 2.77
6kid,7n11, 2.78
6kid,6ykv, 2.88
6kid,5fon, 2.87
6kid,6q8a, 2.86
6kid,5fog, 2.84
6kid,6lr6, 2.84
6kid,5fof, 2.87
6kid,5fo4, 2.80
6kid,7nu7, 2.89
6kid,4k48, 2.72
6kid,8por, 2.80
6kid,1wz2, 2.85
6kid,7ntz, 2.88
6kid,7pqk, 2.74
6kid,4aq7, 2.86
6kid,5ags, 2.84
6kid,7nuc, 2.86
6kid,2wfd, 2.85
6kid,7nu1, 2.84
6kid,7nu4, 2.80
6kid,6ykk, 2.84
6kid,7yp8, 2.80
6kid,7nu8, 2.81
6kid,7nty, 2.87
6kid,4as1, 2.94
6yku,6ykn, 0.44
6yku,7n12, 2.81
6yku,7nu6, 2.07
6yku,1wkb, 2.90
6yku,5foc, 2.87
6yku,8pot, 2.13
6yku,5fom, 2.83
6yku,4ari, 2.20
6yku,3pz6, 2.85
6yku,2v0c, 2.58
6yku,7nu2, 2.40
6yku,5on2, 2.82
6yku,2ajg, 2.78
6yku,7nu3, 1.53
6yku,7n11, 2.76
6yku,6ykv, 0.26
6yku,5fon, 2.80
6yku,6q8a, 0.67
6yku,5fog, 2.78
6yku,6lr6, 2.85
6yku,5fof, 2.94
6yku,5fo4, 2.95
6yku,7nu7, 1.42
6yku,4k48, 2.78
6yku,8por, 2.72
6yku,1wz2, 2.85
6yku,7ntz, 1.76
6yku,7pqk, 2.85
6yku,4aq7, 2.76
6yku,5ags, 2.82
6yku,7nuc, 2.09
6yku,2wfd, 2.85
6yku,7nu1, 0.62
6yku,7nu4, 0.56
6yku,6ykk, 0.33
6yku,7yp8, 1.34
6yku,7nu8, 1.37
6yku,7nty, 0.67
6yku,4as1, 2.02
6ykn,7n12, 2.81
6ykn,7nu6, 1.56
6ykn,1wkb, 2.91
6ykn,5foc, 2.81
6ykn,8pot, 2.12
6ykn,5fom, 2.69
6ykn,4ari, 2.23
6ykn,3pz6, 2.82
6ykn,2v0c, 2.56
6ykn,7nu2, 1.11
6ykn,5on2, 2.54
6ykn,2ajg, 2.70
6ykn,7nu3, 1.10
6ykn,7n11, 2.72
6ykn,6ykv, 0.37
6ykn,5fon, 2.84
6ykn,6q8a, 0.63
6ykn,5fog, 2.86
6ykn,6lr6, 2.81
6ykn,5fof, 2.88
6ykn,5fo4, 2.81
6ykn,7nu7, 1.14
6ykn,4k48, 2.80
6ykn,8por, 2.71
6ykn,1wz2, 2.85
6ykn,7ntz, 2.25
6ykn,7pqk, 2.79
6ykn,4aq7, 2.59
6ykn,5ags, 2.78
6ykn,7nuc, 2.45
6ykn,2wfd, 2.81
6ykn,7nu1, 0.46
6ykn,7nu4, 0.43
6ykn,6ykk, 0.36
6ykn,7yp8, 1.27
6ykn,7nu8, 1.45
6ykn,7nty, 0.50
6ykn,4as1, 2.11
7n12,7nu6, 2.78
7n12,1wkb, 2.78
7n12,5foc, 2.80
7n12,8pot, 2.85
7n12,5fom, 1.98
7n12,4ari, 2.71
7n12,3pz6, 2.73
7n12,2v0c, 2.88
7n12,7nu2, 2.85
7n12,5on2, 2.90
7n12,2ajg, 1.89
7n12,7nu3, 2.81
7n12,7n11, 1.02
7n12,6ykv, 2.74
7n12,5fon, 2.60
7n12,6q8a, 2.86
7n12,5fog, 2.57
7n12,6lr6, 2.71
7n12,5fof, 2.73
7n12,5fo4, 2.79
7n12,7nu7, 2.80
7n12,4k48, 1.26
7n12,8por, 1.57
7n12,1wz2, 2.82
7n12,7ntz, 2.87
7n12,7pqk, 0.79
7n12,4aq7, 2.82
7n12,5ags, 0.80
7n12,7nuc, 2.89
7n12,2wfd, 2.75
7n12,7nu1, 2.80
7n12,7nu4, 2.81
7n12,6ykk, 2.77
7n12,7yp8, 2.81
7n12,7nu8, 2.89
7n12,7nty, 2.82
7n12,4as1, 2.88
7nu6,1wkb, 2.83
7nu6,5foc, 2.78
7nu6,8pot, 2.53
7nu6,5fom, 2.79
7nu6,4ari, 2.46
7nu6,3pz6, 2.83
7nu6,2v0c, 2.61
7nu6,7nu2, 0.39
7nu6,5on2, 2.70
7nu6,2ajg, 2.69
7nu6,7nu3, 0.35
7nu6,7n11, 2.86
7nu6,6ykv, 2.09
7nu6,5fon, 2.90
7nu6,6q8a, 1.23
7nu6,5fog, 2.80
7nu6,6lr6, 2.87
7nu6,5fof, 2.87
7nu6,5fo4, 2.78
7nu6,7nu7, 0.28
7nu6,4k48, 2.72
7nu6,8por, 2.69
7nu6,1wz2, 2.85
7nu6,7ntz, 2.07
7nu6,7pqk, 2.76
7nu6,4aq7, 2.77
7nu6,5ags, 2.92
7nu6,7nuc, 2.26
7nu6,2wfd, 2.74
7nu6,7nu1, 1.45
7nu6,7nu4, 1.77
7nu6,6ykk, 1.54
7nu6,7yp8, 0.42
7nu6,7nu8, 0.37
7nu6,7nty, 1.59
7nu6,4as1, 1.94
1wkb,5foc, 2.82
1wkb,8pot, 2.81
1wkb,5fom, 2.71
1wkb,4ari, 2.88
1wkb,3pz6, 2.84
1wkb,2v0c, 2.83
1wkb,7nu2, 2.68
1wkb,5on2, 2.86
1wkb,2ajg, 2.93
1wkb,7nu3, 2.60
1wkb,7n11, 2.73
1wkb,6ykv, 2.85
1wkb,5fon, 2.87
1wkb,6q8a, 2.63
1wkb,5fog, 2.89
1wkb,6lr6, 2.94
1wkb,5fof, 2.83
1wkb,5fo4, 2.76
1wkb,7nu7, 2.57
1wkb,4k48, 2.70
1wkb,8por, 2.91
1wkb,1wz2, 2.80
1wkb,7ntz, 2.24
1wkb,7pqk, 2.76
1wkb,4aq7, 2.89
1wkb,5ags, 2.73
1wkb,7nuc, 2.89
1wkb,2wfd, 2.90
1wkb,7nu1, 2.72
1wkb,7nu4, 2.84
1wkb,6ykk, 2.63
1wkb,7yp8, 2.62
1wkb,7nu8, 2.71
1wkb,7nty, 2.38
1wkb,4as1, 2.80
5foc,8pot, 2.82
5foc,5fom, 1.70
5foc,4ari, 2.86
5foc,3pz6, 2.82
5foc,2v0c, 2.82
5foc,7nu2, 2.78
5foc,5on2, 2.87
5foc,2ajg, 2.79
5foc,7nu3, 2.80
5foc,7n11, 2.38
5foc,6ykv, 2.84
5foc,5fon, 2.29
5foc,6q8a, 2.81
5foc,5fog, 2.45
5foc,6lr6, 2.84
5foc,5fof, 2.86
5foc,5fo4, 0.21
5foc,7nu7, 2.82
5foc,4k48, 2.32
5foc,8por, 2.09
5foc,1wz2, 2.72
5foc,7ntz, 2.84
5foc,7pqk, 2.22
5foc,4aq7, 2.88
5foc,5ags, 2.17
5foc,7nuc, 2.77
5foc,2wfd, 2.66
5foc,7nu1, 2.84
5foc,7nu4, 2.77
5foc,6ykk, 2.78
5foc,7yp8, 2.78
5foc,7nu8, 2.81
5foc,7nty, 2.71
5foc,4as1, 2.76
8pot,5fom, 2.71
8pot,4ari, 1.63
8pot,3pz6, 2.86
8pot,2v0c, 2.64
8pot,7nu2, 2.45
8pot,5on2, 2.82
8pot,2ajg, 2.79
8pot,7nu3, 2.24
8pot,7n11, 2.80
8pot,6ykv, 2.16
8pot,5fon, 2.81
8pot,6q8a, 2.11
8pot,5fog, 2.88
8pot,6lr6, 2.82
8pot,5fof, 2.85
8pot,5fo4, 2.82
8pot,7nu7, 2.34
8pot,4k48, 2.75
8pot,8por, 2.87
8pot,1wz2, 2.87
8pot,7ntz, 2.20
8pot,7pqk, 2.79
8pot,4aq7, 2.80
8pot,5ags, 2.73
8pot,7nuc, 2.52
8pot,2wfd, 2.86
8pot,7nu1, 2.38
8pot,7nu4, 2.31
8pot,6ykk, 2.25
8pot,7yp8, 2.30
8pot,7nu8, 2.21
8pot,7nty, 2.03
8pot,4as1, 0.27
5fom,4ari, 2.77
5fom,3pz6, 1.76
5fom,2v0c, 2.84
5fom,7nu2, 2.73
5fom,5on2, 2.79
5fom,2ajg, 2.72
5fom,7nu3, 2.72
5fom,7n11, 2.38
5fom,6ykv, 2.70
5fom,5fon, 0.84
5fom,6q8a, 2.81
5fom,5fog, 0.89
5fom,6lr6, 1.18
5fom,5fof, 1.81
5fom,5fo4, 1.35
5fom,7nu7, 2.76
5fom,4k48, 2.17
5fom,8por, 1.96
5fom,1wz2, 2.80
5fom,7ntz, 2.83
5fom,7pqk, 2.12
5fom,4aq7, 2.88
5fom,5ags, 2.13
5fom,7nuc, 2.88
5fom,2wfd, 1.43
5fom,7nu1, 2.78
5fom,7nu4, 2.66
5fom,6ykk, 2.70
5fom,7yp8, 2.72
5fom,7nu8, 2.73
5fom,7nty, 2.71
5fom,4as1, 2.84
4ari,3pz6, 2.90
4ari,2v0c, 2.68
4ari,7nu2, 2.44
4ari,5on2, 2.80
4ari,2ajg, 2.90
4ari,7nu3, 2.64
4ari,7n11, 2.75
4ari,6ykv, 2.29
4ari,5fon, 2.86
4ari,6q8a, 2.15
4ari,5fog, 2.80
4ari,6lr6, 2.90
4ari,5fof, 2.85
4ari,5fo4, 2.84
4ari,7nu7, 2.62
4ari,4k48, 2.82
4ari,8por, 2.81
4ari,1wz2, 2.88
4ari,7ntz, 1.93
4ari,7pqk, 2.77
4ari,4aq7, 2.87
4ari,5ags, 2.82
4ari,7nuc, 2.26
4ari,2wfd, 2.89
4ari,7nu1, 2.38
4ari,7nu4, 2.21
4ari,6ykk, 2.20
4ari,7yp8, 2.34
4ari,7nu8, 2.40
4ari,7nty, 2.26
4ari,4as1, 1.48
3pz6,2v0c, 2.79
3pz6,7nu2, 2.76
3pz6,5on2, 2.89
3pz6,2ajg, 2.77
3pz6,7nu3, 2.81
3pz6,7n11, 2.53
3pz6,6ykv, 2.87
3pz6,5fon, 2.76
3pz6,6q8a, 2.80
3pz6,5fog, 2.79
3pz6,6lr6, 2.81
3pz6,5fof, 2.46
3pz6,5fo4, 2.86
3pz6,7nu7, 2.82
3pz6,4k48, 2.47
3pz6,8por, 2.62
3pz6,1wz2, 2.79
3pz6,7ntz, 2.87
3pz6,7pqk, 2.51
3pz6,4aq7, 2.84
3pz6,5ags, 2.48
3pz6,7nuc, 2.88
3pz6,2wfd, 2.07
3pz6,7nu1, 2.81
3pz6,7nu4, 2.76
3pz6,6ykk, 2.76
3pz6,7yp8, 2.75
3pz6,7nu8, 2.85
3pz6,7nty, 2.83
3pz6,4as1, 2.74
2v0c,7nu2, 2.61
2v0c,5on2, 2.88
2v0c,2ajg, 2.81
2v0c,7nu3, 2.71
2v0c,7n11, 2.81
2v0c,6ykv, 2.46
2v0c,5fon, 2.79
2v0c,6q8a, 2.55
2v0c,5fog, 2.83
2v0c,6lr6, 2.87
2v0c,5fof, 2.84
2v0c,5fo4, 2.82
2v0c,7nu7, 2.65
2v0c,4k48, 2.75
2v0c,8por, 2.76
2v0c,1wz2, 2.84
2v0c,7ntz, 2.53
2v0c,7pqk, 2.79
2v0c,4aq7, 2.90
2v0c,5ags, 2.78
2v0c,7nuc, 2.53
2v0c,2wfd, 2.85
2v0c,7nu1, 2.56
2v0c,7nu4, 2.49
2v0c,6ykk, 2.43
2v0c,7yp8, 2.59
2v0c,7nu8, 2.64
2v0c,7nty, 2.57
2v0c,4as1, 2.68
7nu2,5on2, 2.57
7nu2,2ajg, 2.80
7nu2,7nu3, 0.32
7nu2,7n11, 2.79
7nu2,6ykv, 1.82
7nu2,5fon, 2.75
7nu2,6q8a, 1.54
7nu2,5fog, 2.87
7nu2,6lr6, 2.86
7nu2,5fof, 2.80
7nu2,5fo4, 2.88
7nu2,7nu7, 0.48
7nu2,4k48, 2.65
7nu2,8por, 2.64
7nu2,1wz2, 2.75
7nu2,7ntz, 2.05
7nu2,7pqk, 2.74
7nu2,4aq7, 2.71
7nu2,5ags, 2.67
7nu2,7nuc, 1.93
7nu2,2wfd, 2.80
7nu2,7nu1, 1.84
7nu2,7nu4, 2.20
7nu2,6ykk, 1.83
7nu2,7yp8, 0.28
7nu2,7nu8, 0.19
7nu2,7nty, 1.94
7nu2,4as1, 1.85
5on2,2ajg, 2.96
5on2,7nu3, 2.81
5on2,7n11, 2.70
5on2,6ykv, 2.77
5on2,5fon, 2.82
5on2,6q8a, 2.42
5on2,5fog, 2.78
5on2,6lr6, 2.79
5on2,5fof, 2.87
5on2,5fo4, 2.88
5on2,7nu7, 2.85
5on2,4k48, 2.78
5on2,8por, 2.74
5on2,1wz2, 2.86
5on2,7ntz, 2.65
5on2,7pqk, 2.74
5on2,4aq7, 2.80
5on2,5ags, 2.77
5on2,7nuc, 2.82
5on2,2wfd, 2.80
5on2,7nu1, 2.80
5on2,7nu4, 2.77
5on2,6ykk, 2.75
5on2,7yp8, 2.82
5on2,7nu8, 2.86
5on2,7nty, 2.81
5on2,4as1, 2.77
2ajg,7nu3, 2.77
2ajg,7n11, 1.44
2ajg,6ykv, 2.85
2ajg,5fon, 2.80
2ajg,6q8a, 2.79
2ajg,5fog, 2.80
2ajg,6lr6, 2.76
2ajg,5fof, 2.78
2ajg,5fo4, 2.84
2ajg,7nu7, 2.80
2ajg,4k48, 1.56
2ajg,8por, 1.31
2ajg,1wz2, 2.81
2ajg,7ntz, 2.77
2ajg,7pqk, 1.51
2ajg,4aq7, 2.94
2ajg,5ags, 1.27
2ajg,7nuc, 2.87
2ajg,2wfd, 2.93
2ajg,7nu1, 2.88
2ajg,7nu4, 2.88
2ajg,6ykk, 2.83
2ajg,7yp8, 2.71
2ajg,7nu8, 2.78
2ajg,7nty, 2.81
2ajg,4as1, 2.71
7nu3,7n11, 2.81
7nu3,6ykv, 1.56
7nu3,5fon, 2.78
7nu3,6q8a, 1.15
7nu3,5fog, 2.79
7nu3,6lr6, 2.82
7nu3,5fof, 2.92
7nu3,5fo4, 2.77
7nu3,7nu7, 0.36
7nu3,4k48, 2.79
7nu3,8por, 2.95
7nu3,1wz2, 2.84
7nu3,7ntz, 2.54
7nu3,7pqk, 2.79
7nu3,4aq7, 2.75
7nu3,5ags, 2.83
7nu3,7nuc, 2.62
7nu3,2wfd, 2.83
7nu3,7nu1, 1.26
7nu3,7nu4, 1.15
7nu3,6ykk, 1.14
7nu3,7yp8, 0.34
7nu3,7nu8, 0.26
7nu3,7nty, 1.01
7nu3,4as1, 1.85
7n11,6ykv, 1.77
7n11,5fon, 2.67
7n11,6q8a, 1.60
7n11,5fog, 2.51
7n11,6lr6, 2.39
7n11,5fof, 2.46
7n11,5fo4, 2.37
7n11,7nu7, 1.80
7n11,4k48, 1.52
7n11,8por, 1.73
7n11,1wz2, 2.81
7n11,7ntz, 1.36
7n11,7pqk, 1.45
7n11,4aq7, 1.59
7n11,5ags, 1.56
7n11,7nuc, 1.75
7n11,2wfd, 2.56
7n11,7nu1, 1.63
7n11,7nu4, 1.85
7n11,6ykk, 1.70
7n11,7yp8, 1.76
7n11,7nu8, 1.60
7n11,7nty, 1.79
7n11,4as1, 1.89
6ykv,5fon, 2.81
6ykv,6q8a, 0.73
6ykv,5fog, 2.83
6ykv,6lr6, 2.80
6ykv,5fof, 2.80
6ykv,5fo4, 2.87
6ykv,7nu7, 1.63
6ykv,4k48, 2.64
6ykv,8por, 2.88
6ykv,1wz2, 2.81
6ykv,7ntz, 1.45
6ykv,7pqk, 2.90
6ykv,4aq7, 2.75
6ykv,5ags, 2.79
6ykv,7nuc, 1.75
6ykv,2wfd, 2.86
6ykv,7nu1, 0.55
6ykv,7nu4, 0.50
6ykv,6ykk, 0.28
6ykv,7yp8, 1.67
6ykv,7nu8, 1.77
6ykv,7nty, 0.66
6ykv,4as1, 2.15
5fon,6q8a, 2.81
5fon,5fog, 2.75
5fon,6lr6, 2.77
5fon,5fof, 2.83
5fon,5fo4, 2.32
5fon,7nu7, 2.88
5fon,4k48, 2.06
5fon,8por, 1.94
5fon,1wz2, 2.86
5fon,7ntz, 2.78
5fon,7pqk, 2.04
5fon,4aq7, 2.86
5fon,5ags, 2.22
5fon,7nuc, 2.91
5fon,2wfd, 2.81
5fon,7nu1, 2.87
5fon,7nu4, 2.87
5fon,6ykk, 2.81
5fon,7yp8, 2.78
5fon,7nu8, 2.82
5fon,7nty, 2.82
5fon,4as1, 2.84
6q8a,5fog, 2.82
6q8a,6lr6, 2.87
6q8a,5fof, 2.84
6q8a,5fo4, 2.86
6q8a,7nu7, 1.28
6q8a,4k48, 2.68
6q8a,8por, 2.65
6q8a,1wz2, 2.89
6q8a,7ntz, 1.41
6q8a,7pqk, 2.71
6q8a,4aq7, 2.37
6q8a,5ags, 2.85
6q8a,7nuc, 1.72
6q8a,2wfd, 2.87
6q8a,7nu1, 0.46
6q8a,7nu4, 0.41
6q8a,6ykk, 0.41
6q8a,7yp8, 1.21
6q8a,7nu8, 1.16
6q8a,7nty, 0.57
6q8a,4as1, 1.77
5fog,6lr6, 2.87
5fog,5fof, 2.88
5fog,5fo4, 2.85
5fog,7nu7, 2.93
5fog,4k48, 2.23
5fog,8por, 2.05
5fog,1wz2, 2.80
5fog,7ntz, 2.84
5fog,7pqk, 2.03
5fog,4aq7, 2.80
5fog,5ags, 2.24
5fog,7nuc, 2.84
5fog,2wfd, 2.30
5fog,7nu1, 2.78
5fog,7nu4, 2.79
5fog,6ykk, 2.81
5fog,7yp8, 2.83
5fog,7nu8, 2.85
5fog,7nty, 2.86
5fog,4as1, 2.92
6lr6,5fof, 2.88
6lr6,5fo4, 2.83
6lr6,7nu7, 2.86
6lr6,4k48, 2.80
6lr6,8por, 2.75
6lr6,1wz2, 2.83
6lr6,7ntz, 2.71
6lr6,7pqk, 2.80
6lr6,4aq7, 2.85
6lr6,5ags, 2.88
6lr6,7nuc, 2.78
6lr6,2wfd, 2.81
6lr6,7nu1, 2.86
6lr6,7nu4, 2.81
6lr6,6ykk, 2.84
6lr6,7yp8, 2.75
6lr6,7nu8, 2.77
6lr6,7nty, 2.82
6lr6,4as1, 2.88
5fof,5fo4, 2.81
5fof,7nu7, 2.84
5fof,4k48, 2.17
5fof,8por, 2.35
5fof,1wz2, 2.85
5fof,7ntz, 2.81
5fof,7pqk, 2.16
5fof,4aq7, 2.87
5fof,5ags, 2.27
5fof,7nuc, 2.82
5fof,2wfd, 2.94
5fof,7nu1, 2.86
5fof,7nu4, 2.89
5fof,6ykk, 2.80
5fof,7yp8, 2.88
5fof,7nu8, 2.83
5fof,7nty, 2.93
5fof,4as1, 2.89
5fo4,7nu7, 2.83
5fo4,4k48, 2.42
5fo4,8por, 2.22
5fo4,1wz2, 2.88
5fo4,7ntz, 2.88
5fo4,7pqk, 2.13
5fo4,4aq7, 2.89
5fo4,5ags, 2.12
5fo4,7nuc, 2.89
5fo4,2wfd, 2.84
5fo4,7nu1, 2.93
5fo4,7nu4, 2.82
5fo4,6ykk, 2.87
5fo4,7yp8, 2.87
5fo4,7nu8, 2.90
5fo4,7nty, 2.85
5fo4,4as1, 2.82
7nu7,4k48, 2.83
7nu7,8por, 2.86
7nu7,1wz2, 2.88
7nu7,7ntz, 2.33
7nu7,7pqk, 2.79
7nu7,4aq7, 2.70
7nu7,5ags, 2.69
7nu7,7nuc, 2.23
7nu7,2wfd, 2.81
7nu7,7nu1, 1.34
7nu7,7nu4, 1.77
7nu7,6ykk, 1.41
7nu7,7yp8, 0.43
7nu7,7nu8, 0.42
7nu7,7nty, 1.53
7nu7,4as1, 2.16
4k48,8por, 1.37
4k48,1wz2, 1.84
4k48,7ntz, 1.40
4k48,7pqk, 1.14
4k48,4aq7, 1.52
4k48,5ags, 1.20
4k48,7nuc, 1.33
4k48,2wfd, 2.27
4k48,7nu1, 1.39
4k48,7nu4, 1.51
4k48,6ykk, 1.64
4k48,7yp8, 1.41
4k48,7nu8, 1.38
4k48,7nty, 1.44
4k48,4as1, 1.17
8por,1wz2, 2.04
8por,7ntz, 1.50
8por,7pqk, 1.21
8por,4aq7, 1.73
8por,5ags, 1.30
8por,7nuc, 1.75
8por,2wfd, 2.19
8por,7nu1, 1.61
8por,7nu4, 1.61
8por,6ykk, 1.88
8por,7yp8, 1.44
8por,7nu8, 1.56
8por,7nty, 1.51
8por,4as1, 1.25
1wz2,7ntz, 2.83
1wz2,7pqk, 2.82
1wz2,4aq7, 2.87
1wz2,5ags, 2.76
1wz2,7nuc, 2.77
1wz2,2wfd, 2.86
1wz2,7nu1, 2.94
1wz2,7nu4, 2.92
1wz2,6ykk, 2.89
1wz2,7yp8, 2.84
1wz2,7nu8, 2.85
1wz2,7nty, 2.99
1wz2,4as1, 2.80
7ntz,7pqk, 2.72
7ntz,4aq7, 2.49
7ntz,5ags, 2.72
7ntz,7nuc, 0.67
7ntz,2wfd, 2.85
7ntz,7nu1, 1.89
7ntz,7nu4, 1.68
7ntz,6ykk, 1.69
7ntz,7yp8, 1.50
7ntz,7nu8, 2.23
7ntz,7nty, 1.56
7ntz,4as1, 2.14
7pqk,4aq7, 1.57
7pqk,5ags, 0.12
7pqk,7nuc, 1.51
7pqk,2wfd, 2.35
7pqk,7nu1, 1.50
7pqk,7nu4, 1.45
7pqk,6ykk, 1.29
7pqk,7yp8, 1.47
7pqk,7nu8, 1.50
7pqk,7nty, 1.55
7pqk,4as1, 1.30
4aq7,5ags, 2.73
4aq7,7nuc, 2.76
4aq7,2wfd, 2.91
4aq7,7nu1, 2.69
4aq7,7nu4, 2.73
4aq7,6ykk, 2.79
4aq7,7yp8, 2.69
4aq7,7nu8, 2.76
4aq7,7nty, 2.76
4aq7,4as1, 2.65
5ags,7nuc, 1.35
5ags,2wfd, 2.21
5ags,7nu1, 1.44
5ags,7nu4, 1.45
5ags,6ykk, 1.32
5ags,7yp8, 1.67
5ags,7nu8, 1.52
5ags,7nty, 1.50
5ags,4as1, 1.09
7nuc,2wfd, 2.91
7nuc,7nu1, 2.38
7nuc,7nu4, 2.13
7nuc,6ykk, 2.11
7nuc,7yp8, 1.83
7nuc,7nu8, 2.17
7nuc,7nty, 2.22
7nuc,4as1, 2.57
2wfd,7nu1, 2.78
2wfd,7nu4, 2.79
2wfd,6ykk, 2.81
2wfd,7yp8, 2.78
2wfd,7nu8, 2.87
2wfd,7nty, 2.84
2wfd,4as1, 2.84
7nu1,7nu4, 0.51
7nu1,6ykk, 0.46
7nu1,7yp8, 1.20
7nu1,7nu8, 1.18
7nu1,7nty, 0.44
7nu1,4as1, 2.18
7nu4,6ykk, 0.42
7nu4,7yp8, 1.38
7nu4,7nu8, 1.44
7nu4,7nty, 0.50
7nu4,4as1, 1.94
6ykk,7yp8, 1.34
6ykk,7nu8, 1.22
6ykk,7nty, 0.63
6ykk,4as1, 2.12
7yp8,7nu8, 0.29
7yp8,7nty, 1.63
7yp8,4as1, 1.85
7nu8,7nty, 1.61
7nu8,4as1, 2.10
7nty,4as1, 2.11
