3jcd,1zo3,1.34
3jcd,3j92,1.17
3jcd,4v4w,3.42
3jcd,2deu,2.20
3jcd,3j0l,0.99
3jcd,3eq4
3jcd,2deu,2.20
3jcd,4v7c,1.39
3jcd,3jcd,1.94
3jcd,3epj,1.55
3jcd,4v7d,1.52
3jcd,3epl,1.63
3jcd,5j4d,1.53
3jcd,3eq3
3jcd,3epj,1.36
3jcd,2cv0,2.45
3jcd,5d8b,0.93
3jcd,4yvi,2.08
3jcd,5j4d,1.69
3jcd,4w29,1.87
3jcd,5d8b,0.92
3jcd,5lzs,1.59
3jcd,1zo3,1.34
3jcd,3ep2
3jcd,5lzs,1.16
3jcd,5AJ0,1.35
3jcd,5j4d,0.99
3jcd,3epk,1.53
3jcd,3qsy,2.51
3jcd,3jce,1.68
3jcd,2der,1.54
3jcd,5d8b,1.53
3jcd,3jce,0.83
3jcd,2d6f,2.15
3jcd,5d8b,1.53
3jcd,4yye,2.19
3jcd,3epl,1.35
3jcd,4yye,1.97
3jcd,2dxi,1.80
3jcd,3jcj,2.01
3jcd,3eph,1.52
3jcd,2du3,1.82
3jcd,4ujd,1.45
3jcd,2cv0,1.92
3jcd,2cv1,2.38
3jcd,5lzy
3jcd,2du6,1.68
3jcd,3j0o,1.76
3jcd,1wz2,2.01
3jcd,3j0q,1.44
3jcd,4ujc,1.88
3jcd,3jce,2.08
3jcd,4w29,2.45
3jcd,3jcn,1.87
3jcd,2det,1.85
3jcd,2d6f,1.92
3jcd,4v4v,1.57
3jcd,2cv2,2.31
3jcd,4v9q,1.51
3jcd,3epk,1.54
3jcd,3j0p,1.44
3jcd,4yvk,1.76
3jcd,2der,1.64
3jcd,3b0v,1.94
3jcd,4v5n,1.47
3jcd,2z9q
3jcd,2du4,1.68
3jcd,4yvj,1.71
3jcd,3b0v,1.80
3jcd,3j0p,1.77
3jcd,5lmq,1.51
3jcd,5j4d,1.01
3jcd,2dxi,2.41
3jcd,4v5m,1.44
3jcd,5k0y,2.04
3jcd,2cv1,1.41
3jcd,5lzy
3jcd,2cv2,1.83
3jcd,4v7c,1.70
3jcd,2du5,1.89
3jcd,3j7a,1.57
1zo3,3j92,1.52
1zo3,4v4w,2.53
1zo3,2deu,1.83
1zo3,3j0l,1.34
1zo3,3eq4
1zo3,2deu,1.83
1zo3,4v7c,1.89
1zo3,3jcd,1.94
1zo3,3epj,1.64
1zo3,4v7d,1.54
1zo3,3epl,1.49
1zo3,5j4d,1.41
1zo3,3eq3
1zo3,3epj,0.93
1zo3,2cv0,1.88
1zo3,5d8b,1.37
1zo3,4yvi,1.48
1zo3,5j4d,1.81
1zo3,4w29,2.22
1zo3,5d8b,1.31
1zo3,5lzs,1.92
1zo3,1zo3,0.01
1zo3,3ep2
1zo3,5lzs,1.64
1zo3,5AJ0,1.50
1zo3,5j4d,1.42
1zo3,3epk,1.06
1zo3,3qsy,2.34
1zo3,3jce,1.95
1zo3,2der,1.58
1zo3,5d8b,1.56
1zo3,3jce,1.42
1zo3,2d6f,1.71
1zo3,5d8b,1.56
1zo3,4yye,1.76
1zo3,3epl,1.15
1zo3,4yye,1.64
1zo3,2dxi,1.88
1zo3,3jcj,1.69
1zo3,3eph,1.09
1zo3,2du3,1.43
1zo3,4ujd,2.10
1zo3,2cv0,1.72
1zo3,2cv1,1.57
1zo3,5lzy
1zo3,2du6,2.25
1zo3,3j0o,1.47
1zo3,1wz2,2.04
1zo3,3j0q,1.40
1zo3,4ujc,2.56
1zo3,3jce,1.75
1zo3,4w29,1.86
1zo3,3jcn,1.67
1zo3,2det,2.35
1zo3,2d6f,1.60
1zo3,4v4v,0.42
1zo3,2cv2,1.69
1zo3,4v9q,1.46
1zo3,3epk,1.71
1zo3,3j0p,1.40
1zo3,4yvk,1.86
1zo3,2der,1.70
1zo3,3b0v,1.47
1zo3,4v5n,1.44
1zo3,2z9q
1zo3,2du4,2.09
1zo3,4yvj,1.80
1zo3,3b0v,1.46
1zo3,3j0p,1.73
1zo3,5lmq,1.80
1zo3,5j4d,1.42
1zo3,2dxi,1.81
1zo3,4v5m,1.40
1zo3,5k0y,1.57
1zo3,2cv1,1.79
1zo3,5lzy
1zo3,2cv2,1.77
1zo3,4v7c,1.71
1zo3,2du5,1.99
1zo3,3j7a,1.41
3j92,4v4w,4.39
3j92,2deu,2.09
3j92,3j0l,1.26
3j92,3eq4
3j92,2deu,2.08
3j92,4v7c,1.72
3j92,3jcd,1.94
3j92,3epj,1.73
3j92,4v7d,1.63
3j92,3epl,1.62
3j92,5j4d,1.47
3j92,3eq3
3j92,3epj,1.37
3j92,2cv0,2.43
3j92,5d8b,0.81
3j92,4yvi,1.76
3j92,5j4d,1.61
3j92,4w29,1.89
3j92,5d8b,0.81
3j92,5lzs,2.10
3j92,1zo3,1.52
3j92,3ep2
3j92,5lzs,1.13
3j92,5AJ0,1.41
3j92,5j4d,0.77
3j92,3epk,1.40
3j92,3qsy,2.46
3j92,3jce,1.67
3j92,2der,1.71
3j92,5d8b,1.45
3j92,3jce,0.88
3j92,2d6f,2.46
3j92,5d8b,1.45
3j92,4yye,1.78
3j92,3epl,1.48
3j92,4yye,1.76
3j92,2dxi,2.70
3j92,3jcj,2.05
3j92,3eph,1.34
3j92,2du3,1.55
3j92,4ujd,1.66
3j92,2cv0,2.58
3j92,2cv1,2.71
3j92,5lzy
3j92,2du6,1.84
3j92,3j0o,1.67
3j92,1wz2,1.68
3j92,3j0q,1.46
3j92,4ujc,1.97
3j92,3jce,1.73
3j92,4w29,1.89
3j92,3jcn,2.19
3j92,2det,2.19
3j92,2d6f,1.97
3j92,4v4v,1.68
3j92,2cv2,2.39
3j92,4v9q,1.36
3j92,3epk,1.80
3j92,3j0p,1.46
3j92,4yvk,1.40
3j92,2der,1.57
3j92,3b0v,1.92
3j92,4v5n,1.58
3j92,2z9q
3j92,2du4,1.85
3j92,4yvj,1.57
3j92,3b0v,1.90
3j92,3j0p,2.09
3j92,5lmq,1.55
3j92,5j4d,0.77
3j92,2dxi,2.65
3j92,4v5m,1.46
3j92,5k0y,1.59
3j92,2cv1,2.67
3j92,5lzy
3j92,2cv2,2.45
3j92,4v7c,1.92
3j92,2du5,1.62
3j92,3j7a,1.61
4v4w,2deu,1.15
4v4w,3j0l,1.95
4v4w,3eq4
4v4w,2deu,1.15
4v4w,4v7c,1.35
4v4w,3jcd,1.97
4v4w,3epj,1.87
4v4w,4v7d,1.93
4v4w,3epl,2.13
4v4w,5j4d,1.04
4v4w,3eq3
4v4w,3epj,1.71
4v4w,2cv0,1.11
4v4w,5d8b,1.31
4v4w,4yvi,1.73
4v4w,5j4d,1.68
4v4w,4w29,1.65
4v4w,5d8b,1.67
4v4w,5lzs,2.49
4v4w,1zo3,1.77
4v4w,3ep2
4v4w,5lzs,0.84
4v4w,5AJ0,1.96
4v4w,5j4d,2.12
4v4w,3epk,1.25
4v4w,3qsy,2.02
4v4w,3jce,1.92
4v4w,2der,1.16
4v4w,5d8b,2.11
4v4w,3jce,0.81
4v4w,2d6f,2.23
4v4w,5d8b,2.11
4v4w,4yye,1.28
4v4w,3epl,1.56
4v4w,4yye,1.05
4v4w,2dxi,0.85
4v4w,3jcj,1.21
4v4w,3eph,1.19
4v4w,2du3,1.35
4v4w,4ujd,2.49
4v4w,2cv0,1.13
4v4w,2cv1,1.16
4v4w,5lzy
4v4w,2du6,1.24
4v4w,3j0o,1.44
4v4w,1wz2,0.98
4v4w,3j0q,2.08
4v4w,4ujc,2.76
4v4w,3jce,1.47
4v4w,4w29,1.80
4v4w,3jcn,2.38
4v4w,2det,1.74
4v4w,2d6f,1.14
4v4w,4v4v,1.20
4v4w,2cv2,1.10
4v4w,4v9q,1.13
4v4w,3epk,1.04
4v4w,3j0p,2.08
4v4w,4yvk,1.16
4v4w,2der,1.93
4v4w,3b0v,0.97
4v4w,4v5n,2.31
4v4w,2z9q
4v4w,2du4,1.64
4v4w,4yvj,1.11
4v4w,3b0v,0.98
4v4w,3j0p,1.80
4v4w,5lmq,0.91
4v4w,5j4d,2.01
4v4w,2dxi,1.26
4v4w,4v5m,2.08
4v4w,5k0y,1.03
4v4w,2cv1,1.22
4v4w,5lzy
4v4w,2cv2,0.98
4v4w,4v7c,1.66
4v4w,2du5,0.93
4v4w,3j7a,1.17
2deu,3j0l,1.89
2deu,3eq4
2deu,2deu,0.02
2deu,4v7c,2.33
2deu,3jcd,2.26
2deu,3epj,1.77
2deu,4v7d,2.26
2deu,3epl,1.80
2deu,5j4d,1.88
2deu,3eq3
2deu,3epj,1.76
2deu,2cv0,1.94
2deu,5d8b,2.19
2deu,4yvi,1.13
2deu,5j4d,2.15
2deu,4w29,1.79
2deu,5d8b,2.20
2deu,5lzs,1.92
2deu,1zo3,1.83
2deu,3ep2
2deu,5lzs,1.96
2deu,5AJ0,1.77
2deu,5j4d,2.25
2deu,3epk,1.97
2deu,3qsy,2.82
2deu,3jce,1.73
2deu,2der,1.25
2deu,5d8b,1.75
2deu,3jce,2.25
2deu,2d6f,1.86
2deu,5d8b,1.85
2deu,4yye,1.12
2deu,3epl,1.76
2deu,4yye,1.09
2deu,2dxi,1.94
2deu,3jcj,2.34
2deu,3eph,1.94
2deu,2du3,2.14
2deu,4ujd,2.51
2deu,2cv0,2.07
2deu,2cv1,2.01
2deu,5lzy
2deu,2du6,2.23
2deu,3j0o,1.76
2deu,1wz2,2.28
2deu,3j0q,1.98
2deu,4ujc,2.83
2deu,3jce,1.92
2deu,4w29,1.99
2deu,3jcn,2.57
2deu,2det,0.16
2deu,2d6f,1.84
2deu,4v4v,2.19
2deu,2cv2,1.99
2deu,4v9q,1.78
2deu,3epk,1.74
2deu,3j0p,1.98
2deu,4yvk,1.39
2deu,2der,1.20
2deu,3b0v,2.22
2deu,4v5n,1.69
2deu,2z9q
2deu,2du4,1.78
2deu,4yvj,1.42
2deu,3b0v,2.25
2deu,3j0p,1.92
2deu,5lmq,1.82
2deu,5j4d,2.26
2deu,2dxi,2.12
2deu,4v5m,1.98
2deu,5k0y,2.00
2deu,2cv1,1.89
2deu,5lzy
2deu,2cv2,1.90
2deu,4v7c,2.04
2deu,2du5,2.24
2deu,3j7a,2.07
3j0l,3eq4
3j0l,2deu,1.88
3j0l,4v7c,1.42
3j0l,3jcd,1.97
3j0l,3epj,1.63
3j0l,4v7d,1.43
3j0l,3epl,1.62
3j0l,5j4d,1.83
3j0l,3eq3
3j0l,3epj,1.37
3j0l,2cv0,1.57
3j0l,5d8b,1.06
3j0l,4yvi,1.63
3j0l,5j4d,1.82
3j0l,4w29,1.88
3j0l,5d8b,1.06
3j0l,5lzs,2.15
3j0l,1zo3,1.34
3j0l,3ep2
3j0l,5lzs,1.25
3j0l,5AJ0,1.23
3j0l,5j4d,1.05
3j0l,3epk,1.42
3j0l,3qsy,2.30
3j0l,3jce,1.63
3j0l,2der,1.98
3j0l,5d8b,1.62
3j0l,3jce,1.13
3j0l,2d6f,1.50
3j0l,5d8b,1.62
3j0l,4yye,2.19
3j0l,3epl,1.28
3j0l,4yye,2.12
3j0l,2dxi,2.26
3j0l,3jcj,1.99
3j0l,3eph,1.44
3j0l,2du3,1.77
3j0l,4ujd,1.08
3j0l,2cv0,1.71
3j0l,2cv1,2.36
3j0l,5lzy
3j0l,2du6,1.74
3j0l,3j0o,1.55
3j0l,1wz2,1.65
3j0l,3j0q,1.61
3j0l,4ujc,1.77
3j0l,3jce,1.66
3j0l,4w29,2.62
3j0l,3jcn,2.01
3j0l,2det,2.32
3j0l,2d6f,1.89
3j0l,4v4v,1.46
3j0l,2cv2,1.84
3j0l,4v9q,1.53
3j0l,3epk,1.60
3j0l,3j0p,1.61
3j0l,4yvk,1.58
3j0l,2der,1.86
3j0l,3b0v,1.57
3j0l,4v5n,1.41
3j0l,2z9q
3j0l,2du4,1.54
3j0l,4yvj,1.61
3j0l,3b0v,1.87
3j0l,3j0p,1.77
3j0l,5lmq,1.53
3j0l,5j4d,1.05
3j0l,2dxi,1.87
3j0l,4v5m,1.61
3j0l,5k0y,1.68
3j0l,2cv1,1.61
3j0l,5lzy
3j0l,2cv2,1.65
3j0l,4v7c,1.77
3j0l,2du5,1.66
3j0l,3j7a,1.58
3eq4,2deu
3eq4,4v7c
3eq4,3jcd
3eq4,3epj
3eq4,4v7d
3eq4,3epl
3eq4,5j4d
3eq4,3eq3
3eq4,3epj
3eq4,2cv0
3eq4,5d8b
3eq4,4yvi
3eq4,5j4d
3eq4,4w29
3eq4,5d8b
3eq4,5lzs
3eq4,1zo3
3eq4,3ep2
3eq4,5lzs
3eq4,5AJ0
3eq4,5j4d
3eq4,3epk
3eq4,3qsy
3eq4,3jce
3eq4,2der
3eq4,5d8b
3eq4,3jce
3eq4,2d6f
3eq4,5d8b
3eq4,4yye
3eq4,3epl
3eq4,4yye
3eq4,2dxi
3eq4,3jcj
3eq4,3eph
3eq4,2du3
3eq4,4ujd
3eq4,2cv0
3eq4,2cv1
3eq4,5lzy
3eq4,2du6
3eq4,3j0o
3eq4,1wz2
3eq4,3j0q
3eq4,4ujc
3eq4,3jce
3eq4,4w29
3eq4,3jcn
3eq4,2det
3eq4,2d6f
3eq4,4v4v
3eq4,2cv2
3eq4,4v9q
3eq4,3epk
3eq4,3j0p
3eq4,4yvk
3eq4,2der
3eq4,3b0v
3eq4,4v5n
3eq4,2z9q
3eq4,2du4
3eq4,4yvj
3eq4,3b0v
3eq4,3j0p
3eq4,5lmq
3eq4,5j4d
3eq4,2dxi
3eq4,4v5m
3eq4,5k0y
3eq4,2cv1
3eq4,5lzy
3eq4,2cv2
3eq4,4v7c
3eq4,2du5
3eq4,3j7a
2deu,4v7c,2.33
2deu,3jcd,2.35
2deu,3epj,1.77
2deu,4v7d,2.26
2deu,3epl,2.13
2deu,5j4d,1.88
2deu,3eq3
2deu,3epj,1.76
2deu,2cv0,1.94
2deu,5d8b,2.19
2deu,4yvi,1.13
2deu,5j4d,2.15
2deu,4w29,1.79
2deu,5d8b,2.20
2deu,5lzs,1.92
2deu,1zo3,1.83
2deu,3ep2
2deu,5lzs,1.62
2deu,5AJ0,1.77
2deu,5j4d,2.25
2deu,3epk,1.97
2deu,3qsy,2.82
2deu,3jce,2.10
2deu,2der,1.30
2deu,5d8b,1.75
2deu,3jce,1.93
2deu,2d6f,1.86
2deu,5d8b,1.85
2deu,4yye,1.12
2deu,3epl,1.76
2deu,4yye,1.09
2deu,2dxi,1.94
2deu,3jcj,2.34
2deu,3eph,1.93
2deu,2du3,2.14
2deu,4ujd,2.51
2deu,2cv0,2.07
2deu,2cv1,2.14
2deu,5lzy
2deu,2du6,2.23
2deu,3j0o,2.30
2deu,1wz2,2.28
2deu,3j0q,1.98
2deu,4ujc,2.83
2deu,3jce,1.92
2deu,4w29,1.99
2deu,3jcn,2.34
2deu,2det,0.16
2deu,2d6f,1.84
2deu,4v4v,2.19
2deu,2cv2,1.99
2deu,4v9q,1.78
2deu,3epk,1.74
2deu,3j0p,1.98
2deu,4yvk,1.39
2deu,2der,1.20
2deu,3b0v,2.22
2deu,4v5n,1.69
2deu,2z9q
2deu,2du4,1.78
2deu,4yvj,1.42
2deu,3b0v,2.25
2deu,3j0p,1.92
2deu,5lmq,1.82
2deu,5j4d,2.19
2deu,2dxi,2.12
2deu,4v5m,1.98
2deu,5k0y,2.00
2deu,2cv1,1.90
2deu,5lzy
2deu,2cv2,1.90
2deu,4v7c,2.04
2deu,2du5,2.24
2deu,3j7a,2.07
4v7c,3jcd,1.46
4v7c,3epj,1.72
4v7c,4v7d,1.70
4v7c,3epl,1.99
4v7c,5j4d,1.60
4v7c,3eq3
4v7c,3epj,1.92
4v7c,2cv0,1.75
4v7c,5d8b,1.46
4v7c,4yvi,1.76
4v7c,5j4d,1.72
4v7c,4w29,2.20
4v7c,5d8b,1.46
4v7c,5lzs,1.54
4v7c,1zo3,1.89
4v7c,3ep2
4v7c,5lzs,1.66
4v7c,5AJ0,1.64
4v7c,5j4d,1.45
4v7c,3epk,2.09
4v7c,3qsy,2.49
4v7c,3jce,1.90
4v7c,2der,1.86
4v7c,5d8b,1.59
4v7c,3jce,1.62
4v7c,2d6f,2.24
4v7c,5d8b,1.59
4v7c,4yye,2.21
4v7c,3epl,1.72
4v7c,4yye,2.09
4v7c,2dxi,1.75
4v7c,3jcj,2.08
4v7c,3eph,2.12
4v7c,2du3,1.62
4v7c,4ujd,2.13
4v7c,2cv0,1.82
4v7c,2cv1,1.83
4v7c,5lzy
4v7c,2du6,1.92
4v7c,3j0o,1.43
4v7c,1wz2,1.82
4v7c,3j0q,1.54
4v7c,4ujc,2.93
4v7c,3jce,1.66
4v7c,4w29,2.13
4v7c,3jcn,2.19
4v7c,2det,2.25
4v7c,2d6f,1.96
4v7c,4v4v,1.86
4v7c,2cv2,1.88
4v7c,4v9q,1.55
4v7c,3epk,1.79
4v7c,3j0p,1.54
4v7c,4yvk,1.89
4v7c,2der,1.87
4v7c,3b0v,1.98
4v7c,4v5n,1.89
4v7c,2z9q
4v7c,2du4,1.79
4v7c,4yvj,1.91
4v7c,3b0v,2.00
4v7c,3j0p,1.57
4v7c,5lmq,2.23
4v7c,5j4d,1.45
4v7c,2dxi,1.77
4v7c,4v5m,1.54
4v7c,5k0y,1.57
4v7c,2cv1,1.64
4v7c,5lzy
4v7c,2cv2,2.02
4v7c,4v7c,1.32
4v7c,2du5,1.94
4v7c,3j7a,1.87
3jcd,3epj,2.24
3jcd,4v7d,1.68
3jcd,3epl,1.79
3jcd,5j4d,1.68
3jcd,3eq3
3jcd,3epj,1.86
3jcd,2cv0,1.87
3jcd,5d8b,1.71
3jcd,4yvi,1.95
3jcd,5j4d,1.70
3jcd,4w29,2.50
3jcd,5d8b,1.76
3jcd,5lzs,2.00
3jcd,1zo3,1.94
3jcd,3ep2
3jcd,5lzs,2.04
3jcd,5AJ0,1.63
3jcd,5j4d,1.84
3jcd,3epk,1.64
3jcd,3qsy,2.92
3jcd,3jce,2.20
3jcd,2der,2.32
3jcd,5d8b,1.79
3jcd,3jce,1.97
3jcd,2d6f,1.83
3jcd,5d8b,1.92
3jcd,4yye,2.23
3jcd,3epl,1.89
3jcd,4yye,2.21
3jcd,2dxi,1.96
3jcd,3jcj,1.91
3jcd,3eph,1.57
3jcd,2du3,1.70
3jcd,4ujd,2.34
3jcd,2cv0,1.82
3jcd,2cv1,1.88
3jcd,5lzy
3jcd,2du6,2.30
3jcd,3j0o,1.77
3jcd,1wz2,1.96
3jcd,3j0q,1.53
3jcd,4ujc,3.08
3jcd,3jce,1.86
3jcd,4w29,2.23
3jcd,3jcn,1.92
3jcd,2det,2.30
3jcd,2d6f,2.19
3jcd,4v4v,1.84
3jcd,2cv2,1.90
3jcd,4v9q,1.68
3jcd,3epk,2.42
3jcd,3j0p,1.53
3jcd,4yvk,2.10
3jcd,2der,2.23
3jcd,3b0v,1.85
3jcd,4v5n,1.65
3jcd,2z9q
3jcd,2du4,1.65
3jcd,4yvj,2.11
3jcd,3b0v,1.87
3jcd,3j0p,1.68
3jcd,5lmq,2.29
3jcd,5j4d,1.74
3jcd,2dxi,2.29
3jcd,4v5m,1.53
3jcd,5k0y,1.92
3jcd,2cv1,1.90
3jcd,5lzy
3jcd,2cv2,1.89
3jcd,4v7c,1.60
3jcd,2du5,1.63
3jcd,3j7a,1.89
3epj,4v7d,1.80
3epj,3epl,0.73
3epj,5j4d,1.56
3epj,3eq3
3epj,3epj,1.15
3epj,2cv0,1.51
3epj,5d8b,1.49
3epj,4yvi,2.07
3epj,5j4d,1.63
3epj,4w29,1.94
3epj,5d8b,1.49
3epj,5lzs,1.44
3epj,1zo3,1.64
3epj,3ep2
3epj,5lzs,1.54
3epj,5AJ0,1.42
3epj,5j4d,1.48
3epj,3epk,1.19
3epj,3qsy,1.53
3epj,3jce,2.16
3epj,2der,1.34
3epj,5d8b,1.62
3epj,3jce,1.55
3epj,2d6f,2.21
3epj,5d8b,1.62
3epj,4yye,1.72
3epj,3epl,1.18
3epj,4yye,1.49
3epj,2dxi,1.54
3epj,3jcj,1.45
3epj,3eph,1.23
3epj,2du3,2.01
3epj,4ujd,2.06
3epj,2cv0,2.22
3epj,2cv1,2.03
3epj,5lzy
3epj,2du6,1.74
3epj,3j0o,1.16
3epj,1wz2,1.85
3epj,3j0q,1.47
3epj,4ujc,2.58
3epj,3jce,1.45
3epj,4w29,2.25
3epj,3jcn,1.46
3epj,2det,1.96
3epj,2d6f,1.79
3epj,4v4v,1.66
3epj,2cv2,2.03
3epj,4v9q,1.85
3epj,3epk,0.37
3epj,3j0p,1.47
3epj,4yvk,2.18
3epj,2der,1.49
3epj,3b0v,1.54
3epj,4v5n,1.78
3epj,2z9q
3epj,2du4,2.00
3epj,4yvj,1.82
3epj,3b0v,1.55
3epj,3j0p,1.44
3epj,5lmq,1.69
3epj,5j4d,1.48
3epj,2dxi,2.19
3epj,4v5m,1.47
3epj,5k0y,1.86
3epj,2cv1,1.60
3epj,5lzy
3epj,2cv2,1.49
3epj,4v7c,1.43
3epj,2du5,1.96
3epj,3j7a,2.18
4v7d,3epl,1.76
4v7d,5j4d,1.68
4v7d,3eq3
4v7d,3epj,2.03
4v7d,2cv0,1.67
4v7d,5d8b,1.57
4v7d,4yvi,2.66
4v7d,5j4d,1.68
4v7d,4w29,2.26
4v7d,5d8b,1.58
4v7d,5lzs,1.89
4v7d,1zo3,1.54
4v7d,3ep2
4v7d,5lzs,1.94
4v7d,5AJ0,1.69
4v7d,5j4d,1.69
4v7d,3epk,1.40
4v7d,3qsy,2.61
4v7d,3jce,2.17
4v7d,2der,1.91
4v7d,5d8b,1.97
4v7d,3jce,1.74
4v7d,2d6f,2.12
4v7d,5d8b,1.97
4v7d,4yye,2.26
4v7d,3epl,1.40
4v7d,4yye,2.18
4v7d,2dxi,1.83
4v7d,3jcj,1.58
4v7d,3eph,1.61
4v7d,2du3,1.85
4v7d,4ujd,2.13
4v7d,2cv0,1.91
4v7d,2cv1,1.71
4v7d,5lzy
4v7d,2du6,1.76
4v7d,3j0o,1.49
4v7d,1wz2,1.89
4v7d,3j0q,1.64
4v7d,4ujc,2.76
4v7d,3jce,1.51
4v7d,4w29,2.38
4v7d,3jcn,1.59
4v7d,2det,2.47
4v7d,2d6f,1.96
4v7d,4v4v,1.58
4v7d,2cv2,1.87
4v7d,4v9q,1.91
4v7d,3epk,1.71
4v7d,3j0p,1.64
4v7d,4yvk,2.85
4v7d,2der,2.20
4v7d,3b0v,1.73
4v7d,4v5n,1.87
4v7d,2z9q
4v7d,2du4,1.63
4v7d,4yvj,2.84
4v7d,3b0v,1.70
4v7d,3j0p,1.14
4v7d,5lmq,2.18
4v7d,5j4d,1.69
4v7d,2dxi,1.84
4v7d,4v5m,1.64
4v7d,5k0y,1.79
4v7d,2cv1,1.71
4v7d,5lzy
4v7d,2cv2,1.78
4v7d,4v7c,1.53
4v7d,2du5,1.57
4v7d,3j7a,1.70
3epl,5j4d,1.76
3epl,3eq3
3epl,3epj,1.29
3epl,2cv0,1.82
3epl,5d8b,1.45
3epl,4yvi,2.22
3epl,5j4d,1.66
3epl,4w29,2.03
3epl,5d8b,1.44
3epl,5lzs,1.79
3epl,1zo3,1.49
3epl,3ep2
3epl,5lzs,1.54
3epl,5AJ0,1.54
3epl,5j4d,1.42
3epl,3epk,1.27
3epl,3qsy,1.70
3epl,3jce,2.08
3epl,2der,1.45
3epl,5d8b,1.85
3epl,3jce,1.69
3epl,2d6f,1.60
3epl,5d8b,1.86
3epl,4yye,1.81
3epl,3epl,1.34
3epl,4yye,1.69
3epl,2dxi,1.89
3epl,3jcj,1.61
3epl,3eph,1.39
3epl,2du3,2.19
3epl,4ujd,2.25
3epl,2cv0,2.11
3epl,2cv1,2.07
3epl,5lzy
3epl,2du6,2.26
3epl,3j0o,1.32
3epl,1wz2,1.48
3epl,3j0q,1.55
3epl,4ujc,2.40
3epl,3jce,1.52
3epl,4w29,2.16
3epl,3jcn,1.61
3epl,2det,2.07
3epl,2d6f,1.74
3epl,4v4v,1.66
3epl,2cv2,1.97
3epl,4v9q,1.80
3epl,3epk,0.78
3epl,3j0p,1.55
3epl,4yvk,1.84
3epl,2der,1.51
3epl,3b0v,1.67
3epl,4v5n,1.59
3epl,2z9q
3epl,2du4,2.01
3epl,4yvj,1.82
3epl,3b0v,1.68
3epl,3j0p,1.43
3epl,5lmq,1.65
3epl,5j4d,1.42
3epl,2dxi,2.25
3epl,4v5m,1.55
3epl,5k0y,2.14
3epl,2cv1,2.04
3epl,5lzy
3epl,2cv2,1.79
3epl,4v7c,1.75
3epl,2du5,1.95
3epl,3j7a,2.22
5j4d,3eq3
5j4d,3epj,1.51
5j4d,2cv0,1.64
5j4d,5d8b,1.42
5j4d,4yvi,1.93
5j4d,5j4d,0.10
5j4d,4w29,1.88
5j4d,5d8b,1.41
5j4d,5lzs,2.63
5j4d,1zo3,1.41
5j4d,3ep2
5j4d,5lzs,1.65
5j4d,5AJ0,1.68
5j4d,5j4d,1.36
5j4d,3epk,1.47
5j4d,3qsy,2.59
5j4d,3jce,1.75
5j4d,2der,1.63
5j4d,5d8b,1.06
5j4d,3jce,1.40
5j4d,2d6f,2.09
5j4d,5d8b,1.07
5j4d,4yye,1.66
5j4d,3epl,1.43
5j4d,4yye,1.69
5j4d,2dxi,1.61
5j4d,3jcj,1.66
5j4d,3eph,1.57
5j4d,2du3,1.68
5j4d,4ujd,2.43
5j4d,2cv0,2.13
5j4d,2cv1,1.73
5j4d,5lzy
5j4d,2du6,1.78
5j4d,3j0o,1.37
5j4d,1wz2,1.72
5j4d,3j0q,1.43
5j4d,4ujc,2.80
5j4d,3jce,1.46
5j4d,4w29,2.15
5j4d,3jcn,1.67
5j4d,2det,1.77
5j4d,2d6f,1.63
5j4d,4v4v,1.72
5j4d,2cv2,1.58
5j4d,4v9q,0.77
5j4d,3epk,1.67
5j4d,3j0p,1.43
5j4d,4yvk,2.22
5j4d,2der,1.69
5j4d,3b0v,1.50
5j4d,4v5n,1.49
5j4d,2z9q
5j4d,2du4,1.55
5j4d,4yvj,2.23
5j4d,3b0v,1.53
5j4d,3j0p,1.78
5j4d,5lmq,1.55
5j4d,5j4d,1.37
5j4d,2dxi,1.75
5j4d,4v5m,1.43
5j4d,5k0y,1.61
5j4d,2cv1,1.73
5j4d,5lzy
5j4d,2cv2,1.70
5j4d,4v7c,1.74
5j4d,2du5,1.79
5j4d,3j7a,1.54
3eq3,3epj
3eq3,2cv0
3eq3,5d8b
3eq3,4yvi
3eq3,5j4d
3eq3,4w29
3eq3,5d8b
3eq3,5lzs
3eq3,1zo3
3eq3,3ep2
3eq3,5lzs
3eq3,5AJ0
3eq3,5j4d
3eq3,3epk
3eq3,3qsy
3eq3,3jce
3eq3,2der
3eq3,5d8b
3eq3,3jce
3eq3,2d6f
3eq3,5d8b
3eq3,4yye
3eq3,3epl
3eq3,4yye
3eq3,2dxi
3eq3,3jcj
3eq3,3eph
3eq3,2du3
3eq3,4ujd
3eq3,2cv0
3eq3,2cv1
3eq3,5lzy
3eq3,2du6
3eq3,3j0o
3eq3,1wz2
3eq3,3j0q
3eq3,4ujc
3eq3,3jce
3eq3,4w29
3eq3,3jcn
3eq3,2det
3eq3,2d6f
3eq3,4v4v
3eq3,2cv2
3eq3,4v9q
3eq3,3epk
3eq3,3j0p
3eq3,4yvk
3eq3,2der
3eq3,3b0v
3eq3,4v5n
3eq3,2z9q
3eq3,2du4
3eq3,4yvj
3eq3,3b0v
3eq3,3j0p
3eq3,5lmq
3eq3,5j4d
3eq3,2dxi
3eq3,4v5m
3eq3,5k0y
3eq3,2cv1
3eq3,5lzy
3eq3,2cv2
3eq3,4v7c
3eq3,2du5
3eq3,3j7a
3epj,2cv0,1.61
3epj,5d8b,1.17
3epj,4yvi,1.85
3epj,5j4d,1.46
3epj,4w29,2.04
3epj,5d8b,1.17
3epj,5lzs,1.81
3epj,1zo3,1.04
3epj,3ep2
3epj,5lzs,1.13
3epj,5AJ0,1.22
3epj,5j4d,1.12
3epj,3epk,0.59
3epj,3qsy,2.64
3epj,3jce,1.39
3epj,2der,1.38
3epj,5d8b,1.56
3epj,3jce,1.38
3epj,2d6f,2.14
3epj,5d8b,1.56
3epj,4yye,1.67
3epj,3epl,0.78
3epj,4yye,1.61
3epj,2dxi,1.65
3epj,3jcj,1.44
3epj,3eph,0.47
3epj,2du3,1.44
3epj,4ujd,2.06
3epj,2cv0,1.66
3epj,2cv1,1.62
3epj,5lzy
3epj,2du6,1.48
3epj,3j0o,1.37
3epj,1wz2,1.53
3epj,3j0q,1.46
3epj,4ujc,2.78
3epj,3jce,1.54
3epj,4w29,2.59
3epj,3jcn,1.45
3epj,2det,1.81
3epj,2d6f,1.70
3epj,4v4v,0.93
3epj,2cv2,1.69
3epj,4v9q,1.49
3epj,3epk,1.13
3epj,3j0p,1.46
3epj,4yvk,1.93
3epj,2der,1.31
3epj,3b0v,1.58
3epj,4v5n,1.26
3epj,2z9q
3epj,2du4,1.36
3epj,4yvj,1.87
3epj,3b0v,1.60
3epj,3j0p,1.33
3epj,5lmq,1.29
3epj,5j4d,1.18
3epj,2dxi,1.73
3epj,4v5m,1.46
3epj,5k0y,1.59
3epj,2cv1,1.60
3epj,5lzy
3epj,2cv2,1.67
3epj,4v7c,1.10
3epj,2du5,1.76
3epj,3j7a,1.44
2cv0,5d8b,2.25
2cv0,4yvi,1.45
2cv0,5j4d,1.61
2cv0,4w29,2.12
2cv0,5d8b,2.25
2cv0,5lzs,2.04
2cv0,1zo3,1.88
2cv0,3ep2
2cv0,5lzs,1.89
2cv0,5AJ0,1.99
2cv0,5j4d,2.39
2cv0,3epk,1.55
2cv0,3qsy,2.46
2cv0,3jce,2.41
2cv0,2der,1.64
2cv0,5d8b,1.88
2cv0,3jce,1.86
2cv0,2d6f,1.76
2cv0,5d8b,1.88
2cv0,4yye,2.16
2cv0,3epl,1.73
2cv0,4yye,1.82
2cv0,2dxi,0.20
2cv0,3jcj,1.74
2cv0,3eph,1.71
2cv0,2du3,1.79
2cv0,4ujd,2.33
2cv0,2cv0,0.61
2cv0,2cv1,0.86
2cv0,5lzy
2cv0,2du6,1.80
2cv0,3j0o,1.70
2cv0,1wz2,2.26
2cv0,3j0q,1.72
2cv0,4ujc,2.78
2cv0,3jce,1.62
2cv0,4w29,2.20
2cv0,3jcn,1.72
2cv0,2det,1.95
2cv0,2d6f,1.58
2cv0,4v4v,1.95
2cv0,2cv2,0.80
2cv0,4v9q,2.01
2cv0,3epk,2.20
2cv0,3j0p,1.72
2cv0,4yvk,1.44
2cv0,2der,1.72
2cv0,3b0v,1.84
2cv0,4v5n,1.93
2cv0,2z9q
2cv0,2du4,1.82
2cv0,4yvj,1.41
2cv0,3b0v,1.75
2cv0,3j0p,1.71
2cv0,5lmq,1.88
2cv0,5j4d,2.39
2cv0,2dxi,0.54
2cv0,4v5m,1.72
2cv0,5k0y,1.77
2cv0,2cv1,0.28
2cv0,5lzy
2cv0,2cv2,0.57
2cv0,4v7c,1.77
2cv0,2du5,1.72
2cv0,3j7a,1.49
5d8b,4yvi,2.27
5d8b,5j4d,1.33
5d8b,4w29,1.61
5d8b,5d8b,0.08
5d8b,5lzs,1.79
5d8b,1zo3,1.37
5d8b,3ep2
5d8b,5lzs,1.05
5d8b,5AJ0,1.18
5d8b,5j4d,0.48
5d8b,3epk,1.14
5d8b,3qsy,1.65
5d8b,3jce,1.56
5d8b,2der,1.43
5d8b,5d8b,1.30
5d8b,3jce,0.64
5d8b,2d6f,1.58
5d8b,5d8b,1.30
5d8b,4yye,1.96
5d8b,3epl,1.22
5d8b,4yye,1.82
5d8b,2dxi,2.32
5d8b,3jcj,1.83
5d8b,3eph,1.25
5d8b,2du3,1.40
5d8b,4ujd,1.60
5d8b,2cv0,2.28
5d8b,2cv1,2.38
5d8b,5lzy
5d8b,2du6,1.75
5d8b,3j0o,1.54
5d8b,1wz2,1.62
5d8b,3j0q,1.32
5d8b,4ujc,1.87
5d8b,3jce,1.94
5d8b,4w29,2.33
5d8b,3jcn,1.83
5d8b,2det,1.87
5d8b,2d6f,1.85
5d8b,4v4v,1.37
5d8b,2cv2,1.71
5d8b,4v9q,1.54
5d8b,3epk,1.49
5d8b,3j0p,1.32
5d8b,4yvk,1.62
5d8b,2der,1.60
5d8b,3b0v,1.63
5d8b,4v5n,1.44
5d8b,2z9q
5d8b,2du4,1.53
5d8b,4yvj,1.55
5d8b,3b0v,1.62
5d8b,3j0p,1.62
5d8b,5lmq,1.48
5d8b,5j4d,0.49
5d8b,2dxi,2.39
5d8b,4v5m,1.32
5d8b,5k0y,1.59
5d8b,2cv1,2.28
5d8b,5lzy
5d8b,2cv2,2.13
5d8b,4v7c,1.78
5d8b,2du5,1.64
5d8b,3j7a,1.43
4yvi,5j4d,1.94
4yvi,4w29,2.41
4yvi,5d8b,2.35
4yvi,5lzs,1.56
4yvi,1zo3,1.48
4yvi,3ep2
4yvi,5lzs,1.78
4yvi,5AJ0,2.14
4yvi,5j4d,1.79
4yvi,3epk,2.33
4yvi,3qsy,2.58
4yvi,3jce,1.66
4yvi,2der,1.68
4yvi,5d8b,1.94
4yvi,3jce,1.63
4yvi,2d6f,1.36
4yvi,5d8b,1.94
4yvi,4yye,1.87
4yvi,3epl,2.24
4yvi,4yye,1.59
4yvi,2dxi,1.47
4yvi,3jcj,2.43
4yvi,3eph,2.30
4yvi,2du3,1.85
4yvi,4ujd,2.30
4yvi,2cv0,1.45
4yvi,2cv1,1.52
4yvi,5lzy
4yvi,2du6,2.29
4yvi,3j0o,2.05
4yvi,1wz2,2.58
4yvi,3j0q,1.97
4yvi,4ujc,2.71
4yvi,3jce,1.97
4yvi,4w29,2.53
4yvi,3jcn,2.32
4yvi,2det,0.99
4yvi,2d6f,1.73
4yvi,4v4v,1.71
4yvi,2cv2,1.48
4yvi,4v9q,1.99
4yvi,3epk,2.04
4yvi,3j0p,1.97
4yvi,4yvk,0.88
4yvi,2der,1.68
4yvi,3b0v,1.85
4yvi,4v5n,2.17
4yvi,2z9q
4yvi,2du4,1.81
4yvi,4yvj,0.89
4yvi,3b0v,1.85
4yvi,3j0p,2.54
4yvi,5lmq,1.82
4yvi,5j4d,1.81
4yvi,2dxi,1.45
4yvi,4v5m,1.97
4yvi,5k0y,2.19
4yvi,2cv1,1.45
4yvi,5lzy
4yvi,2cv2,1.40
4yvi,4v7c,2.63
4yvi,2du5,2.50
4yvi,3j7a,1.99
5j4d,4w29,1.86
5j4d,5d8b,1.40
5j4d,5lzs,2.63
5j4d,1zo3,1.81
5j4d,3ep2
5j4d,5lzs,1.69
5j4d,5AJ0,1.68
5j4d,5j4d,1.36
5j4d,3epk,1.47
5j4d,3qsy,2.59
5j4d,3jce,1.74
5j4d,2der,1.62
5j4d,5d8b,1.04
5j4d,3jce,1.50
5j4d,2d6f,2.07
5j4d,5d8b,1.05
5j4d,4yye,1.65
5j4d,3epl,1.43
5j4d,4yye,1.69
5j4d,2dxi,1.61
5j4d,3jcj,1.64
5j4d,3eph,1.57
5j4d,2du3,1.68
5j4d,4ujd,2.43
5j4d,2cv0,2.16
5j4d,2cv1,2.21
5j4d,5lzy
5j4d,2du6,1.78
5j4d,3j0o,1.28
5j4d,1wz2,1.70
5j4d,3j0q,1.43
5j4d,4ujc,2.81
5j4d,3jce,1.45
5j4d,4w29,1.79
5j4d,3jcn,1.65
5j4d,2det,1.76
5j4d,2d6f,1.63
5j4d,4v4v,1.40
5j4d,2cv2,1.57
5j4d,4v9q,0.77
5j4d,3epk,1.67
5j4d,3j0p,1.43
5j4d,4yvk,2.26
5j4d,2der,1.63
5j4d,3b0v,1.54
5j4d,4v5n,1.43
5j4d,2z9q
5j4d,2du4,1.58
5j4d,4yvj,2.23
5j4d,3b0v,1.57
5j4d,3j0p,1.86
5j4d,5lmq,1.54
5j4d,5j4d,1.27
5j4d,2dxi,1.74
5j4d,4v5m,1.43
5j4d,5k0y,1.60
5j4d,2cv1,1.67
5j4d,5lzy
5j4d,2cv2,1.66
5j4d,4v7c,1.70
5j4d,2du5,1.79
5j4d,3j7a,1.63
4w29,5d8b,1.63
4w29,5lzs,2.54
4w29,1zo3,2.22
4w29,3ep2
4w29,5lzs,1.77
4w29,5AJ0,1.68
4w29,5j4d,1.73
4w29,3epk,1.84
4w29,3qsy,2.77
4w29,3jce,2.16
4w29,2der,1.90
4w29,5d8b,2.47
4w29,3jce,2.06
4w29,2d6f,2.34
4w29,5d8b,1.75
4w29,4yye,2.36
4w29,3epl,2.06
4w29,4yye,1.94
4w29,2dxi,2.02
4w29,3jcj,1.94
4w29,3eph,1.85
4w29,2du3,2.47
4w29,4ujd,2.41
4w29,2cv0,1.98
4w29,2cv1,2.45
4w29,5lzy
4w29,2du6,2.48
4w29,3j0o,1.94
4w29,1wz2,2.44
4w29,3j0q,2.05
4w29,4ujc,2.90
4w29,3jce,1.99
4w29,4w29,2.65
4w29,3jcn,1.92
4w29,2det,2.25
4w29,2d6f,2.15
4w29,4v4v,1.68
4w29,2cv2,2.05
4w29,4v9q,1.84
4w29,3epk,2.14
4w29,3j0p,2.05
4w29,4yvk,2.17
4w29,2der,1.85
4w29,3b0v,2.01
4w29,4v5n,1.86
4w29,2z9q
4w29,2du4,1.84
4w29,4yvj,2.67
4w29,3b0v,1.95
4w29,3j0p,1.91
4w29,5lmq,1.82
4w29,5j4d,1.73
4w29,2dxi,2.03
4w29,4v5m,2.05
4w29,5k0y,2.40
4w29,2cv1,1.98
4w29,5lzy
4w29,2cv2,1.87
4w29,4v7c,1.80
4w29,2du5,2.06
4w29,3j7a,1.92
5d8b,5lzs,2.14
5d8b,1zo3,1.31
5d8b,3ep2
5d8b,5lzs,0.99
5d8b,5AJ0,1.24
5d8b,5j4d,0.50
5d8b,3epk,1.23
5d8b,3qsy,2.29
5d8b,3jce,1.57
5d8b,2der,1.49
5d8b,5d8b,1.41
5d8b,3jce,0.65
5d8b,2d6f,1.58
5d8b,5d8b,1.31
5d8b,4yye,1.95
5d8b,3epl,1.35
5d8b,4yye,1.76
5d8b,2dxi,2.11
5d8b,3jcj,1.83
5d8b,3eph,1.24
5d8b,2du3,1.37
5d8b,4ujd,1.60
5d8b,2cv0,2.27
5d8b,2cv1,2.32
5d8b,5lzy
5d8b,2du6,1.76
5d8b,3j0o,1.54
5d8b,1wz2,1.62
5d8b,3j0q,1.32
5d8b,4ujc,1.86
5d8b,3jce,1.93
5d8b,4w29,1.90
5d8b,3jcn,1.83
5d8b,2det,1.87
5d8b,2d6f,1.81
5d8b,4v4v,1.31
5d8b,2cv2,1.66
5d8b,4v9q,1.25
5d8b,3epk,1.49
5d8b,3j0p,1.32
5d8b,4yvk,1.57
5d8b,2der,1.61
5d8b,3b0v,1.69
5d8b,4v5n,1.45
5d8b,2z9q
5d8b,2du4,1.53
5d8b,4yvj,1.52
5d8b,3b0v,1.72
5d8b,3j0p,1.62
5d8b,5lmq,1.48
5d8b,5j4d,0.50
5d8b,2dxi,2.40
5d8b,4v5m,1.32
5d8b,5k0y,1.59
5d8b,2cv1,2.29
5d8b,5lzy
5d8b,2cv2,2.20
5d8b,4v7c,1.61
5d8b,2du5,1.65
5d8b,3j7a,1.44
5lzs,1zo3,1.92
5lzs,3ep2
5lzs,5lzs,1.97
5lzs,5AJ0,1.91
5lzs,5j4d,1.77
5lzs,3epk,1.62
5lzs,3qsy,2.64
5lzs,3jce,2.36
5lzs,2der,2.00
5lzs,5d8b,1.95
5lzs,3jce,1.75
5lzs,2d6f,2.20
5lzs,5d8b,1.94
5lzs,4yye,1.90
5lzs,3epl,1.48
5lzs,4yye,1.84
5lzs,2dxi,1.68
5lzs,3jcj,2.19
5lzs,3eph,1.60
5lzs,2du3,2.29
5lzs,4ujd,2.34
5lzs,2cv0,2.34
5lzs,2cv1,1.85
5lzs,5lzy
5lzs,2du6,2.41
5lzs,3j0o,1.75
5lzs,1wz2,1.42
5lzs,3j0q,1.76
5lzs,4ujc,2.50
5lzs,3jce,1.62
5lzs,4w29,2.20
5lzs,3jcn,2.19
5lzs,2det,1.51
5lzs,2d6f,1.68
5lzs,4v4v,1.74
5lzs,2cv2,1.75
5lzs,4v9q,1.68
5lzs,3epk,1.34
5lzs,3j0p,1.76
5lzs,4yvk,1.87
5lzs,2der,1.49
5lzs,3b0v,1.57
5lzs,4v5n,1.83
5lzs,2z9q
5lzs,2du4,2.25
5lzs,4yvj,1.87
5lzs,3b0v,1.65
5lzs,3j0p,1.72
5lzs,5lmq,1.55
5lzs,5j4d,1.77
5lzs,2dxi,1.95
5lzs,4v5m,1.76
5lzs,5k0y,1.89
5lzs,2cv1,1.87
5lzs,5lzy
5lzs,2cv2,1.99
5lzs,4v7c,1.58
5lzs,2du5,2.51
5lzs,3j7a,1.94
1zo3,3ep2
1zo3,5lzs,1.64
1zo3,5AJ0,1.50
1zo3,5j4d,1.42
1zo3,3epk,1.06
1zo3,3qsy,2.34
1zo3,3jce,1.95
1zo3,2der,1.58
1zo3,5d8b,1.56
1zo3,3jce,1.42
1zo3,2d6f,1.71
1zo3,5d8b,1.56
1zo3,4yye,1.76
1zo3,3epl,1.16
1zo3,4yye,1.64
1zo3,2dxi,1.88
1zo3,3jcj,1.69
1zo3,3eph,1.09
1zo3,2du3,1.43
1zo3,4ujd,2.10
1zo3,2cv0,1.72
1zo3,2cv1,1.57
1zo3,5lzy
1zo3,2du6,2.25
1zo3,3j0o,1.47
1zo3,1wz2,2.04
1zo3,3j0q,1.40
1zo3,4ujc,2.56
1zo3,3jce,1.75
1zo3,4w29,1.86
1zo3,3jcn,1.67
1zo3,2det,2.35
1zo3,2d6f,1.77
1zo3,4v4v,0.42
1zo3,2cv2,1.69
1zo3,4v9q,1.46
1zo3,3epk,1.71
1zo3,3j0p,1.40
1zo3,4yvk,1.86
1zo3,2der,1.70
1zo3,3b0v,1.47
1zo3,4v5n,1.44
1zo3,2z9q
1zo3,2du4,2.09
1zo3,4yvj,1.80
1zo3,3b0v,1.46
1zo3,3j0p,1.73
1zo3,5lmq,1.80
1zo3,5j4d,1.42
1zo3,2dxi,1.81
1zo3,4v5m,1.40
1zo3,5k0y,1.57
1zo3,2cv1,2.04
1zo3,5lzy
1zo3,2cv2,1.73
1zo3,4v7c,1.71
1zo3,2du5,1.99
1zo3,3j7a,1.41
3ep2,5lzs
3ep2,5AJ0
3ep2,5j4d
3ep2,3epk
3ep2,3qsy
3ep2,3jce
3ep2,2der
3ep2,5d8b
3ep2,3jce
3ep2,2d6f
3ep2,5d8b
3ep2,4yye
3ep2,3epl
3ep2,4yye
3ep2,2dxi
3ep2,3jcj
3ep2,3eph
3ep2,2du3
3ep2,4ujd
3ep2,2cv0
3ep2,2cv1
3ep2,5lzy
3ep2,2du6
3ep2,3j0o
3ep2,1wz2
3ep2,3j0q
3ep2,4ujc
3ep2,3jce
3ep2,4w29
3ep2,3jcn
3ep2,2det
3ep2,2d6f
3ep2,4v4v
3ep2,2cv2
3ep2,4v9q
3ep2,3epk
3ep2,3j0p
3ep2,4yvk
3ep2,2der
3ep2,3b0v
3ep2,4v5n
3ep2,2z9q
3ep2,2du4
3ep2,4yvj
3ep2,3b0v
3ep2,3j0p
3ep2,5lmq
3ep2,5j4d
3ep2,2dxi
3ep2,4v5m
3ep2,5k0y
3ep2,2cv1
3ep2,5lzy
3ep2,2cv2
3ep2,4v7c
3ep2,2du5
3ep2,3j7a
5lzs,5AJ0,0.91
5lzs,5j4d,0.96
5lzs,3epk,1.18
5lzs,3qsy,2.35
5lzs,3jce,2.02
5lzs,2der,1.28
5lzs,5d8b,1.52
5lzs,3jce,1.08
5lzs,2d6f,2.19
5lzs,5d8b,1.51
5lzs,4yye,1.70
5lzs,3epl,1.14
5lzs,4yye,1.65
5lzs,2dxi,1.96
5lzs,3jcj,1.75
5lzs,3eph,1.08
5lzs,2du3,1.29
5lzs,4ujd,1.80
5lzs,2cv0,1.95
5lzs,2cv1,1.94
5lzs,5lzy
5lzs,2du6,1.64
5lzs,3j0o,1.49
5lzs,1wz2,1.74
5lzs,3j0q,1.18
5lzs,4ujc,2.15
5lzs,3jce,1.57
5lzs,4w29,1.94
5lzs,3jcn,1.83
5lzs,2det,2.00
5lzs,2d6f,1.65
5lzs,4v4v,1.51
5lzs,2cv2,1.91
5lzs,4v9q,1.30
5lzs,3epk,1.43
5lzs,3j0p,1.18
5lzs,4yvk,1.65
5lzs,2der,1.39
5lzs,3b0v,1.85
5lzs,4v5n,1.37
5lzs,2z9q
5lzs,2du4,1.38
5lzs,4yvj,1.67
5lzs,3b0v,1.79
5lzs,3j0p,1.93
5lzs,5lmq,1.65
5lzs,5j4d,0.96
5lzs,2dxi,2.03
5lzs,4v5m,1.18
5lzs,5k0y,1.80
5lzs,2cv1,1.99
5lzs,5lzy
5lzs,2cv2,1.43
5lzs,4v7c,1.95
5lzs,2du5,1.33
5lzs,3j7a,1.68
5AJ0,5j4d,1.20
5AJ0,3epk,1.16
5AJ0,3qsy,1.75
5AJ0,3jce,2.06
5AJ0,2der,1.43
5AJ0,5d8b,1.73
5AJ0,3jce,1.33
5AJ0,2d6f,1.95
5AJ0,5d8b,1.73
5AJ0,4yye,1.83
5AJ0,3epl,1.16
5AJ0,4yye,1.65
5AJ0,2dxi,1.91
5AJ0,3jcj,1.72
5AJ0,3eph,1.25
5AJ0,2du3,1.33
5AJ0,4ujd,1.75
5AJ0,2cv0,2.05
5AJ0,2cv1,2.00
5AJ0,5lzy
5AJ0,2du6,1.64
5AJ0,3j0o,1.37
5AJ0,1wz2,1.74
5AJ0,3j0q,1.35
5AJ0,4ujc,1.89
5AJ0,3jce,1.54
5AJ0,4w29,1.89
5AJ0,3jcn,1.72
5AJ0,2det,1.81
5AJ0,2d6f,1.52
5AJ0,4v4v,1.59
5AJ0,2cv2,1.97
5AJ0,4v9q,1.65
5AJ0,3epk,1.61
5AJ0,3j0p,1.35
5AJ0,4yvk,2.09
5AJ0,2der,1.41
5AJ0,3b0v,1.44
5AJ0,4v5n,1.40
5AJ0,2z9q
5AJ0,2du4,1.28
5AJ0,4yvj,1.61
5AJ0,3b0v,1.70
5AJ0,3j0p,1.84
5AJ0,5lmq,1.67
5AJ0,5j4d,1.20
5AJ0,2dxi,2.00
5AJ0,4v5m,1.35
5AJ0,5k0y,1.82
5AJ0,2cv1,1.88
5AJ0,5lzy
5AJ0,2cv2,1.97
5AJ0,4v7c,1.85
5AJ0,2du5,1.31
5AJ0,3j7a,1.59
5j4d,3epk,1.20
5j4d,3qsy,2.12
5j4d,3jce,1.67
5j4d,2der,1.49
5j4d,5d8b,1.34
5j4d,3jce,0.74
5j4d,2d6f,1.58
5j4d,5d8b,1.48
5j4d,4yye,1.60
5j4d,3epl,1.25
5j4d,4yye,1.76
5j4d,2dxi,2.37
5j4d,3jcj,1.85
5j4d,3eph,1.24
5j4d,2du3,1.36
5j4d,4ujd,1.64
5j4d,2cv0,2.43
5j4d,2cv1,2.46
5j4d,5lzy
5j4d,2du6,1.51
5j4d,3j0o,1.46
5j4d,1wz2,1.66
5j4d,3j0q,1.33
5j4d,4ujc,2.23
5j4d,3jce,1.66
5j4d,4w29,1.90
5j4d,3jcn,1.80
5j4d,2det,1.92
5j4d,2d6f,1.83
5j4d,4v4v,1.26
5j4d,2cv2,2.51
5j4d,4v9q,1.25
5j4d,3epk,1.45
5j4d,3j0p,1.33
5j4d,4yvk,1.86
5j4d,2der,1.61
5j4d,3b0v,1.74
5j4d,4v5n,1.54
5j4d,2z9q
5j4d,2du4,1.41
5j4d,4yvj,1.78
5j4d,3b0v,1.77
5j4d,3j0p,1.70
5j4d,5lmq,1.39
5j4d,5j4d,0.05
5j4d,2dxi,2.41
5j4d,4v5m,1.33
5j4d,5k0y,1.65
5j4d,2cv1,2.39
5j4d,5lzy
5j4d,2cv2,2.58
5j4d,4v7c,1.76
5j4d,2du5,1.68
5j4d,3j7a,1.44
3epk,3qsy,2.61
3epk,3jce,1.65
3epk,2der,1.20
3epk,5d8b,1.59
3epk,3jce,1.38
3epk,2d6f,2.18
3epk,5d8b,1.59
3epk,4yye,1.80
3epk,3epl,0.72
3epk,4yye,1.62
3epk,2dxi,1.58
3epk,3jcj,1.51
3epk,3eph,0.50
3epk,2du3,1.35
3epk,4ujd,2.03
3epk,2cv0,1.76
3epk,2cv1,1.69
3epk,5lzy
3epk,2du6,1.52
3epk,3j0o,1.19
3epk,1wz2,1.49
3epk,3j0q,1.48
3epk,4ujc,2.87
3epk,3jce,1.72
3epk,4w29,2.56
3epk,3jcn,1.52
3epk,2det,1.65
3epk,2d6f,1.72
3epk,4v4v,1.15
3epk,2cv2,1.71
3epk,4v9q,1.47
3epk,3epk,1.16
3epk,3j0p,1.48
3epk,4yvk,2.09
3epk,2der,1.46
3epk,3b0v,1.57
3epk,4v5n,1.32
3epk,2z9q
3epk,2du4,1.33
3epk,4yvj,2.10
3epk,3b0v,1.72
3epk,3j0p,1.28
3epk,5lmq,1.32
3epk,5j4d,1.20
3epk,2dxi,1.70
3epk,4v5m,1.48
3epk,5k0y,1.43
3epk,2cv1,1.58
3epk,5lzy
3epk,2cv2,1.65
3epk,4v7c,1.26
3epk,2du5,1.69
3epk,3j7a,1.35
3qsy,3jce,1.98
3qsy,2der,1.71
3qsy,5d8b,2.55
3qsy,3jce,1.75
3qsy,2d6f,2.57
3qsy,5d8b,2.69
3qsy,4yye,2.41
3qsy,3epl,2.60
3qsy,4yye,2.71
3qsy,2dxi,2.47
3qsy,3jcj,1.65
3qsy,3eph,2.58
3qsy,2du3,2.55
3qsy,4ujd,2.49
3qsy,2cv0,2.58
3qsy,2cv1,2.61
3qsy,5lzy
3qsy,2du6,2.69
3qsy,3j0o,1.70
3qsy,1wz2,1.99
3qsy,3j0q,2.29
3qsy,4ujc,3.77
3qsy,3jce,2.35
3qsy,4w29,2.83
3qsy,3jcn,1.65
3qsy,2det,2.72
3qsy,2d6f,1.78
3qsy,4v4v,2.35
3qsy,2cv2,2.57
3qsy,4v9q,2.53
3qsy,3epk,2.70
3qsy,3j0p,2.29
3qsy,4yvk,2.76
3qsy,2der,1.74
3qsy,3b0v,1.68
3qsy,4v5n,1.91
3qsy,2z9q
3qsy,2du4,1.61
3qsy,4yvj,2.67
3qsy,3b0v,2.03
3qsy,3j0p,2.53
3qsy,5lmq,2.67
3qsy,5j4d,2.12
3qsy,2dxi,2.46
3qsy,4v5m,2.29
3qsy,5k0y,1.80
3qsy,2cv1,2.43
3qsy,5lzy
3qsy,2cv2,2.51
3qsy,4v7c,2.53
3qsy,2du5,2.61
3qsy,3j7a,2.46
3jce,2der,1.71
3jce,5d8b,1.66
3jce,3jce,1.64
3jce,2d6f,1.67
3jce,5d8b,1.65
3jce,4yye,1.26
3jce,3epl,1.63
3jce,4yye,1.43
3jce,2dxi,2.29
3jce,3jcj,2.46
3jce,3eph,1.50
3jce,2du3,2.33
3jce,4ujd,2.28
3jce,2cv0,2.54
3jce,2cv1,2.47
3jce,5lzy
3jce,2du6,2.22
3jce,3j0o,1.94
3jce,1wz2,1.85
3jce,3j0q,1.92
3jce,4ujc,2.67
3jce,3jce,2.24
3jce,4w29,2.27
3jce,3jcn,1.93
3jce,2det,1.79
3jce,2d6f,1.77
3jce,4v4v,1.99
3jce,2cv2,2.49
3jce,4v9q,1.67
3jce,3epk,2.08
3jce,3j0p,1.92
3jce,4yvk,1.79
3jce,2der,1.76
3jce,3b0v,1.80
3jce,4v5n,1.88
3jce,2z9q
3jce,2du4,1.66
3jce,4yvj,1.82
3jce,3b0v,1.81
3jce,3j0p,1.79
3jce,5lmq,2.17
3jce,5j4d,1.63
3jce,2dxi,2.48
3jce,4v5m,1.92
3jce,5k0y,2.34
3jce,2cv1,2.38
3jce,5lzy
3jce,2cv2,2.44
3jce,4v7c,2.11
3jce,2du5,2.37
3jce,3j7a,2.17
2der,5d8b,1.77
2der,3jce,1.63
2der,2d6f,2.48
2der,5d8b,1.66
2der,4yye,1.61
2der,3epl,1.36
2der,4yye,1.29
2der,2dxi,1.62
2der,3jcj,1.87
2der,3eph,1.48
2der,2du3,1.66
2der,4ujd,2.16
2der,2cv0,1.80
2der,2cv1,1.76
2der,5lzy
2der,2du6,1.58
2der,3j0o,1.47
2der,1wz2,1.88
2der,3j0q,1.59
2der,4ujc,2.43
2der,3jce,1.86
2der,4w29,1.92
2der,3jcn,1.73
2der,2det,1.34
2der,2d6f,1.36
2der,4v4v,1.52
2der,2cv2,1.79
2der,4v9q,1.63
2der,3epk,1.33
2der,3j0p,1.59
2der,4yvk,2.06
2der,2der,0.60
2der,3b0v,1.67
2der,4v5n,1.53
2der,2z9q
2der,2du4,1.75
2der,4yvj,1.74
2der,3b0v,1.72
2der,3j0p,1.96
2der,5lmq,1.56
2der,5j4d,1.50
2der,2dxi,1.84
2der,4v5m,1.59
2der,5k0y,1.83
2der,2cv1,1.56
2der,5lzy
2der,2cv2,1.71
2der,4v7c,1.75
2der,2du5,1.82
2der,3j7a,1.74
5d8b,3jce,1.26
5d8b,2d6f,2.14
5d8b,5d8b,0.03
5d8b,4yye,1.76
5d8b,3epl,1.31
5d8b,4yye,1.83
5d8b,2dxi,1.84
5d8b,3jcj,2.09
5d8b,3eph,1.59
5d8b,2du3,1.65
5d8b,4ujd,2.28
5d8b,2cv0,1.94
5d8b,2cv1,1.81
5d8b,5lzy
5d8b,2du6,1.76
5d8b,3j0o,1.79
5d8b,1wz2,1.67
5d8b,3j0q,1.21
5d8b,4ujc,2.90
5d8b,3jce,1.60
5d8b,4w29,1.65
5d8b,3jcn,2.03
5d8b,2det,1.90
5d8b,2d6f,1.79
5d8b,4v4v,1.48
5d8b,2cv2,1.92
5d8b,4v9q,0.87
5d8b,3epk,1.67
5d8b,3j0p,1.21
5d8b,4yvk,1.91
5d8b,2der,1.75
5d8b,3b0v,1.97
5d8b,4v5n,1.44
5d8b,2z9q
5d8b,2du4,1.68
5d8b,4yvj,1.94
5d8b,3b0v,1.99
5d8b,3j0p,1.90
5d8b,5lmq,1.55
5d8b,5j4d,1.34
5d8b,2dxi,2.12
5d8b,4v5m,1.21
5d8b,5k0y,1.94
5d8b,2cv1,2.01
5d8b,5lzy
5d8b,2cv2,1.96
5d8b,4v7c,2.01
5d8b,2du5,1.86
5d8b,3j7a,1.62
3jce,2d6f,1.56
3jce,5d8b,1.47
3jce,4yye,2.03
3jce,3epl,1.48
3jce,4yye,1.74
3jce,2dxi,1.85
3jce,3jcj,1.90
3jce,3eph,1.49
3jce,2du3,1.45
3jce,4ujd,1.47
3jce,2cv0,1.77
3jce,2cv1,1.63
3jce,5lzy
3jce,2du6,1.97
3jce,3j0o,1.70
3jce,1wz2,1.82
3jce,3j0q,1.36
3jce,4ujc,1.91
3jce,3jce,2.22
3jce,4w29,2.42
3jce,3jcn,2.05
3jce,2det,2.11
3jce,2d6f,1.88
3jce,4v4v,1.38
3jce,2cv2,1.74
3jce,4v9q,1.26
3jce,3epk,1.60
3jce,3j0p,1.36
3jce,4yvk,1.63
3jce,2der,1.66
3jce,3b0v,1.67
3jce,4v5n,1.47
3jce,2z9q
3jce,2du4,1.86
3jce,4yvj,1.62
3jce,3b0v,1.69
3jce,3j0p,1.57
3jce,5lmq,1.98
3jce,5j4d,0.75
3jce,2dxi,1.80
3jce,4v5m,1.36
3jce,5k0y,2.07
3jce,2cv1,1.63
3jce,5lzy
3jce,2cv2,1.58
3jce,4v7c,1.90
3jce,2du5,1.64
3jce,3j7a,1.41
2d6f,5d8b,2.13
2d6f,4yye,1.62
2d6f,3epl,2.06
2d6f,4yye,1.81
2d6f,2dxi,1.70
2d6f,3jcj,1.75
2d6f,3eph,2.29
2d6f,2du3,1.76
2d6f,4ujd,2.22
2d6f,2cv0,1.69
2d6f,2cv1,1.65
2d6f,5lzy
2d6f,2du6,1.66
2d6f,3j0o,1.72
2d6f,1wz2,1.63
2d6f,3j0q,1.73
2d6f,4ujc,2.86
2d6f,3jce,1.69
2d6f,4w29,1.74
2d6f,3jcn,1.75
2d6f,2det,2.01
2d6f,2d6f,1.36
2d6f,4v4v,1.90
2d6f,2cv2,1.77
2d6f,4v9q,1.64
2d6f,3epk,2.20
2d6f,3j0p,1.73
2d6f,4yvk,1.54
2d6f,2der,1.59
2d6f,3b0v,1.72
2d6f,4v5n,1.81
2d6f,2z9q
2d6f,2du4,1.49
2d6f,4yvj,1.56
2d6f,3b0v,1.73
2d6f,3j0p,2.26
2d6f,5lmq,1.69
2d6f,5j4d,1.58
2d6f,2dxi,1.65
2d6f,4v5m,1.73
2d6f,5k0y,1.61
2d6f,2cv1,1.54
2d6f,5lzy
2d6f,2cv2,1.72
2d6f,4v7c,2.61
2d6f,2du5,1.75
2d6f,3j7a,2.05
5d8b,4yye,1.76
5d8b,3epl,1.34
5d8b,4yye,1.83
5d8b,2dxi,1.85
5d8b,3jcj,2.08
5d8b,3eph,1.59
5d8b,2du3,1.75
5d8b,4ujd,2.28
5d8b,2cv0,1.94
5d8b,2cv1,1.75
5d8b,5lzy
5d8b,2du6,1.76
5d8b,3j0o,1.79
5d8b,1wz2,1.61
5d8b,3j0q,1.21
5d8b,4ujc,2.91
5d8b,3jce,1.60
5d8b,4w29,1.70
5d8b,3jcn,2.03
5d8b,2det,1.89
5d8b,2d6f,1.79
5d8b,4v4v,1.55
5d8b,2cv2,1.92
5d8b,4v9q,0.87
5d8b,3epk,1.67
5d8b,3j0p,1.21
5d8b,4yvk,1.91
5d8b,2der,1.75
5d8b,3b0v,1.97
5d8b,4v5n,1.44
5d8b,2z9q
5d8b,2du4,1.68
5d8b,4yvj,1.95
5d8b,3b0v,1.94
5d8b,3j0p,1.89
5d8b,5lmq,1.54
5d8b,5j4d,1.34
5d8b,2dxi,2.12
5d8b,4v5m,1.21
5d8b,5k0y,1.94
5d8b,2cv1,2.01
5d8b,5lzy
5d8b,2cv2,1.90
5d8b,4v7c,2.00
5d8b,2du5,1.86
5d8b,3j7a,1.62
4yye,3epl,1.68
4yye,4yye,0.66
4yye,2dxi,2.27
4yye,3jcj,1.78
4yye,3eph,1.58
4yye,2du3,2.28
4yye,4ujd,2.29
4yye,2cv0,2.21
4yye,2cv1,1.88
4yye,5lzy
4yye,2du6,2.44
4yye,3j0o,2.12
4yye,1wz2,1.86
4yye,3j0q,1.88
4yye,4ujc,3.19
4yye,3jce,2.18
4yye,4w29,1.83
4yye,3jcn,1.61
4yye,2det,1.30
4yye,2d6f,2.17
4yye,4v4v,1.90
4yye,2cv2,2.09
4yye,4v9q,1.81
4yye,3epk,1.70
4yye,3j0p,1.88
4yye,4yvk,1.54
4yye,2der,1.48
4yye,3b0v,2.01
4yye,4v5n,1.98
4yye,2z9q
4yye,2du4,2.16
4yye,4yvj,1.51
4yye,3b0v,1.92
4yye,3j0p,2.39
4yye,5lmq,2.05
4yye,5j4d,1.60
4yye,2dxi,2.27
4yye,4v5m,1.88
4yye,5k0y,2.21
4yye,2cv1,2.13
4yye,5lzy
4yye,2cv2,2.03
4yye,4v7c,2.26
4yye,2du5,1.79
4yye,3j7a,2.40
3epl,4yye,1.55
3epl,2dxi,1.69
3epl,3jcj,1.89
3epl,3eph,0.71
3epl,2du3,1.45
3epl,4ujd,2.09
3epl,2cv0,1.67
3epl,2cv1,1.56
3epl,5lzy
3epl,2du6,1.48
3epl,3j0o,1.26
3epl,1wz2,1.57
3epl,3j0q,1.28
3epl,4ujc,2.71
3epl,3jce,1.62
3epl,4w29,2.42
3epl,3jcn,1.83
3epl,2det,1.82
3epl,2d6f,1.54
3epl,4v4v,1.20
3epl,2cv2,1.68
3epl,4v9q,1.51
3epl,3epk,1.17
3epl,3j0p,1.28
3epl,4yvk,1.95
3epl,2der,1.44
3epl,3b0v,1.70
3epl,4v5n,1.29
3epl,2z9q
3epl,2du4,1.41
3epl,4yvj,1.81
3epl,3b0v,1.73
3epl,3j0p,1.45
3epl,5lmq,2.12
3epl,5j4d,1.05
3epl,2dxi,1.83
3epl,4v5m,1.28
3epl,5k0y,1.49
3epl,2cv1,1.67
3epl,5lzy
3epl,2cv2,1.64
3epl,4v7c,1.24
3epl,2du5,1.42
3epl,3j7a,1.47
4yye,2dxi,1.82
4yye,3jcj,1.71
4yye,3eph,1.62
4yye,2du3,1.81
4yye,4ujd,2.31
4yye,2cv0,2.09
4yye,2cv1,1.96
4yye,5lzy
4yye,2du6,2.36
4yye,3j0o,1.88
4yye,1wz2,2.34
4yye,3j0q,1.71
4yye,4ujc,3.21
4yye,3jce,2.02
4yye,4w29,1.78
4yye,3jcn,1.64
4yye,2det,1.12
4yye,2d6f,2.13
4yye,4v4v,1.84
4yye,2cv2,1.95
4yye,4v9q,1.73
4yye,3epk,1.34
4yye,3j0p,1.71
4yye,4yvk,1.41
4yye,2der,1.32
4yye,3b0v,1.76
4yye,4v5n,1.58
4yye,2z9q
4yye,2du4,1.63
4yye,4yvj,1.40
4yye,3b0v,1.78
4yye,3j0p,2.07
4yye,5lmq,2.03
4yye,5j4d,1.75
4yye,2dxi,2.13
4yye,4v5m,1.71
4yye,5k0y,2.17
4yye,2cv1,1.71
4yye,5lzy
4yye,2cv2,1.72
4yye,4v7c,2.01
4yye,2du5,1.61
4yye,3j7a,2.31
2dxi,3jcj,1.79
2dxi,3eph,1.65
2dxi,2du3,1.76
2dxi,4ujd,2.34
2dxi,2cv0,0.63
2dxi,2cv1,0.86
2dxi,5lzy
2dxi,2du6,1.81
2dxi,3j0o,1.61
2dxi,1wz2,2.26
2dxi,3j0q,1.67
2dxi,4ujc,2.85
2dxi,3jce,1.60
2dxi,4w29,2.20
2dxi,3jcn,1.77
2dxi,2det,1.96
2dxi,2d6f,1.61
2dxi,4v4v,1.93
2dxi,2cv2,0.85
2dxi,4v9q,1.78
2dxi,3epk,2.12
2dxi,3j0p,1.67
2dxi,4yvk,1.31
2dxi,2der,1.72
2dxi,3b0v,1.80
2dxi,4v5n,1.88
2dxi,2z9q
2dxi,2du4,1.83
2dxi,4yvj,1.39
2dxi,3b0v,1.70
2dxi,3j0p,1.70
2dxi,5lmq,1.82
2dxi,5j4d,2.37
2dxi,2dxi,0.53
2dxi,4v5m,1.67
2dxi,5k0y,1.78
2dxi,2cv1,0.30
2dxi,5lzy
2dxi,2cv2,0.58
2dxi,4v7c,1.75
2dxi,2du5,1.67
2dxi,3j7a,2.14
3jcj,3eph,2.11
3jcj,2du3,1.65
3jcj,4ujd,2.69
3jcj,2cv0,1.99
3jcj,2cv1,1.79
3jcj,5lzy
3jcj,2du6,1.64
3jcj,3j0o,1.48
3jcj,1wz2,1.79
3jcj,3j0q,1.57
3jcj,4ujc,2.88
3jcj,3jce,1.84
3jcj,4w29,2.41
3jcj,3jcn,0.34
3jcj,2det,2.17
3jcj,2d6f,1.59
3jcj,4v4v,1.61
3jcj,2cv2,1.99
3jcj,4v9q,1.94
3jcj,3epk,1.76
3jcj,3j0p,1.57
3jcj,4yvk,2.33
3jcj,2der,1.81
3jcj,3b0v,1.58
3jcj,4v5n,1.58
3jcj,2z9q
3jcj,2du4,1.60
3jcj,4yvj,2.29
3jcj,3b0v,1.60
3jcj,3j0p,1.77
3jcj,5lmq,1.82
3jcj,5j4d,1.85
3jcj,2dxi,1.84
3jcj,4v5m,1.57
3jcj,5k0y,1.89
3jcj,2cv1,1.74
3jcj,5lzy
3jcj,2cv2,1.99
3jcj,4v7c,1.73
3jcj,2du5,2.45
3jcj,3j7a,1.90
3eph,2du3,1.31
3eph,4ujd,2.13
3eph,2cv0,1.62
3eph,2cv1,1.62
3eph,5lzy
3eph,2du6,1.75
3eph,3j0o,1.24
3eph,1wz2,1.55
3eph,3j0q,1.34
3eph,4ujc,2.89
3eph,3jce,1.61
3eph,4w29,2.49
3eph,3jcn,2.03
3eph,2det,1.68
3eph,2d6f,2.03
3eph,4v4v,0.97
3eph,2cv2,1.59
3eph,4v9q,1.45
3eph,3epk,1.36
3eph,3j0p,1.34
3eph,4yvk,1.96
3eph,2der,1.39
3eph,3b0v,1.53
3eph,4v5n,1.35
3eph,2z9q
3eph,2du4,1.38
3eph,4yvj,1.93
3eph,3b0v,1.65
3eph,3j0p,1.91
3eph,5lmq,1.30
3eph,5j4d,1.24
3eph,2dxi,1.76
3eph,4v5m,1.34
3eph,5k0y,1.52
3eph,2cv1,1.66
3eph,5lzy
3eph,2cv2,1.82
3eph,4v7c,1.71
3eph,2du5,1.52
3eph,3j7a,1.44
2du3,4ujd,2.06
2du3,2cv0,1.88
2du3,2cv1,1.83
2du3,5lzy
2du3,2du6,0.70
2du3,3j0o,2.20
2du3,1wz2,1.42
2du3,3j0q,1.41
2du3,4ujc,2.57
2du3,3jce,1.68
2du3,4w29,2.88
2du3,3jcn,1.65
2du3,2det,2.06
2du3,2d6f,1.77
2du3,4v4v,1.54
2du3,2cv2,1.83
2du3,4v9q,1.58
2du3,3epk,1.96
2du3,3j0p,1.41
2du3,4yvk,1.83
2du3,2der,1.63
2du3,3b0v,1.59
2du3,4v5n,1.51
2du3,2z9q
2du3,2du4,0.59
2du3,4yvj,1.89
2du3,3b0v,1.64
2du3,3j0p,1.87
2du3,5lmq,2.25
2du3,5j4d,1.40
2du3,2dxi,1.97
2du3,4v5m,1.41
2du3,5k0y,1.60
2du3,2cv1,1.83
2du3,5lzy
2du3,2cv2,1.75
2du3,4v7c,1.38
2du3,2du5,0.66
2du3,3j7a,1.56
4ujd,2cv0,2.16
4ujd,2cv1,1.62
4ujd,5lzy
4ujd,2du6,1.71
4ujd,3j0o,1.98
4ujd,1wz2,1.99
4ujd,3j0q,1.39
4ujd,4ujc,1.47
4ujd,3jce,2.12
4ujd,4w29,2.55
4ujd,3jcn,2.41
4ujd,2det,2.19
4ujd,2d6f,1.64
4ujd,4v4v,1.49
4ujd,2cv2,2.15
4ujd,4v9q,1.56
4ujd,3epk,1.88
4ujd,3j0p,1.39
4ujd,4yvk,1.68
4ujd,2der,1.98
4ujd,3b0v,2.06
4ujd,4v5n,1.40
4ujd,2z9q
4ujd,2du4,1.55
4ujd,4yvj,1.53
4ujd,3b0v,2.20
4ujd,3j0p,1.82
4ujd,5lmq,1.47
4ujd,5j4d,1.08
4ujd,2dxi,2.20
4ujd,4v5m,1.39
4ujd,5k0y,1.49
4ujd,2cv1,1.75
4ujd,5lzy
4ujd,2cv2,1.76
4ujd,4v7c,1.74
4ujd,2du5,1.64
4ujd,3j7a,1.52
2cv0,2cv1,0.44
2cv0,5lzy
2cv0,2du6,1.76
2cv0,3j0o,1.77
2cv0,1wz2,2.58
2cv0,3j0q,1.92
2cv0,4ujc,2.96
2cv0,3jce,1.58
2cv0,4w29,2.18
2cv0,3jcn,1.98
2cv0,2det,2.01
2cv0,2d6f,1.55
2cv0,4v4v,1.78
2cv0,2cv2,0.41
2cv0,4v9q,1.80
2cv0,3epk,2.10
2cv0,3j0p,1.92
2cv0,4yvk,1.43
2cv0,2der,1.76
2cv0,3b0v,2.06
2cv0,4v5n,1.93
2cv0,2z9q
2cv0,2du4,1.70
2cv0,4yvj,1.53
2cv0,3b0v,1.72
2cv0,3j0p,1.69
2cv0,5lmq,1.71
2cv0,5j4d,2.43
2cv0,2dxi,0.31
2cv0,4v5m,1.92
2cv0,5k0y,1.79
2cv0,2cv1,0.62
2cv0,5lzy
2cv0,2cv2,0.53
2cv0,4v7c,1.77
2cv0,2du5,1.71
2cv0,3j7a,1.64
2cv1,5lzy
2cv1,2du6,1.83
2cv1,3j0o,1.70
2cv1,1wz2,1.86
2cv1,3j0q,2.20
2cv1,4ujc,2.93
2cv1,3jce,2.27
2cv1,4w29,2.23
2cv1,3jcn,1.75
2cv1,2det,2.02
2cv1,2d6f,1.59
2cv1,4v4v,1.60
2cv1,2cv2,0.32
2cv1,4v9q,2.20
2cv1,3epk,2.14
2cv1,3j0p,2.20
2cv1,4yvk,1.48
2cv1,2der,1.82
2cv1,3b0v,1.61
2cv1,4v5n,1.59
2cv1,2z9q
2cv1,2du4,1.76
2cv1,4yvj,1.47
2cv1,3b0v,1.38
2cv1,3j0p,1.63
2cv1,5lmq,1.59
2cv1,5j4d,2.45
2cv1,2dxi,0.57
2cv1,4v5m,2.20
2cv1,5k0y,1.90
2cv1,2cv1,0.78
2cv1,5lzy
2cv1,2cv2,0.58
2cv1,4v7c,1.76
2cv1,2du5,1.82
2cv1,3j7a,1.62
5lzy,2du6
5lzy,3j0o
5lzy,1wz2
5lzy,3j0q
5lzy,4ujc
5lzy,3jce
5lzy,4w29
5lzy,3jcn
5lzy,2det
5lzy,2d6f
5lzy,4v4v
5lzy,2cv2
5lzy,4v9q
5lzy,3epk
5lzy,3j0p
5lzy,4yvk
5lzy,2der
5lzy,3b0v
5lzy,4v5n
5lzy,2z9q
5lzy,2du4
5lzy,4yvj
5lzy,3b0v
5lzy,3j0p
5lzy,5lmq
5lzy,5j4d
5lzy,2dxi
5lzy,4v5m
5lzy,5k0y
5lzy,2cv1
5lzy,5lzy
5lzy,2cv2
5lzy,4v7c
5lzy,2du5
5lzy,3j7a
2du6,3j0o,1.87
2du6,1wz2,1.67
2du6,3j0q,1.89
2du6,4ujc,2.81
2du6,3jce,2.29
2du6,4w29,1.76
2du6,3jcn,1.65
2du6,2det,2.22
2du6,2d6f,1.84
2du6,4v4v,2.24
2du6,2cv2,1.86
2du6,4v9q,1.58
2du6,3epk,1.95
2du6,3j0p,1.89
2du6,4yvk,2.29
2du6,2der,1.82
2du6,3b0v,1.78
2du6,4v5n,1.60
2du6,2z9q
2du6,2du4,0.84
2du6,4yvj,2.31
2du6,3b0v,1.78
2du6,3j0p,1.91
2du6,5lmq,2.49
2du6,5j4d,1.83
2du6,2dxi,1.76
2du6,4v5m,1.89
2du6,5k0y,1.67
2du6,2cv1,1.76
2du6,5lzy
2du6,2cv2,1.81
2du6,4v7c,1.90
2du6,2du5,0.51
2du6,3j7a,1.68
3j0o,1wz2,1.49
3j0o,3j0q,1.33
3j0o,4ujc,2.48
3j0o,3jce,1.28
3j0o,4w29,2.39
3j0o,3jcn,1.43
3j0o,2det,2.40
3j0o,2d6f,1.72
3j0o,4v4v,1.49
3j0o,2cv2,2.12
3j0o,4v9q,1.48
3j0o,3epk,1.15
3j0o,3j0p,1.33
3j0o,4yvk,1.89
3j0o,2der,1.51
3j0o,3b0v,1.31
3j0o,4v5n,1.61
3j0o,2z9q
3j0o,2du4,2.17
3j0o,4yvj,1.95
3j0o,3b0v,1.34
3j0o,3j0p,1.57
3j0o,5lmq,1.91
3j0o,5j4d,1.46
3j0o,2dxi,1.74
3j0o,4v5m,1.33
3j0o,5k0y,1.79
3j0o,2cv1,1.69
3j0o,5lzy
3j0o,2cv2,1.67
3j0o,4v7c,1.51
3j0o,2du5,2.29
3j0o,3j7a,1.54
1wz2,3j0q,1.49
1wz2,4ujc,2.37
1wz2,3jce,1.54
1wz2,4w29,2.22
1wz2,3jcn,1.79
1wz2,2det,2.44
1wz2,2d6f,1.62
1wz2,4v4v,1.58
1wz2,2cv2,1.83
1wz2,4v9q,1.52
1wz2,3epk,1.83
1wz2,3j0p,1.49
1wz2,4yvk,2.45
1wz2,2der,1.88
1wz2,3b0v,1.68
1wz2,4v5n,1.40
1wz2,2z9q
1wz2,2du4,2.16
1wz2,4yvj,1.71
1wz2,3b0v,1.90
1wz2,3j0p,1.70
1wz2,5lmq,1.96
1wz2,5j4d,1.56
1wz2,2dxi,2.31
1wz2,4v5m,1.49
1wz2,5k0y,1.47
1wz2,2cv1,2.29
1wz2,5lzy
1wz2,2cv2,1.88
1wz2,4v7c,1.56
1wz2,2du5,2.09
1wz2,3j7a,1.65
3j0q,4ujc,2.92
3j0q,3jce,1.54
3j0q,4w29,1.91
3j0q,3jcn,1.57
3j0q,2det,1.84
3j0q,2d6f,1.81
3j0q,4v4v,1.38
3j0q,2cv2,2.39
3j0q,4v9q,1.68
3j0q,3epk,1.50
3j0q,3j0p,0.00
3j0q,4yvk,2.18
3j0q,2der,1.59
3j0q,3b0v,1.77
3j0q,4v5n,0.98
3j0q,2z9q
3j0q,2du4,1.53
3j0q,4yvj,2.34
3j0q,3b0v,1.84
3j0q,3j0p,1.75
3j0q,5lmq,1.72
3j0q,5j4d,1.33
3j0q,2dxi,1.75
3j0q,4v5m,0.00
3j0q,5k0y,1.81
3j0q,2cv1,1.70
3j0q,5lzy
3j0q,2cv2,1.89
3j0q,4v7c,1.78
3j0q,2du5,1.50
3j0q,3j7a,1.49
4ujc,3jce,2.06
4ujc,4w29,2.42
4ujc,3jcn,2.41
4ujc,2det,2.19
4ujc,2d6f,1.64
4ujc,4v4v,1.49
4ujc,2cv2,2.22
4ujc,4v9q,1.45
4ujc,3epk,1.88
4ujc,3j0p,1.36
4ujc,4yvk,1.68
4ujc,2der,1.98
4ujc,3b0v,2.06
4ujc,4v5n,1.41
4ujc,2z9q
4ujc,2du4,1.49
4ujc,4yvj,1.53
4ujc,3b0v,2.20
4ujc,3j0p,1.69
4ujc,5lmq,2.18
4ujc,5j4d,1.08
4ujc,2dxi,2.25
4ujc,4v5m,1.36
4ujc,5k0y,1.65
4ujc,2cv1,1.77
4ujc,5lzy
4ujc,2cv2,1.82
4ujc,4v7c,1.60
4ujc,2du5,1.64
4ujc,3j7a,1.52
3jce,4w29,2.36
3jce,3jcn,1.84
3jce,2det,1.94
3jce,2d6f,1.79
3jce,4v4v,1.77
3jce,2cv2,2.16
3jce,4v9q,1.50
3jce,3epk,1.62
3jce,3j0p,1.54
3jce,4yvk,1.77
3jce,2der,1.73
3jce,3b0v,1.55
3jce,4v5n,1.69
3jce,2z9q
3jce,2du4,2.16
3jce,4yvj,1.86
3jce,3b0v,1.55
3jce,3j0p,1.83
3jce,5lmq,2.13
3jce,5j4d,1.66
3jce,2dxi,1.63
3jce,4v5m,1.54
3jce,5k0y,1.80
3jce,2cv1,1.65
3jce,5lzy
3jce,2cv2,1.64
3jce,4v7c,1.60
3jce,2du5,1.75
3jce,3j7a,1.81
4w29,3jcn,2.41
4w29,2det,2.39
4w29,2d6f,2.01
4w29,4v4v,2.03
4w29,2cv2,2.25
4w29,4v9q,1.79
4w29,3epk,2.28
4w29,3j0p,1.91
4w29,4yvk,2.41
4w29,2der,2.20
4w29,3b0v,2.34
4w29,4v5n,2.06
4w29,2z9q
4w29,2du4,2.75
4w29,4yvj,2.22
4w29,3b0v,2.52
4w29,3j0p,2.49
4w29,5lmq,1.87
4w29,5j4d,1.90
4w29,2dxi,1.85
4w29,4v5m,1.91
4w29,5k0y,2.32
4w29,2cv1,2.16
4w29,5lzy
4w29,2cv2,2.19
4w29,4v7c,2.68
4w29,2du5,2.78
4w29,3j7a,2.28
3jcn,2det,1.99
3jcn,2d6f,1.59
3jcn,4v4v,1.62
3jcn,2cv2,2.02
3jcn,4v9q,1.95
3jcn,3epk,1.77
3jcn,3j0p,1.57
3jcn,4yvk,2.51
3jcn,2der,1.73
3jcn,3b0v,1.53
3jcn,4v5n,1.58
3jcn,2z9q
3jcn,2du4,1.59
3jcn,4yvj,1.94
3jcn,3b0v,1.55
3jcn,3j0p,1.79
3jcn,5lmq,1.76
3jcn,5j4d,1.80
3jcn,2dxi,2.01
3jcn,4v5m,1.57
3jcn,5k0y,1.90
3jcn,2cv1,1.67
3jcn,5lzy
3jcn,2cv2,1.98
3jcn,4v7c,1.94
3jcn,2du5,2.46
3jcn,3j7a,1.71
2det,2d6f,1.95
2det,4v4v,2.10
2det,2cv2,2.00
2det,4v9q,1.95
2det,3epk,1.76
2det,3j0p,1.84
2det,4yvk,1.28
2det,2der,1.32
2det,3b0v,1.98
2det,4v5n,1.83
2det,2z9q
2det,2du4,2.08
2det,4yvj,1.43
2det,3b0v,1.98
2det,3j0p,1.97
2det,5lmq,1.87
2det,5j4d,1.93
2det,2dxi,2.10
2det,4v5m,1.84
2det,5k0y,2.11
2det,2cv1,1.98
2det,5lzy
2det,2cv2,1.96
2det,4v7c,2.05
2det,2du5,2.23
2det,3j7a,2.16
2d6f,4v4v,1.58
2d6f,2cv2,1.62
2d6f,4v9q,1.69
2d6f,3epk,1.77
2d6f,3j0p,1.81
2d6f,4yvk,1.64
2d6f,2der,1.46
2d6f,3b0v,1.81
2d6f,4v5n,1.76
2d6f,2z9q
2d6f,2du4,1.72
2d6f,4yvj,1.69
2d6f,3b0v,1.76
2d6f,3j0p,2.19
2d6f,5lmq,2.09
2d6f,5j4d,1.83
2d6f,2dxi,1.62
2d6f,4v5m,1.81
2d6f,5k0y,1.77
2d6f,2cv1,1.55
2d6f,5lzy
2d6f,2cv2,1.64
2d6f,4v7c,1.89
2d6f,2du5,1.88
2d6f,3j7a,1.75
4v4v,2cv2,1.80
4v4v,4v9q,1.36
4v4v,3epk,1.35
4v4v,3j0p,1.38
4v4v,4yvk,1.82
4v4v,2der,1.67
4v4v,3b0v,1.45
4v4v,4v5n,1.42
4v4v,2z9q
4v4v,2du4,2.01
4v4v,4yvj,1.85
4v4v,3b0v,1.49
4v4v,3j0p,1.73
4v4v,5lmq,1.70
4v4v,5j4d,1.26
4v4v,2dxi,1.83
4v4v,4v5m,1.38
4v4v,5k0y,1.45
4v4v,2cv1,1.94
4v4v,5lzy
4v4v,2cv2,1.64
4v4v,4v7c,1.60
4v4v,2du5,1.59
4v4v,3j7a,1.35
2cv2,4v9q,2.17
2cv2,3epk,2.00
2cv2,3j0p,2.39
2cv2,4yvk,1.47
2cv2,2der,1.83
2cv2,3b0v,1.51
2cv2,4v5n,2.02
2cv2,2z9q
2cv2,2du4,1.76
2cv2,4yvj,1.47
2cv2,3b0v,1.52
2cv2,3j0p,1.72
2cv2,5lmq,1.76
2cv2,5j4d,2.40
2cv2,2dxi,0.55
2cv2,4v5m,2.39
2cv2,5k0y,1.82
2cv2,2cv1,0.76
2cv2,5lzy
2cv2,2cv2,0.47
2cv2,4v7c,1.72
2cv2,2du5,1.82
2cv2,3j7a,1.82
4v9q,3epk,1.72
4v9q,3j0p,1.68
4v9q,4yvk,1.85
4v9q,2der,1.67
4v9q,3b0v,1.54
4v9q,4v5n,1.49
4v9q,2z9q
4v9q,2du4,1.53
4v9q,4yvj,1.84
4v9q,3b0v,2.01
4v9q,3j0p,1.87
4v9q,5lmq,1.54
4v9q,5j4d,1.22
4v9q,2dxi,1.74
4v9q,4v5m,1.68
4v9q,5k0y,1.60
4v9q,2cv1,2.05
4v9q,5lzy
4v9q,2cv2,1.74
4v9q,4v7c,1.86
4v9q,2du5,1.69
4v9q,3j7a,1.54
3epk,3j0p,1.58
3epk,4yvk,2.26
3epk,2der,1.54
3epk,3b0v,1.56
3epk,4v5n,1.58
3epk,2z9q
3epk,2du4,1.95
3epk,4yvj,2.13
3epk,3b0v,1.53
3epk,3j0p,1.71
3epk,5lmq,1.60
3epk,5j4d,1.39
3epk,2dxi,2.20
3epk,4v5m,1.58
3epk,5k0y,1.80
3epk,2cv1,1.61
3epk,5lzy
3epk,2cv2,1.68
3epk,4v7c,1.82
3epk,2du5,1.99
3epk,3j7a,2.20
3j0p,4yvk,2.18
3j0p,2der,1.59
3j0p,3b0v,1.77
3j0p,4v5n,0.98
3j0p,2z9q
3j0p,2du4,1.53
3j0p,4yvj,2.34
3j0p,3b0v,1.84
3j0p,3j0p,1.75
3j0p,5lmq,1.72
3j0p,5j4d,1.33
3j0p,2dxi,1.75
3j0p,4v5m,0.00
3j0p,5k0y,1.81
3j0p,2cv1,1.70
3j0p,5lzy
3j0p,2cv2,1.89
3j0p,4v7c,1.78
3j0p,2du5,1.50
3j0p,3j7a,1.49
4yvk,2der,1.91
4yvk,3b0v,2.32
4yvk,4v5n,1.67
4yvk,2z9q
4yvk,2du4,1.79
4yvk,4yvj,0.20
4yvk,3b0v,2.30
4yvk,3j0p,1.89
4yvk,5lmq,1.78
4yvk,5j4d,1.86
4yvk,2dxi,1.52
4yvk,4v5m,2.18
4yvk,5k0y,2.29
4yvk,2cv1,1.40
4yvk,5lzy
4yvk,2cv2,1.50
4yvk,4v7c,2.41
4yvk,2du5,2.28
4yvk,3j7a,1.86
2der,3b0v,1.63
2der,4v5n,1.49
2der,2z9q
2der,2du4,1.50
2der,4yvj,1.78
2der,3b0v,1.54
2der,3j0p,2.39
2der,5lmq,1.56
2der,5j4d,1.60
2der,2dxi,1.79
2der,4v5m,1.59
2der,5k0y,1.69
2der,2cv1,1.73
2der,5lzy
2der,2cv2,1.75
2der,4v7c,2.21
2der,2du5,1.96
2der,3j7a,1.62
3b0v,4v5n,1.91
3b0v,2z9q
3b0v,2du4,1.54
3b0v,4yvj,2.33
3b0v,3b0v,0.25
3b0v,3j0p,1.98
3b0v,5lmq,2.16
3b0v,5j4d,1.74
3b0v,2dxi,1.55
3b0v,4v5m,1.77
3b0v,5k0y,1.56
3b0v,2cv1,2.29
3b0v,5lzy
3b0v,2cv2,2.07
3b0v,4v7c,1.77
3b0v,2du5,1.94
3b0v,3j7a,1.73
4v5n,2z9q
4v5n,2du4,1.40
4v5n,4yvj,1.67
4v5n,3b0v,1.70
4v5n,3j0p,2.00
4v5n,5lmq,1.56
4v5n,5j4d,1.55
4v5n,2dxi,1.69
4v5n,4v5m,0.98
4v5n,5k0y,1.68
4v5n,2cv1,1.92
4v5n,5lzy
4v5n,2cv2,1.92
4v5n,4v7c,1.71
4v5n,2du5,1.43
4v5n,3j7a,1.39
2z9q,2du4
2z9q,4yvj
2z9q,3b0v
2z9q,3j0p
2z9q,5lmq
2z9q,5j4d
2z9q,2dxi
2z9q,4v5m
2z9q,5k0y
2z9q,2cv1
2z9q,5lzy
2z9q,2cv2
2z9q,4v7c
2z9q,2du5
2z9q,3j7a
2du4,4yvj,1.87
2du4,3b0v,1.54
2du4,3j0p,1.58
2du4,5lmq,1.78
2du4,5j4d,1.41
2du4,2dxi,2.25
2du4,4v5m,1.53
2du4,5k0y,1.73
2du4,2cv1,1.82
2du4,5lzy
2du4,2cv2,1.73
2du4,4v7c,1.41
2du4,2du5,0.80
2du4,3j7a,1.52
4yvj,3b0v,2.31
4yvj,3j0p,2.09
4yvj,5lmq,1.78
4yvj,5j4d,1.78
4yvj,2dxi,1.52
4yvj,4v5m,2.34
4yvj,5k0y,2.34
4yvj,2cv1,1.37
4yvj,5lzy
4yvj,2cv2,1.41
4yvj,4v7c,2.45
4yvj,2du5,2.28
4yvj,3j7a,1.79
3b0v,3j0p,2.03
3b0v,5lmq,2.17
3b0v,5j4d,1.70
3b0v,2dxi,1.52
3b0v,4v5m,1.84
3b0v,5k0y,1.59
3b0v,2cv1,2.26
3b0v,5lzy
3b0v,2cv2,1.53
3b0v,4v7c,1.78
3b0v,2du5,1.95
3b0v,3j7a,1.69
3j0p,5lmq,1.96
3j0p,5j4d,1.63
3j0p,2dxi,1.72
3j0p,4v5m,1.75
3j0p,5k0y,2.20
3j0p,2cv1,1.67
3j0p,5lzy
3j0p,2cv2,1.70
3j0p,4v7c,0.57
3j0p,2du5,1.68
3j0p,3j7a,1.81
5lmq,5j4d,1.39
5lmq,2dxi,1.76
5lmq,4v5m,1.72
5lmq,5k0y,1.82
5lmq,2cv1,1.87
5lmq,5lzy
5lmq,2cv2,1.63
5lmq,4v7c,1.74
5lmq,2du5,2.41
5lmq,3j7a,1.80
5j4d,2dxi,2.36
5j4d,4v5m,1.33
5j4d,5k0y,1.65
5j4d,2cv1,2.39
5j4d,5lzy
5j4d,2cv2,2.51
5j4d,4v7c,1.83
5j4d,2du5,1.79
5j4d,3j7a,1.44
2dxi,4v5m,1.75
2dxi,5k0y,1.77
2dxi,2cv1,0.56
2dxi,5lzy
2dxi,2cv2,0.57
2dxi,4v7c,1.67
2dxi,2du5,1.76
2dxi,3j7a,1.49
4v5m,5k0y,1.81
4v5m,2cv1,1.70
4v5m,5lzy
4v5m,2cv2,1.89
4v5m,4v7c,1.78
4v5m,2du5,1.50
4v5m,3j7a,1.49
5k0y,2cv1,1.79
5k0y,5lzy
5k0y,2cv2,1.72
5k0y,4v7c,2.11
5k0y,2du5,2.08
5k0y,3j7a,1.64
2cv1,5lzy
2cv1,2cv2,0.54
2cv1,4v7c,1.77
2cv1,2du5,1.56
2cv1,3j7a,1.35
5lzy,2cv2
5lzy,4v7c
5lzy,2du5
5lzy,3j7a
2cv2,4v7c,1.70
2cv2,2du5,1.88
2cv2,3j7a,2.05
4v7c,2du5,1.85
4v7c,3j7a,1.73
2du5,3j7a,1.54
