5j4d_I_BH,2z9q_A,
5j4d_I_BH,2cv0_D,2.15
5j4d_I_BH,4yye_C,2.34
5j4d_I_BH,2cv1_C,2.18
5j4d_I_BH,2cv2_C,2.12
5j4d_I_BH,3jcd_9,1.99
5j4d_I_BH,4v7c_W,2.03
5j4d_I_BH,3j0p_W,1.59
5j4d_I_BH,4v4w_A,
5j4d_I_BH,3j0q_W,1.59
5j4d_I_BH,3epj_E,1.70
5j4d_I_BH,3jce_9,1.63
5j4d_I_BH,4yvi_C,2.12
5j4d_I_BH,3jce_8,2.25
5j4d_I_BH,4w29_C_GC,2.15
5j4d_I_BH,3epk_E,1.61
5j4d_I_BH,3qsy_D,2.34
5j4d_I_BH,4ujc_A,
5j4d_I_BH,3j0o_W,1.51
5j4d_I_BH,2du4_C,2.05
5j4d_I_BH,2dxi_C,2.11
5j4d_I_BH,3epk_F,1.91
5j4d_I_BH,5lzy_1_SA,
5j4d_I_BH,5AJ0_B,2.04
5j4d_I_BH,3epl_E,1.91
5j4d_I_BH,5lmq_Z,1.73
5j4d_I_BH,3jcd_8,2.42
5j4d_I_BH,2cv0_C,2.06
5j4d_I_BH,4v5m_V,1.59
5j4d_I_BH,3j7a_7,1.78
5j4d_I_BH,3ep2_Y,
5j4d_I_BH,4yvj_C,2.37
5j4d_I_BH,1zo3_B,1.82
5j4d_I_BH,2du3_D,2.50
5j4d_I_BH,3epl_F,1.90
5j4d_I_BH,5d8b_B_BD,1.07
5j4d_I_BH,4v7c_V,1.95
5j4d_I_BH,2d6f_F,1.84
5j4d_I_BH,4v5n_V,1.75
5j4d_I_BH,2der_D,2.09
5j4d_I_BH,2d6f_E,2.12
5j4d_I_BH,2det_C,2.40
5j4d_I_BH,4yye_D,2.05
5j4d_I_BH,3j92_2,2.33
5j4d_I_BH,3jce_6,2.06
5j4d_I_BH,3j0p_Y,1.85
5j4d_I_BH,5d8b_F_DD,2.14
5j4d_I_BH,4v9q_B,0.78
5j4d_I_BH,2cv1_D,2.13
5j4d_I_BH,1zo3_A,1.82
5j4d_I_BH,5k0y_N,2.06
5j4d_I_BH,4ujd_B,2.44
5j4d_I_BH,5j4d_D,0.10
5j4d_I_BH,5j4d_N_MC,1.76
5j4d_I_BH,4yvk_C,2.34
5j4d_I_BH,2du5_D,2.32
5j4d_I_BH,3jcj_v,1.97
5j4d_I_BH,4v4v_A,1.86
5j4d_I_BH,3j0l_V,2.34
5j4d_I_BH,4w29_C_FC,2.31
5j4d_I_BH,2deu_D,2.45
5j4d_I_BH,5d8b_E_CD,2.14
5j4d_I_BH,3eq3_Y,
5j4d_I_BH,1wz2_C,2.07
5j4d_I_BH,2cv2_D,2.12
5j4d_I_BH,3b0v_B,1.86
5j4d_I_BH,2du6_D,2.02
5j4d_I_BH,5j4d_I_IA,
5j4d_I_BH,4v7d_B,
5j4d_I_BH,5d8b_X_XC,1.06
5j4d_I_BH,2dxi_D,2.17
5j4d_I_BH,3b0v_A,1.84
5j4d_I_BH,3jcn_v,2.00
5j4d_I_BH,5lzs_2,2.05
5j4d_I_BH,3eq4_Y,
5j4d_I_BH,2der_C,2.38
5j4d_I_BH,3eph_F,2.10
5j4d_I_BH,2deu_C,2.45
5j4d_I_BH,5lzy_1_TA,
5j4d_I_BH,3epj_F,2.12
2z9q_A,2cv0_D,
2z9q_A,4yye_C,
2z9q_A,2cv1_C,
2z9q_A,2cv2_C,
2z9q_A,3jcd_9,
2z9q_A,4v7c_W,
2z9q_A,3j0p_W,
2z9q_A,4v4w_A,
2z9q_A,3j0q_W,
2z9q_A,3epj_E,
2z9q_A,3jce_9,
2z9q_A,4yvi_C,
2z9q_A,3jce_8,
2z9q_A,4w29_C_GC,
2z9q_A,3epk_E,
2z9q_A,3qsy_D,
2z9q_A,4ujc_A,
2z9q_A,3j0o_W,
2z9q_A,2du4_C,
2z9q_A,2dxi_C,
2z9q_A,3epk_F,
2z9q_A,5lzy_1_SA,
2z9q_A,5AJ0_B,
2z9q_A,3epl_E,
2z9q_A,5lmq_Z,
2z9q_A,3jcd_8,
2z9q_A,2cv0_C,
2z9q_A,4v5m_V,
2z9q_A,3j7a_7,
2z9q_A,3ep2_Y,
2z9q_A,4yvj_C,
2z9q_A,1zo3_B,
2z9q_A,2du3_D,
2z9q_A,3epl_F,
2z9q_A,5d8b_B_BD,
2z9q_A,4v7c_V,
2z9q_A,2d6f_F,
2z9q_A,4v5n_V,
2z9q_A,2der_D,
2z9q_A,2d6f_E,
2z9q_A,2det_C,
2z9q_A,4yye_D,
2z9q_A,3j92_2,
2z9q_A,3jce_6,
2z9q_A,3j0p_Y,
2z9q_A,5d8b_F_DD,
2z9q_A,4v9q_B,
2z9q_A,2cv1_D,
2z9q_A,1zo3_A,
2z9q_A,5k0y_N,
2z9q_A,4ujd_B,
2z9q_A,5j4d_D,
2z9q_A,5j4d_N_MC,
2z9q_A,4yvk_C,
2z9q_A,2du5_D,
2z9q_A,3jcj_v,
2z9q_A,4v4v_A,
2z9q_A,3j0l_V,
2z9q_A,4w29_C_FC,
2z9q_A,2deu_D,
2z9q_A,5d8b_E_CD,
2z9q_A,3eq3_Y,
2z9q_A,1wz2_C,
2z9q_A,2cv2_D,
2z9q_A,3b0v_B,
2z9q_A,2du6_D,
2z9q_A,5j4d_I_IA,
2z9q_A,4v7d_B,
2z9q_A,5d8b_X_XC,
2z9q_A,2dxi_D,
2z9q_A,3b0v_A,
2z9q_A,3jcn_v,
2z9q_A,5lzs_2,
2z9q_A,3eq4_Y,
2z9q_A,2der_C,
2z9q_A,3eph_F,
2z9q_A,2deu_C,
2z9q_A,5lzy_1_TA,
2z9q_A,3epj_F,
2cv0_D,4yye_C,2.35
2cv0_D,2cv1_C,0.65
2cv0_D,2cv2_C,0.53
2cv0_D,3jcd_9,2.36
2cv0_D,4v7c_W,2.32
2cv0_D,3j0p_W,2.24
2cv0_D,4v4w_A,
2cv0_D,3j0q_W,2.24
2cv0_D,3epj_E,1.97
2cv0_D,3jce_9,2.00
2cv0_D,4yvi_C,1.80
2cv0_D,3jce_8,2.52
2cv0_D,4w29_C_GC,2.68
2cv0_D,3epk_E,2.06
2cv0_D,3qsy_D,2.43
2cv0_D,4ujc_A,
2cv0_D,3j0o_W,2.08
2cv0_D,2du4_C,2.31
2cv0_D,2dxi_C,0.66
2cv0_D,3epk_F,2.05
2cv0_D,5lzy_1_SA,
2cv0_D,5AJ0_B,2.29
2cv0_D,3epl_E,2.02
2cv0_D,5lmq_Z,2.11
2cv0_D,3jcd_8,2.44
2cv0_D,2cv0_C,0.63
2cv0_D,4v5m_V,2.24
2cv0_D,3j7a_7,2.17
2cv0_D,3ep2_Y,
2cv0_D,4yvj_C,1.60
2cv0_D,1zo3_B,2.07
2cv0_D,2du3_D,2.36
2cv0_D,3epl_F,2.11
2cv0_D,5d8b_B_BD,2.07
2cv0_D,4v7c_V,2.08
2cv0_D,2d6f_F,2.25
2cv0_D,4v5n_V,2.22
2cv0_D,2der_D,2.34
2cv0_D,2d6f_E,2.40
2cv0_D,2det_C,2.25
2cv0_D,4yye_D,2.22
2cv0_D,3j92_2,2.51
2cv0_D,3jce_6,2.23
2cv0_D,3j0p_Y,2.16
2cv0_D,5d8b_F_DD,2.42
2cv0_D,4v9q_B,2.18
2cv0_D,2cv1_D,0.44
2cv0_D,1zo3_A,2.07
2cv0_D,5k0y_N,2.19
2cv0_D,4ujd_B,2.36
2cv0_D,5j4d_D,2.15
2cv0_D,5j4d_N_MC,2.64
2cv0_D,4yvk_C,1.63
2cv0_D,2du5_D,2.25
2cv0_D,3jcj_v,1.94
2cv0_D,4v4v_A,2.13
2cv0_D,3j0l_V,2.40
2cv0_D,4w29_C_FC,2.64
2cv0_D,2deu_D,2.25
2cv0_D,5d8b_E_CD,2.40
2cv0_D,3eq3_Y,
2cv0_D,1wz2_C,2.45
2cv0_D,2cv2_D,0.41
2cv0_D,3b0v_B,2.16
2cv0_D,2du6_D,2.21
2cv0_D,5j4d_I_IA,
2cv0_D,4v7d_B,
2cv0_D,5d8b_X_XC,2.07
2cv0_D,2dxi_D,0.31
2cv0_D,3b0v_A,2.25
2cv0_D,3jcn_v,1.93
2cv0_D,5lzs_2,2.41
2cv0_D,3eq4_Y,
2cv0_D,2der_C,2.11
2cv0_D,3eph_F,2.16
2cv0_D,2deu_C,2.25
2cv0_D,5lzy_1_TA,
2cv0_D,3epj_F,2.03
4yye_C,2cv1_C,2.33
4yye_C,2cv2_C,2.24
4yye_C,3jcd_9,2.60
4yye_C,4v7c_W,2.30
4yye_C,3j0p_W,2.25
4yye_C,4v4w_A,
4yye_C,3j0q_W,2.25
4yye_C,3epj_E,1.94
4yye_C,3jce_9,2.26
4yye_C,4yvi_C,2.20
4yye_C,3jce_8,2.18
4yye_C,4w29_C_GC,2.27
4yye_C,3epk_E,1.94
4yye_C,3qsy_D,2.43
4yye_C,4ujc_A,
4yye_C,3j0o_W,2.31
4yye_C,2du4_C,2.03
4yye_C,2dxi_C,2.37
4yye_C,3epk_F,2.11
4yye_C,5lzy_1_SA,
4yye_C,5AJ0_B,1.99
4yye_C,3epl_E,1.99
4yye_C,5lmq_Z,2.12
4yye_C,3jcd_8,2.12
4yye_C,2cv0_C,2.41
4yye_C,4v5m_V,2.25
4yye_C,3j7a_7,2.17
4yye_C,3ep2_Y,
4yye_C,4yvj_C,1.94
4yye_C,1zo3_B,2.01
4yye_C,2du3_D,2.19
4yye_C,3epl_F,1.91
4yye_C,5d8b_B_BD,2.19
4yye_C,4v7c_V,2.59
4yye_C,2d6f_F,2.36
4yye_C,4v5n_V,2.04
4yye_C,2der_D,1.62
4yye_C,2d6f_E,2.23
4yye_C,2det_C,1.63
4yye_C,4yye_D,0.71
4yye_C,3j92_2,2.18
4yye_C,3jce_6,2.02
4yye_C,3j0p_Y,2.53
4yye_C,5d8b_F_DD,2.08
4yye_C,4v9q_B,2.20
4yye_C,2cv1_D,2.23
4yye_C,1zo3_A,2.01
4yye_C,5k0y_N,2.31
4yye_C,4ujd_B,2.12
4yye_C,5j4d_D,2.30
4yye_C,5j4d_N_MC,1.94
4yye_C,4yvk_C,1.96
4yye_C,2du5_D,2.24
4yye_C,3jcj_v,2.26
4yye_C,4v4v_A,1.98
4yye_C,3j0l_V,2.21
4yye_C,4w29_C_FC,2.39
4yye_C,2deu_D,1.76
4yye_C,5d8b_E_CD,2.05
4yye_C,3eq3_Y,
4yye_C,1wz2_C,2.36
4yye_C,2cv2_D,2.25
4yye_C,3b0v_B,2.20
4yye_C,2du6_D,2.20
4yye_C,5j4d_I_IA,
4yye_C,4v7d_B,
4yye_C,5d8b_X_XC,2.19
4yye_C,2dxi_D,2.37
4yye_C,3b0v_A,2.15
4yye_C,3jcn_v,2.19
4yye_C,5lzs_2,2.07
4yye_C,3eq4_Y,
4yye_C,2der_C,1.71
4yye_C,3eph_F,2.04
4yye_C,2deu_C,1.80
4yye_C,5lzy_1_TA,
4yye_C,3epj_F,1.91
2cv1_C,2cv2_C,0.54
2cv1_C,3jcd_9,2.41
2cv1_C,4v7c_W,2.17
2cv1_C,3j0p_W,2.31
2cv1_C,4v4w_A,
2cv1_C,3j0q_W,2.31
2cv1_C,3epj_E,1.91
2cv1_C,3jce_9,1.94
2cv1_C,4yvi_C,1.77
2cv1_C,3jce_8,2.62
2cv1_C,4w29_C_GC,2.59
2cv1_C,3epk_E,1.94
2cv1_C,3qsy_D,2.35
2cv1_C,4ujc_A,
2cv1_C,3j0o_W,1.96
2cv1_C,2du4_C,2.16
2cv1_C,2dxi_C,0.30
2cv1_C,3epk_F,2.07
2cv1_C,5lzy_1_SA,
2cv1_C,5AJ0_B,1.89
2cv1_C,3epl_E,1.98
2cv1_C,5lmq_Z,2.15
2cv1_C,3jcd_8,2.49
2cv1_C,2cv0_C,0.28
2cv1_C,4v5m_V,2.31
2cv1_C,3j7a_7,2.06
2cv1_C,3ep2_Y,
2cv1_C,4yvj_C,1.50
2cv1_C,1zo3_B,2.05
2cv1_C,2du3_D,2.32
2cv1_C,3epl_F,2.10
2cv1_C,5d8b_B_BD,2.08
2cv1_C,4v7c_V,2.22
2cv1_C,2d6f_F,2.03
2cv1_C,4v5n_V,2.03
2cv1_C,2der_D,2.24
2cv1_C,2d6f_E,2.06
2cv1_C,2det_C,2.03
2cv1_C,4yye_D,2.15
2cv1_C,3j92_2,2.42
2cv1_C,3jce_6,2.39
2cv1_C,3j0p_Y,2.22
2cv1_C,5d8b_F_DD,2.48
2cv1_C,4v9q_B,2.07
2cv1_C,2cv1_D,0.84
2cv1_C,1zo3_A,2.05
2cv1_C,5k0y_N,2.09
2cv1_C,4ujd_B,2.30
2cv1_C,5j4d_D,2.17
2cv1_C,5j4d_N_MC,2.51
2cv1_C,4yvk_C,1.52
2cv1_C,2du5_D,2.32
2cv1_C,3jcj_v,2.00
2cv1_C,4v4v_A,2.06
2cv1_C,3j0l_V,2.41
2cv1_C,4w29_C_FC,2.51
2cv1_C,2deu_D,2.09
2cv1_C,5d8b_E_CD,2.47
2cv1_C,3eq3_Y,
2cv1_C,1wz2_C,2.25
2cv1_C,2cv2_D,0.83
2cv1_C,3b0v_B,2.11
2cv1_C,2du6_D,2.36
2cv1_C,5j4d_I_IA,
2cv1_C,4v7d_B,
2cv1_C,5d8b_X_XC,2.08
2cv1_C,2dxi_D,0.59
2cv1_C,3b0v_A,2.15
2cv1_C,3jcn_v,1.89
2cv1_C,5lzs_2,2.35
2cv1_C,3eq4_Y,
2cv1_C,2der_C,2.10
2cv1_C,3eph_F,2.19
2cv1_C,2deu_C,2.09
2cv1_C,5lzy_1_TA,
2cv1_C,3epj_F,2.10
2cv2_C,3jcd_9,2.30
2cv2_C,4v7c_W,2.24
2cv2_C,3j0p_W,2.28
2cv2_C,4v4w_A,
2cv2_C,3j0q_W,2.28
2cv2_C,3epj_E,2.08
2cv2_C,3jce_9,1.90
2cv2_C,4yvi_C,1.72
2cv2_C,3jce_8,2.51
2cv2_C,4w29_C_GC,2.54
2cv2_C,3epk_E,2.00
2cv2_C,3qsy_D,2.47
2cv2_C,4ujc_A,
2cv2_C,3j0o_W,2.05
2cv2_C,2du4_C,2.08
2cv2_C,2dxi_C,0.58
2cv2_C,3epk_F,2.00
2cv2_C,5lzy_1_SA,
2cv2_C,5AJ0_B,2.36
2cv2_C,3epl_E,1.91
2cv2_C,5lmq_Z,2.07
2cv2_C,3jcd_8,2.47
2cv2_C,2cv0_C,0.57
2cv2_C,4v5m_V,2.28
2cv2_C,3j7a_7,2.08
2cv2_C,3ep2_Y,
2cv2_C,4yvj_C,1.56
2cv2_C,1zo3_B,2.03
2cv2_C,2du3_D,2.20
2cv2_C,3epl_F,2.05
2cv2_C,5d8b_B_BD,2.01
2cv2_C,4v7c_V,2.17
2cv2_C,2d6f_F,2.11
2cv2_C,4v5n_V,2.15
2cv2_C,2der_D,2.17
2cv2_C,2d6f_E,2.27
2cv2_C,2det_C,2.10
2cv2_C,4yye_D,2.10
2cv2_C,3j92_2,2.35
2cv2_C,3jce_6,2.35
2cv2_C,3j0p_Y,2.18
2cv2_C,5d8b_F_DD,2.42
2cv2_C,4v9q_B,2.11
2cv2_C,2cv1_D,0.58
2cv2_C,1zo3_A,2.03
2cv2_C,5k0y_N,2.12
2cv2_C,4ujd_B,2.33
2cv2_C,5j4d_D,2.12
2cv2_C,5j4d_N_MC,2.47
2cv2_C,4yvk_C,1.58
2cv2_C,2du5_D,2.29
2cv2_C,3jcj_v,1.93
2cv2_C,4v4v_A,2.03
2cv2_C,3j0l_V,2.37
2cv2_C,4w29_C_FC,2.59
2cv2_C,2deu_D,2.17
2cv2_C,5d8b_E_CD,2.43
2cv2_C,3eq3_Y,
2cv2_C,1wz2_C,2.38
2cv2_C,2cv2_D,0.47
2cv2_C,3b0v_B,2.07
2cv2_C,2du6_D,2.11
2cv2_C,5j4d_I_IA,
2cv2_C,4v7d_B,
2cv2_C,5d8b_X_XC,2.01
2cv2_C,2dxi_D,0.57
2cv2_C,3b0v_A,2.11
2cv2_C,3jcn_v,1.90
2cv2_C,5lzs_2,2.36
2cv2_C,3eq4_Y,
2cv2_C,2der_C,2.01
2cv2_C,3eph_F,2.09
2cv2_C,2deu_C,2.17
2cv2_C,5lzy_1_TA,
2cv2_C,3epj_F,2.11
3jcd_9,4v7c_W,1.73
3jcd_9,3j0p_W,1.78
3jcd_9,4v4w_A,
3jcd_9,3j0q_W,1.78
3jcd_9,3epj_E,2.30
3jcd_9,3jce_9,2.11
3jcd_9,4yvi_C,2.37
3jcd_9,3jce_8,2.44
3jcd_9,4w29_C_GC,2.40
3jcd_9,3epk_E,2.28
3jcd_9,3qsy_D,2.62
3jcd_9,4ujc_A,
3jcd_9,3j0o_W,2.20
3jcd_9,2du4_C,2.16
3jcd_9,2dxi_C,2.38
3jcd_9,3epk_F,2.11
3jcd_9,5lzy_1_SA,
3jcd_9,5AJ0_B,2.26
3jcd_9,3epl_E,2.25
3jcd_9,5lmq_Z,2.37
3jcd_9,3jcd_8,2.39
3jcd_9,2cv0_C,2.40
3jcd_9,4v5m_V,1.78
3jcd_9,3j7a_7,2.11
3jcd_9,3ep2_Y,
3jcd_9,4yvj_C,2.48
3jcd_9,1zo3_B,2.22
3jcd_9,2du3_D,2.35
3jcd_9,3epl_F,2.21
3jcd_9,5d8b_B_BD,2.01
3jcd_9,4v7c_V,1.93
3jcd_9,2d6f_F,2.37
3jcd_9,4v5n_V,2.12
3jcd_9,2der_D,2.38
3jcd_9,2d6f_E,2.35
3jcd_9,2det_C,2.13
3jcd_9,4yye_D,2.44
3jcd_9,3j92_2,2.50
3jcd_9,3jce_6,2.29
3jcd_9,3j0p_Y,1.83
3jcd_9,5d8b_F_DD,2.13
3jcd_9,4v9q_B,1.88
3jcd_9,2cv1_D,2.20
3jcd_9,1zo3_A,2.22
3jcd_9,5k0y_N,2.39
3jcd_9,4ujd_B,2.50
3jcd_9,5j4d_D,2.04
3jcd_9,5j4d_N_MC,2.38
3jcd_9,4yvk_C,2.44
3jcd_9,2du5_D,2.33
3jcd_9,3jcj_v,2.32
3jcd_9,4v4v_A,2.17
3jcd_9,3j0l_V,2.36
3jcd_9,4w29_C_FC,2.29
3jcd_9,2deu_D,2.19
3jcd_9,5d8b_E_CD,2.14
3jcd_9,3eq3_Y,
3jcd_9,1wz2_C,2.26
3jcd_9,2cv2_D,2.19
3jcd_9,3b0v_B,2.41
3jcd_9,2du6_D,2.37
3jcd_9,5j4d_I_IA,
3jcd_9,4v7d_B,
3jcd_9,5d8b_X_XC,2.00
3jcd_9,2dxi_D,2.32
3jcd_9,3b0v_A,2.34
3jcd_9,3jcn_v,2.25
3jcd_9,5lzs_2,2.30
3jcd_9,3eq4_Y,
3jcd_9,2der_C,2.28
3jcd_9,3eph_F,2.17
3jcd_9,2deu_C,2.19
3jcd_9,5lzy_1_TA,
3jcd_9,3epj_F,2.22
4v7c_W,3j0p_W,1.75
4v7c_W,4v4w_A,
4v7c_W,3j0q_W,1.75
4v7c_W,3epj_E,2.41
4v7c_W,3jce_9,2.21
4v7c_W,4yvi_C,2.45
4v7c_W,3jce_8,1.88
4v7c_W,4w29_C_GC,2.21
4v7c_W,3epk_E,2.41
4v7c_W,3qsy_D,2.28
4v7c_W,4ujc_A,
4v7c_W,3j0o_W,2.14
4v7c_W,2du4_C,2.36
4v7c_W,2dxi_C,2.23
4v7c_W,3epk_F,2.10
4v7c_W,5lzy_1_SA,
4v7c_W,5AJ0_B,1.99
4v7c_W,3epl_E,2.26
4v7c_W,5lmq_Z,1.90
4v7c_W,3jcd_8,1.89
4v7c_W,2cv0_C,2.21
4v7c_W,4v5m_V,1.75
4v7c_W,3j7a_7,2.09
4v7c_W,3ep2_Y,
4v7c_W,4yvj_C,2.43
4v7c_W,1zo3_B,2.22
4v7c_W,2du3_D,2.15
4v7c_W,3epl_F,2.21
4v7c_W,5d8b_B_BD,2.08
4v7c_W,4v7c_V,1.71
4v7c_W,2d6f_F,2.30
4v7c_W,4v5n_V,2.31
4v7c_W,2der_D,2.46
4v7c_W,2d6f_E,2.05
4v7c_W,2det_C,2.67
4v7c_W,4yye_D,2.25
4v7c_W,3j92_2,2.09
4v7c_W,3jce_6,2.27
4v7c_W,3j0p_Y,1.85
4v7c_W,5d8b_F_DD,1.70
4v7c_W,4v9q_B,2.06
4v7c_W,2cv1_D,2.26
4v7c_W,1zo3_A,2.22
4v7c_W,5k0y_N,2.40
4v7c_W,4ujd_B,1.84
4v7c_W,5j4d_D,2.02
4v7c_W,5j4d_N_MC,1.55
4v7c_W,4yvk_C,2.48
4v7c_W,2du5_D,2.12
4v7c_W,3jcj_v,2.30
4v7c_W,4v4v_A,2.18
4v7c_W,3j0l_V,1.82
4v7c_W,4w29_C_FC,2.52
4v7c_W,2deu_D,2.57
4v7c_W,5d8b_E_CD,1.69
4v7c_W,3eq3_Y,
4v7c_W,1wz2_C,1.96
4v7c_W,2cv2_D,2.31
4v7c_W,3b0v_B,2.39
4v7c_W,2du6_D,2.26
4v7c_W,5j4d_I_IA,
4v7c_W,4v7d_B,
4v7c_W,5d8b_X_XC,2.07
4v7c_W,2dxi_D,2.29
4v7c_W,3b0v_A,2.36
4v7c_W,3jcn_v,2.30
4v7c_W,5lzs_2,2.01
4v7c_W,3eq4_Y,
4v7c_W,2der_C,2.35
4v7c_W,3eph_F,2.22
4v7c_W,2deu_C,2.57
4v7c_W,5lzy_1_TA,
4v7c_W,3epj_F,2.22
3j0p_W,4v4w_A,
3j0p_W,3j0q_W,0.00
3j0p_W,3epj_E,1.99
3j0p_W,3jce_9,2.02
3j0p_W,4yvi_C,2.37
3j0p_W,3jce_8,1.78
3j0p_W,4w29_C_GC,2.07
3j0p_W,3epk_E,2.11
3j0p_W,3qsy_D,2.53
3j0p_W,4ujc_A,
3j0p_W,3j0o_W,1.90
3j0p_W,2du4_C,2.04
3j0p_W,2dxi_C,2.41
3j0p_W,3epk_F,1.79
3j0p_W,5lzy_1_SA,
3j0p_W,5AJ0_B,1.77
3j0p_W,3epl_E,1.88
3j0p_W,5lmq_Z,1.91
3j0p_W,3jcd_8,1.90
3j0p_W,2cv0_C,2.33
3j0p_W,4v5m_V,0.00
3j0p_W,3j7a_7,1.74
3j0p_W,3ep2_Y,
3j0p_W,4yvj_C,2.26
3j0p_W,1zo3_B,1.88
3j0p_W,2du3_D,2.00
3j0p_W,3epl_F,1.85
3j0p_W,5d8b_B_BD,1.66
3j0p_W,4v7c_V,1.80
3j0p_W,2d6f_F,2.02
3j0p_W,4v5n_V,1.23
3j0p_W,2der_D,2.00
3j0p_W,2d6f_E,1.97
3j0p_W,2det_C,2.29
3j0p_W,4yye_D,2.16
3j0p_W,3j92_2,1.58
3j0p_W,3jce_6,2.18
3j0p_W,3j0p_Y,1.94
3j0p_W,5d8b_F_DD,1.72
3j0p_W,4v9q_B,1.66
3j0p_W,2cv1_D,2.23
3j0p_W,1zo3_A,1.88
3j0p_W,5k0y_N,2.25
3j0p_W,4ujd_B,1.82
3j0p_W,5j4d_D,1.58
3j0p_W,5j4d_N_MC,1.71
3j0p_W,4yvk_C,2.26
3j0p_W,2du5_D,2.10
3j0p_W,3jcj_v,2.04
3j0p_W,4v4v_A,1.83
3j0p_W,3j0l_V,1.80
3j0p_W,4w29_C_FC,2.37
3j0p_W,2deu_D,2.22
3j0p_W,5d8b_E_CD,1.71
3j0p_W,3eq3_Y,
3j0p_W,1wz2_C,1.74
3j0p_W,2cv2_D,2.24
3j0p_W,3b0v_B,2.42
3j0p_W,2du6_D,2.18
3j0p_W,5j4d_I_IA,
3j0p_W,4v7d_B,
3j0p_W,5d8b_X_XC,1.66
3j0p_W,2dxi_D,2.32
3j0p_W,3b0v_A,2.41
3j0p_W,3jcn_v,2.04
3j0p_W,5lzs_2,1.80
3j0p_W,3eq4_Y,
3j0p_W,2der_C,1.86
3j0p_W,3eph_F,1.87
3j0p_W,2deu_C,2.21
3j0p_W,5lzy_1_TA,
3j0p_W,3epj_F,1.90
4v4w_A,3j0q_W,
4v4w_A,3epj_E,
4v4w_A,3jce_9,
4v4w_A,4yvi_C,
4v4w_A,3jce_8,
4v4w_A,4w29_C_GC,
4v4w_A,3epk_E,
4v4w_A,3qsy_D,
4v4w_A,4ujc_A,,
4v4w_A,4ujc_A,,
4v4w_A,3j0o_W,
4v4w_A,2du4_C,
4v4w_A,2dxi_C,
4v4w_A,3epk_F,
4v4w_A,5lzy_1_SA,
4v4w_A,5AJ0_B,
4v4w_A,3epl_E,
4v4w_A,5lmq_Z,
4v4w_A,3jcd_8,
4v4w_A,2cv0_C,
4v4w_A,4v5m_V,
4v4w_A,3j7a_7,
4v4w_A,3ep2_Y,
4v4w_A,4yvj_C,
4v4w_A,1zo3_B,
4v4w_A,2du3_D,
4v4w_A,3epl_F,
4v4w_A,5d8b_B_BD,
4v4w_A,4v7c_V,
4v4w_A,2d6f_F,
4v4w_A,4v5n_V,
4v4w_A,2der_D,
4v4w_A,2d6f_E,
4v4w_A,2det_C,
4v4w_A,4yye_D,
4v4w_A,3j92_2,
4v4w_A,3jce_6,
4v4w_A,3j0p_Y,
4v4w_A,5d8b_F_DD,
4v4w_A,4v9q_B,
4v4w_A,2cv1_D,
4v4w_A,1zo3_A,
4v4w_A,5k0y_N,
4v4w_A,4ujd_B,
4v4w_A,5j4d_D,
4v4w_A,5j4d_N_MC,
4v4w_A,4yvk_C,
4v4w_A,2du5_D,
4v4w_A,3jcj_v,
4v4w_A,4v4v_A,
4v4w_A,3j0l_V,
4v4w_A,4w29_C_FC,
4v4w_A,2deu_D,
4v4w_A,5d8b_E_CD,
4v4w_A,3eq3_Y,
4v4w_A,1wz2_C,
4v4w_A,2cv2_D,
4v4w_A,3b0v_B,
4v4w_A,2du6_D,
4v4w_A,5j4d_I_IA,
4v4w_A,4v7d_B,
4v4w_A,5d8b_X_XC,
4v4w_A,2dxi_D,
4v4w_A,3b0v_A,
4v4w_A,3jcn_v,
4v4w_A,5lzs_2,
4v4w_A,3eq4_Y,
4v4w_A,2der_C,
4v4w_A,3eph_F,
4v4w_A,2deu_C,
4v4w_A,5lzy_1_TA,
4v4w_A,3epj_F,
3j0q_W,3epj_E,1.99
3j0q_W,3jce_9,2.02
3j0q_W,4yvi_C,2.37
3j0q_W,3jce_8,1.78
3j0q_W,4w29_C_GC,2.07
3j0q_W,3epk_E,2.11
3j0q_W,3qsy_D,2.53
3j0q_W,4ujc_A,
3j0q_W,3j0o_W,1.90
3j0q_W,2du4_C,2.04
3j0q_W,2dxi_C,2.41
3j0q_W,3epk_F,1.79
3j0q_W,5lzy_1_SA,
3j0q_W,5AJ0_B,1.77
3j0q_W,3epl_E,1.88
3j0q_W,5lmq_Z,1.91
3j0q_W,3jcd_8,1.61
3j0q_W,2cv0_C,2.33
3j0q_W,4v5m_V,0.00
3j0q_W,3j7a_7,1.74
3j0q_W,3ep2_Y,
3j0q_W,4yvj_C,2.26
3j0q_W,1zo3_B,1.88
3j0q_W,2du3_D,2.00
3j0q_W,3epl_F,1.85
3j0q_W,5d8b_B_BD,1.66
3j0q_W,4v7c_V,1.80
3j0q_W,2d6f_F,2.02
3j0q_W,4v5n_V,1.23
3j0q_W,2der_D,2.00
3j0q_W,2d6f_E,1.97
3j0q_W,2det_C,2.29
3j0q_W,4yye_D,2.16
3j0q_W,3j92_2,1.58
3j0q_W,3jce_6,2.18
3j0q_W,3j0p_Y,1.94
3j0q_W,5d8b_F_DD,1.72
3j0q_W,4v9q_B,1.66
3j0q_W,2cv1_D,2.23
3j0q_W,1zo3_A,1.88
3j0q_W,5k0y_N,2.25
3j0q_W,4ujd_B,1.82
3j0q_W,5j4d_D,1.58
3j0q_W,5j4d_N_MC,1.71
3j0q_W,4yvk_C,2.26
3j0q_W,2du5_D,2.10
3j0q_W,3jcj_v,2.04
3j0q_W,4v4v_A,1.83
3j0q_W,3j0l_V,1.80
3j0q_W,4w29_C_FC,2.37
3j0q_W,2deu_D,2.22
3j0q_W,5d8b_E_CD,1.71
3j0q_W,3eq3_Y,
3j0q_W,1wz2_C,1.74
3j0q_W,2cv2_D,2.24
3j0q_W,3b0v_B,2.42
3j0q_W,2du6_D,2.18
3j0q_W,5j4d_I_IA,
3j0q_W,4v7d_B,
3j0q_W,5d8b_X_XC,1.66
3j0q_W,2dxi_D,2.32
3j0q_W,3b0v_A,2.41
3j0q_W,3jcn_v,2.04
3j0q_W,5lzs_2,1.80
3j0q_W,3eq4_Y,
3j0q_W,2der_C,1.86
3j0q_W,3eph_F,1.87
3j0q_W,2deu_C,2.21
3j0q_W,5lzy_1_TA,
3j0q_W,3epj_F,1.90
3epj_E,3jce_9,1.67
3epj_E,4yvi_C,2.43
3epj_E,3jce_8,1.81
3epj_E,4w29_C_GC,2.10
3epj_E,3epk_E,0.37
3epj_E,3qsy_D,2.22
3epj_E,4ujc_A,
3epj_E,3j0o_W,1.35
3epj_E,2du4_C,2.27
3epj_E,2dxi_C,1.96
3epj_E,3epk_F,1.88
3epj_E,5lzy_1_SA,
3epj_E,5AJ0_B,1.65
3epj_E,3epl_E,0.73
3epj_E,5lmq_Z,1.89
3epj_E,3jcd_8,1.73
3epj_E,2cv0_C,1.98
3epj_E,4v5m_V,1.99
3epj_E,3j7a_7,2.12
3epj_E,3ep2_Y,
3epj_E,4yvj_C,2.10
3epj_E,1zo3_B,1.73
3epj_E,2du3_D,2.10
3epj_E,3epl_F,1.89
3epj_E,5d8b_B_BD,2.00
3epj_E,4v7c_V,1.75
3epj_E,2d6f_F,2.23
3epj_E,4v5n_V,2.05
3epj_E,2der_D,1.64
3epj_E,2d6f_E,2.11
3epj_E,2det_C,2.28
3epj_E,4yye_D,1.68
3epj_E,3j92_2,1.75
3epj_E,3jce_6,2.06
3epj_E,3j0p_Y,1.79
3epj_E,5d8b_F_DD,1.58
3epj_E,4v9q_B,1.78
3epj_E,2cv1_D,1.91
3epj_E,1zo3_A,1.73
3epj_E,5k0y_N,2.13
3epj_E,4ujd_B,1.92
3epj_E,5j4d_D,1.71
3epj_E,5j4d_N_MC,1.65
3epj_E,4yvk_C,2.11
3epj_E,2du5_D,2.13
3epj_E,3jcj_v,1.92
3epj_E,4v4v_A,1.73
3epj_E,3j0l_V,1.76
3epj_E,4w29_C_FC,2.22
3epj_E,2deu_D,2.26
3epj_E,5d8b_E_CD,1.57
3epj_E,3eq3_Y,
3epj_E,1wz2_C,1.69
3epj_E,2cv2_D,1.88
3epj_E,3b0v_B,1.77
3epj_E,2du6_D,2.27
3epj_E,5j4d_I_IA,
3epj_E,4v7d_B,
3epj_E,5d8b_X_XC,1.99
3epj_E,2dxi_D,1.98
3epj_E,3b0v_A,1.78
3epj_E,3jcn_v,1.93
3epj_E,5lzs_2,1.66
3epj_E,3eq4_Y,
3epj_E,2der_C,1.76
3epj_E,3eph_F,1.89
3epj_E,2deu_C,2.26
3epj_E,5lzy_1_TA,
3epj_E,3epj_F,1.89
3jce_9,4yvi_C,2.32
3jce_9,3jce_8,2.01
3jce_9,4w29_C_GC,2.22
3jce_9,3epk_E,1.67
3jce_9,3qsy_D,2.49
3jce_9,4ujc_A,
3jce_9,3j0o_W,1.35
3jce_9,2du4_C,2.06
3jce_9,2dxi_C,1.97
3jce_9,3epk_F,1.81
3jce_9,5lzy_1_SA,
3jce_9,5AJ0_B,1.64
3jce_9,3epl_E,1.70
3jce_9,5lmq_Z,2.11
3jce_9,3jcd_8,2.05
3jce_9,2cv0_C,1.99
3jce_9,4v5m_V,2.02
3jce_9,3j7a_7,1.91
3jce_9,3ep2_Y,
3jce_9,4yvj_C,2.23
3jce_9,1zo3_B,1.69
3jce_9,2du3_D,2.03
3jce_9,3epl_F,1.85
3jce_9,5d8b_B_BD,1.72
3jce_9,4v7c_V,1.91
3jce_9,2d6f_F,2.22
3jce_9,4v5n_V,1.89
3jce_9,2der_D,1.84
3jce_9,2d6f_E,2.10
3jce_9,2det_C,2.33
3jce_9,4yye_D,2.07
3jce_9,3j92_2,1.92
3jce_9,3jce_6,2.06
3jce_9,3j0p_Y,1.90
3jce_9,5d8b_F_DD,1.82
3jce_9,4v9q_B,1.62
3jce_9,2cv1_D,1.98
3jce_9,1zo3_A,1.69
3jce_9,5k0y_N,1.96
3jce_9,4ujd_B,2.01
3jce_9,5j4d_D,1.61
3jce_9,5j4d_N_MC,1.85
3jce_9,4yvk_C,2.23
3jce_9,2du5_D,2.21
3jce_9,3jcj_v,1.98
3jce_9,4v4v_A,1.78
3jce_9,3j0l_V,1.87
3jce_9,4w29_C_FC,2.39
3jce_9,2deu_D,2.34
3jce_9,5d8b_E_CD,1.82
3jce_9,3eq3_Y,
3jce_9,1wz2_C,1.91
3jce_9,2cv2_D,2.01
3jce_9,3b0v_B,1.75
3jce_9,2du6_D,2.26
3jce_9,5j4d_I_IA,
3jce_9,4v7d_B,
3jce_9,5d8b_X_XC,1.72
3jce_9,2dxi_D,2.02
3jce_9,3b0v_A,1.80
3jce_9,3jcn_v,2.01
3jce_9,5lzs_2,1.78
3jce_9,3eq4_Y,
3jce_9,2der_C,1.90
3jce_9,3eph_F,1.78
3jce_9,2deu_C,2.33
3jce_9,5lzy_1_TA,
3jce_9,3epj_F,1.80
4yvi_C,3jce_8,2.31
4yvi_C,4w29_C_GC,2.50
4yvi_C,3epk_E,2.32
4yvi_C,3qsy_D,2.58
4yvi_C,4ujc_A,
4yvi_C,3j0o_W,2.30
4yvi_C,2du4_C,2.14
4yvi_C,2dxi_C,1.79
4yvi_C,3epk_F,2.25
4yvi_C,5lzy_1_SA,
4yvi_C,5AJ0_B,2.11
4yvi_C,3epl_E,2.29
4yvi_C,5lmq_Z,2.38
4yvi_C,3jcd_8,2.22
4yvi_C,2cv0_C,1.76
4yvi_C,4v5m_V,2.37
4yvi_C,3j7a_7,2.34
4yvi_C,3ep2_Y,
4yvi_C,4yvj_C,1.09
4yvi_C,1zo3_B,2.16
4yvi_C,2du3_D,2.21
4yvi_C,3epl_F,2.22
4yvi_C,5d8b_B_BD,2.30
4yvi_C,4v7c_V,2.27
4yvi_C,2d6f_F,2.08
4yvi_C,4v5n_V,2.46
4yvi_C,2der_D,2.08
4yvi_C,2d6f_E,1.98
4yvi_C,2det_C,1.61
4yvi_C,4yye_D,2.11
4yvi_C,3j92_2,2.27
4yvi_C,3jce_6,2.21
4yvi_C,3j0p_Y,2.33
4yvi_C,5d8b_F_DD,2.23
4yvi_C,4v9q_B,2.39
4yvi_C,2cv1_D,1.88
4yvi_C,1zo3_A,2.16
4yvi_C,5k0y_N,2.30
4yvi_C,4ujd_B,2.13
4yvi_C,5j4d_D,2.11
4yvi_C,5j4d_N_MC,2.25
4yvi_C,4yvk_C,1.07
4yvi_C,2du5_D,2.22
4yvi_C,3jcj_v,2.11
4yvi_C,4v4v_A,2.11
4yvi_C,3j0l_V,2.23
4yvi_C,4w29_C_FC,2.22
4yvi_C,2deu_D,1.67
4yvi_C,5d8b_E_CD,2.23
4yvi_C,3eq3_Y,
4yvi_C,1wz2_C,1.90
4yvi_C,2cv2_D,1.85
4yvi_C,3b0v_B,2.32
4yvi_C,2du6_D,2.24
4yvi_C,5j4d_I_IA,
4yvi_C,4v7d_B,
4yvi_C,5d8b_X_XC,2.33
4yvi_C,2dxi_D,1.79
4yvi_C,3b0v_A,2.24
4yvi_C,3jcn_v,2.15
4yvi_C,5lzs_2,2.20
4yvi_C,3eq4_Y,
4yvi_C,2der_C,2.07
4yvi_C,3eph_F,2.28
4yvi_C,2deu_C,1.67
4yvi_C,5lzy_1_TA,
4yvi_C,3epj_F,2.17
3jce_8,4w29_C_GC,2.08
3jce_8,3epk_E,1.81
3jce_8,3qsy_D,2.32
3jce_8,4ujc_A,
3jce_8,3j0o_W,2.03
3jce_8,2du4_C,1.82
3jce_8,2dxi_C,2.46
3jce_8,3epk_F,1.70
3jce_8,5lzy_1_SA,
3jce_8,5AJ0_B,1.38
3jce_8,3epl_E,1.77
3jce_8,5lmq_Z,2.04
3jce_8,3jcd_8,0.93
3jce_8,2cv0_C,2.39
3jce_8,4v5m_V,1.78
3jce_8,3j7a_7,2.04
3jce_8,3ep2_Y,
3jce_8,4yvj_C,2.24
3jce_8,1zo3_B,1.96
3jce_8,2du3_D,1.79
3jce_8,3epl_F,1.74
3jce_8,5d8b_B_BD,1.91
3jce_8,4v7c_V,2.18
3jce_8,2d6f_F,2.33
3jce_8,4v5n_V,1.86
3jce_8,2der_D,1.82
3jce_8,2d6f_E,2.11
3jce_8,2det_C,2.22
3jce_8,4yye_D,2.17
3jce_8,3j92_2,0.99
3jce_8,3jce_6,1.79
3jce_8,3j0p_Y,2.28
3jce_8,5d8b_F_DD,0.65
3jce_8,4v9q_B,1.81
3jce_8,2cv1_D,2.50
3jce_8,1zo3_A,1.96
3jce_8,5k0y_N,2.25
3jce_8,4ujd_B,1.49
3jce_8,5j4d_D,2.21
3jce_8,5j4d_N_MC,0.75
3jce_8,4yvk_C,2.30
3jce_8,2du5_D,1.82
3jce_8,3jcj_v,2.38
3jce_8,4v4v_A,1.95
3jce_8,3j0l_V,1.17
3jce_8,4w29_C_FC,2.16
3jce_8,2deu_D,2.16
3jce_8,5d8b_E_CD,0.64
3jce_8,3eq3_Y,
3jce_8,1wz2_C,1.87
3jce_8,2cv2_D,2.49
3jce_8,3b0v_B,2.07
3jce_8,2du6_D,1.85
3jce_8,5j4d_I_IA,
3jce_8,4v7d_B,
3jce_8,5d8b_X_XC,1.93
3jce_8,2dxi_D,2.61
3jce_8,3b0v_A,2.02
3jce_8,3jcn_v,2.47
3jce_8,5lzs_2,1.16
3jce_8,3eq4_Y,
3jce_8,2der_C,1.86
3jce_8,3eph_F,1.79
3jce_8,2deu_C,2.15
3jce_8,5lzy_1_TA,
3jce_8,3epj_F,1.71
4w29_C_GC,3epk_E,2.20
4w29_C_GC,3qsy_D,2.59
4w29_C_GC,4ujc_A,
4w29_C_GC,3j0o_W,2.04
4w29_C_GC,2du4_C,2.38
4w29_C_GC,2dxi_C,2.60
4w29_C_GC,3epk_F,2.11
4w29_C_GC,5lzy_1_SA,
4w29_C_GC,5AJ0_B,1.99
4w29_C_GC,3epl_E,1.92
4w29_C_GC,5lmq_Z,2.47
4w29_C_GC,3jcd_8,1.94
4w29_C_GC,2cv0_C,2.68
4w29_C_GC,4v5m_V,2.07
4w29_C_GC,3j7a_7,2.21
4w29_C_GC,3ep2_Y,
4w29_C_GC,4yvj_C,2.51
4w29_C_GC,1zo3_B,2.14
4w29_C_GC,2du3_D,2.43
4w29_C_GC,3epl_F,2.21
4w29_C_GC,5d8b_B_BD,2.29
4w29_C_GC,4v7c_V,2.30
4w29_C_GC,2d6f_F,2.46
4w29_C_GC,4v5n_V,2.15
4w29_C_GC,2der_D,2.00
4w29_C_GC,2d6f_E,2.14
4w29_C_GC,2det_C,2.49
4w29_C_GC,4yye_D,2.29
4w29_C_GC,3j92_2,2.11
4w29_C_GC,3jce_6,2.14
4w29_C_GC,3j0p_Y,2.25
4w29_C_GC,5d8b_F_DD,2.07
4w29_C_GC,4v9q_B,2.35
4w29_C_GC,2cv1_D,2.62
4w29_C_GC,1zo3_A,2.14
4w29_C_GC,5k0y_N,2.36
4w29_C_GC,4ujd_B,2.07
4w29_C_GC,5j4d_D,2.17
4w29_C_GC,5j4d_N_MC,2.02
4w29_C_GC,4yvk_C,2.52
4w29_C_GC,2du5_D,2.47
4w29_C_GC,3jcj_v,2.24
4w29_C_GC,4v4v_A,2.14
4w29_C_GC,3j0l_V,1.95
4w29_C_GC,4w29_C_FC,2.51
4w29_C_GC,2deu_D,2.50
4w29_C_GC,5d8b_E_CD,2.03
4w29_C_GC,3eq3_Y,
4w29_C_GC,1wz2_C,2.39
4w29_C_GC,2cv2_D,2.60
4w29_C_GC,3b0v_B,2.32
4w29_C_GC,2du6_D,2.47
4w29_C_GC,5j4d_I_IA,
4w29_C_GC,4v7d_B,
4w29_C_GC,5d8b_X_XC,2.30
4w29_C_GC,2dxi_D,2.65
4w29_C_GC,3b0v_A,2.36
4w29_C_GC,3jcn_v,2.27
4w29_C_GC,5lzs_2,1.96
4w29_C_GC,3eq4_Y,
4w29_C_GC,2der_C,2.02
4w29_C_GC,3eph_F,2.26
4w29_C_GC,2deu_C,2.50
4w29_C_GC,5lzy_1_TA,
4w29_C_GC,3epj_F,2.13
3epk_E,3qsy_D,2.19
3epk_E,4ujc_A,
3epk_E,3j0o_W,1.35
3epk_E,2du4_C,2.23
3epk_E,2dxi_C,1.99
3epk_E,3epk_F,1.88
3epk_E,5lzy_1_SA,
3epk_E,5AJ0_B,1.67
3epk_E,3epl_E,0.78
3epk_E,5lmq_Z,1.80
3epk_E,3jcd_8,1.73
3epk_E,2cv0_C,1.94
3epk_E,4v5m_V,2.11
3epk_E,3j7a_7,2.10
3epk_E,3ep2_Y,
3epk_E,4yvj_C,2.12
3epk_E,1zo3_B,1.71
3epk_E,2du3_D,2.13
3epk_E,3epl_F,1.90
3epk_E,5d8b_B_BD,1.88
3epk_E,4v7c_V,1.77
3epk_E,2d6f_F,2.18
3epk_E,4v5n_V,2.09
3epk_E,2der_D,1.55
3epk_E,2d6f_E,2.07
3epk_E,2det_C,2.22
3epk_E,4yye_D,1.68
3epk_E,3j92_2,1.77
3epk_E,3jce_6,2.06
3epk_E,3j0p_Y,1.82
3epk_E,5d8b_F_DD,1.57
3epk_E,4v9q_B,1.79
3epk_E,2cv1_D,1.97
3epk_E,1zo3_A,1.71
3epk_E,5k0y_N,2.11
3epk_E,4ujd_B,1.97
3epk_E,5j4d_D,1.62
3epk_E,5j4d_N_MC,1.50
3epk_E,4yvk_C,2.12
3epk_E,2du5_D,2.21
3epk_E,3jcj_v,1.77
3epk_E,4v4v_A,1.62
3epk_E,3j0l_V,1.73
3epk_E,4w29_C_FC,2.27
3epk_E,2deu_D,2.30
3epk_E,5d8b_E_CD,1.57
3epk_E,3eq3_Y,
3epk_E,1wz2_C,1.76
3epk_E,2cv2_D,1.95
3epk_E,3b0v_B,1.66
3epk_E,2du6_D,2.27
3epk_E,5j4d_I_IA,
3epk_E,4v7d_B,
3epk_E,5d8b_X_XC,1.99
3epk_E,2dxi_D,2.02
3epk_E,3b0v_A,1.65
3epk_E,3jcn_v,1.78
3epk_E,5lzs_2,1.69
3epk_E,3eq4_Y,
3epk_E,2der_C,1.73
3epk_E,3eph_F,1.94
3epk_E,2deu_C,2.30
3epk_E,5lzy_1_TA,
3epk_E,3epj_F,1.85
3qsy_D,4ujc_A,
3qsy_D,3j0o_W,2.34
3qsy_D,2du4_C,2.36
3qsy_D,2dxi_C,2.44
3qsy_D,3epk_F,2.58
3qsy_D,5lzy_1_SA,
3qsy_D,5AJ0_B,2.31
3qsy_D,3epl_E,2.25
3qsy_D,5lmq_Z,2.39
3qsy_D,3jcd_8,2.48
3qsy_D,2cv0_C,2.46
3qsy_D,4v5m_V,2.53
3qsy_D,3j7a_7,2.55
3qsy_D,3ep2_Y,
3qsy_D,4yvj_C,2.49
3qsy_D,1zo3_B,2.55
3qsy_D,2du3_D,2.37
3qsy_D,3epl_F,2.44
3qsy_D,5d8b_B_BD,2.36
3qsy_D,4v7c_V,2.55
3qsy_D,2d6f_F,2.46
3qsy_D,4v5n_V,2.49
3qsy_D,2der_D,2.28
3qsy_D,2d6f_E,2.46
3qsy_D,2det_C,2.42
3qsy_D,4yye_D,2.27
3qsy_D,3j92_2,2.57
3qsy_D,3jce_6,2.67
3qsy_D,3j0p_Y,2.40
3qsy_D,5d8b_F_DD,2.46
3qsy_D,4v9q_B,2.36
3qsy_D,2cv1_D,2.42
3qsy_D,1zo3_A,2.55
3qsy_D,5k0y_N,2.39
3qsy_D,4ujd_B,2.45
3qsy_D,5j4d_D,2.37
3qsy_D,5j4d_N_MC,2.37
3qsy_D,4yvk_C,2.54
3qsy_D,2du5_D,2.42
3qsy_D,3jcj_v,2.33
3qsy_D,4v4v_A,2.51
3qsy_D,3j0l_V,2.42
3qsy_D,4w29_C_FC,2.80
3qsy_D,2deu_D,2.47
3qsy_D,5d8b_E_CD,2.42
3qsy_D,3eq3_Y,
3qsy_D,1wz2_C,2.51
3qsy_D,2cv2_D,2.41
3qsy_D,3b0v_B,2.38
3qsy_D,2du6_D,2.38
3qsy_D,5j4d_I_IA,
3qsy_D,4v7d_B,
3qsy_D,5d8b_X_XC,2.36
3qsy_D,2dxi_D,2.40
3qsy_D,3b0v_A,2.39
3qsy_D,3jcn_v,2.32
3qsy_D,5lzs_2,2.48
3qsy_D,3eq4_Y,
3qsy_D,2der_C,2.35
3qsy_D,3eph_F,2.47
3qsy_D,2deu_C,2.47
3qsy_D,5lzy_1_TA,
3qsy_D,3epj_F,2.43
4ujc_A,3j0o_W,
4ujc_A,2du4_C,
4ujc_A,2dxi_C,
4ujc_A,3epk_F,
4ujc_A,5lzy_1_SA,
4ujc_A,5AJ0_B,
4ujc_A,3epl_E,
4ujc_A,5lmq_Z,
4ujc_A,3jcd_8,
4ujc_A,2cv0_C,
4ujc_A,4v5m_V,
4ujc_A,3j7a_7,
4ujc_A,3ep2_Y,
4ujc_A,4yvj_C,
4ujc_A,1zo3_B,
4ujc_A,2du3_D,
4ujc_A,3epl_F,
4ujc_A,5d8b_B_BD,
4ujc_A,4v7c_V,
4ujc_A,2d6f_F,
4ujc_A,4v5n_V,
4ujc_A,2der_D,
4ujc_A,2d6f_E,
4ujc_A,2det_C,
4ujc_A,4yye_D,
4ujc_A,3j92_2,
4ujc_A,3jce_6,
4ujc_A,3j0p_Y,
4ujc_A,5d8b_F_DD,
4ujc_A,4v9q_B,
4ujc_A,2cv1_D,
4ujc_A,1zo3_A,
4ujc_A,5k0y_N,
4ujc_A,4ujd_B,
4ujc_A,5j4d_D,
4ujc_A,5j4d_N_MC,
4ujc_A,4yvk_C,
4ujc_A,2du5_D,
4ujc_A,3jcj_v,
4ujc_A,4v4v_A,
4ujc_A,3j0l_V,
4ujc_A,4w29_C_FC,
4ujc_A,2deu_D,
4ujc_A,5d8b_E_CD,
4ujc_A,3eq3_Y,
4ujc_A,1wz2_C,
4ujc_A,2cv2_D,
4ujc_A,3b0v_B,
4ujc_A,2du6_D,
4ujc_A,5j4d_I_IA,
4ujc_A,4v7d_B,
4ujc_A,5d8b_X_XC,
4ujc_A,2dxi_D,
4ujc_A,3b0v_A,
4ujc_A,3jcn_v,
4ujc_A,5lzs_2,
4ujc_A,3eq4_Y,
4ujc_A,2der_C,
4ujc_A,3eph_F,
4ujc_A,2deu_C,
4ujc_A,5lzy_1_TA,
4ujc_A,3epj_F,
3j0o_W,2du4_C,2.14
3j0o_W,2dxi_C,2.00
3j0o_W,3epk_F,1.83
3j0o_W,5lzy_1_SA,
3j0o_W,5AJ0_B,1.77
3j0o_W,3epl_E,1.32
3j0o_W,5lmq_Z,2.14
3j0o_W,3jcd_8,2.05
3j0o_W,2cv0_C,2.02
3j0o_W,4v5m_V,1.90
3j0o_W,3j7a_7,1.92
3j0o_W,3ep2_Y,
3j0o_W,4yvj_C,2.23
3j0o_W,1zo3_B,1.77
3j0o_W,2du3_D,2.05
3j0o_W,3epl_F,1.73
3j0o_W,5d8b_B_BD,1.86
3j0o_W,4v7c_V,1.88
3j0o_W,2d6f_F,2.28
3j0o_W,4v5n_V,2.00
3j0o_W,2der_D,1.69
3j0o_W,2d6f_E,2.20
3j0o_W,2det_C,2.29
3j0o_W,4yye_D,2.14
3j0o_W,3j92_2,1.94
3j0o_W,3jce_6,2.11
3j0o_W,3j0p_Y,1.75
3j0o_W,5d8b_F_DD,1.78
3j0o_W,4v9q_B,1.55
3j0o_W,2cv1_D,2.03
3j0o_W,1zo3_A,1.77
3j0o_W,5k0y_N,1.95
3j0o_W,4ujd_B,2.11
3j0o_W,5j4d_D,1.52
3j0o_W,5j4d_N_MC,1.85
3j0o_W,4yvk_C,2.10
3j0o_W,2du5_D,2.23
3j0o_W,3jcj_v,1.78
3j0o_W,4v4v_A,1.75
3j0o_W,3j0l_V,1.91
3j0o_W,4w29_C_FC,2.37
3j0o_W,2deu_D,2.22
3j0o_W,5d8b_E_CD,1.78
3j0o_W,3eq3_Y,
3j0o_W,1wz2_C,1.72
3j0o_W,2cv2_D,2.11
3j0o_W,3b0v_B,1.65
3j0o_W,2du6_D,2.33
3j0o_W,5j4d_I_IA,
3j0o_W,4v7d_B,
3j0o_W,5d8b_X_XC,1.86
3j0o_W,2dxi_D,2.07
3j0o_W,3b0v_A,1.68
3j0o_W,3jcn_v,1.81
3j0o_W,5lzs_2,1.74
3j0o_W,3eq4_Y,
3j0o_W,2der_C,1.93
3j0o_W,3eph_F,1.85
3j0o_W,2deu_C,2.22
3j0o_W,5lzy_1_TA,
3j0o_W,3epj_F,1.66
2du4_C,2dxi_C,2.15
2du4_C,3epk_F,1.62
2du4_C,5lzy_1_SA,
2du4_C,5AJ0_B,1.66
2du4_C,3epl_E,2.04
2du4_C,5lmq_Z,2.18
2du4_C,3jcd_8,1.80
2du4_C,2cv0_C,2.18
2du4_C,4v5m_V,2.04
2du4_C,3j7a_7,1.93
2du4_C,3ep2_Y,
2du4_C,4yvj_C,2.21
2du4_C,1zo3_B,1.87
2du4_C,2du3_D,0.59
2du4_C,3epl_F,1.62
2du4_C,5d8b_B_BD,2.13
2du4_C,4v7c_V,2.03
2du4_C,2d6f_F,2.21
2du4_C,4v5n_V,1.71
2du4_C,2der_D,1.95
2du4_C,2d6f_E,2.07
2du4_C,2det_C,2.11
2du4_C,4yye_D,2.14
2du4_C,3j92_2,1.87
2du4_C,3jce_6,2.16
2du4_C,3j0p_Y,2.18
2du4_C,5d8b_F_DD,1.80
2du4_C,4v9q_B,2.09
2du4_C,2cv1_D,2.11
2du4_C,1zo3_A,1.87
2du4_C,5k0y_N,2.11
2du4_C,4ujd_B,1.89
2du4_C,5j4d_D,2.10
2du4_C,5j4d_N_MC,1.84
2du4_C,4yvk_C,2.23
2du4_C,2du5_D,0.80
2du4_C,3jcj_v,2.14
2du4_C,4v4v_A,1.78
2du4_C,3j0l_V,1.85
2du4_C,4w29_C_FC,2.39
2du4_C,2deu_D,2.10
2du4_C,5d8b_E_CD,1.91
2du4_C,3eq3_Y,
2du4_C,1wz2_C,1.86
2du4_C,2cv2_D,2.12
2du4_C,3b0v_B,2.02
2du4_C,2du6_D,0.84
2du4_C,5j4d_I_IA,
2du4_C,4v7d_B,
2du4_C,5d8b_X_XC,2.13
2du4_C,2dxi_D,2.16
2du4_C,3b0v_A,2.02
2du4_C,3jcn_v,2.66
2du4_C,5lzs_2,1.81
2du4_C,3eq4_Y,
2du4_C,2der_C,2.04
2du4_C,3eph_F,1.64
2du4_C,2deu_C,2.11
2du4_C,5lzy_1_TA,
2du4_C,3epj_F,1.61
2dxi_C,3epk_F,2.07
2dxi_C,5lzy_1_SA,
2dxi_C,5AJ0_B,2.13
2dxi_C,3epl_E,1.99
2dxi_C,5lmq_Z,2.18
2dxi_C,3jcd_8,2.38
2dxi_C,2cv0_C,0.20
2dxi_C,4v5m_V,2.41
2dxi_C,3j7a_7,2.15
2dxi_C,3ep2_Y,
2dxi_C,4yvj_C,1.52
2dxi_C,1zo3_B,2.11
2dxi_C,2du3_D,2.13
2dxi_C,3epl_F,2.13
2dxi_C,5d8b_B_BD,2.10
2dxi_C,4v7c_V,2.11
2dxi_C,2d6f_F,2.14
2dxi_C,4v5n_V,2.18
2dxi_C,2der_D,2.23
2dxi_C,2d6f_E,2.36
2dxi_C,2det_C,2.06
2dxi_C,4yye_D,2.27
2dxi_C,3j92_2,2.55
2dxi_C,3jce_6,2.24
2dxi_C,3j0p_Y,2.21
2dxi_C,5d8b_F_DD,2.52
2dxi_C,4v9q_B,2.10
2dxi_C,2cv1_D,0.93
2dxi_C,1zo3_A,2.11
2dxi_C,5k0y_N,2.13
2dxi_C,4ujd_B,2.36
2dxi_C,5j4d_D,2.06
2dxi_C,5j4d_N_MC,2.60
2dxi_C,4yvk_C,1.54
2dxi_C,2du5_D,2.27
2dxi_C,3jcj_v,1.98
2dxi_C,4v4v_A,2.13
2dxi_C,3j0l_V,2.53
2dxi_C,4w29_C_FC,2.48
2dxi_C,2deu_D,2.12
2dxi_C,5d8b_E_CD,2.52
2dxi_C,3eq3_Y,
2dxi_C,1wz2_C,2.24
2dxi_C,2cv2_D,0.87
2dxi_C,3b0v_B,2.15
2dxi_C,2du6_D,2.36
2dxi_C,5j4d_I_IA,
2dxi_C,4v7d_B,
2dxi_C,5d8b_X_XC,2.09
2dxi_C,2dxi_D,0.53
2dxi_C,3b0v_A,2.16
2dxi_C,3jcn_v,1.97
2dxi_C,5lzs_2,2.39
2dxi_C,3eq4_Y,
2dxi_C,2der_C,2.12
2dxi_C,3eph_F,2.19
2dxi_C,2deu_C,2.13
2dxi_C,5lzy_1_TA,
2dxi_C,3epj_F,2.15
3epk_F,5lzy_1_SA,
3epk_F,5AJ0_B,1.44
3epk_F,3epl_E,1.80
3epk_F,5lmq_Z,2.03
3epk_F,3jcd_8,1.77
3epk_F,2cv0_C,2.08
3epk_F,4v5m_V,1.79
3epk_F,3j7a_7,1.80
3epk_F,3ep2_Y,
3epk_F,4yvj_C,2.28
3epk_F,1zo3_B,1.56
3epk_F,2du3_D,1.56
3epk_F,3epl_F,0.72
3epk_F,5d8b_B_BD,2.31
3epk_F,4v7c_V,1.83
3epk_F,2d6f_F,2.26
3epk_F,4v5n_V,1.70
3epk_F,2der_D,1.91
3epk_F,2d6f_E,2.03
3epk_F,2det_C,1.85
3epk_F,4yye_D,2.00
3epk_F,3j92_2,1.67
3epk_F,3jce_6,2.23
3epk_F,3j0p_Y,1.96
3epk_F,5d8b_F_DD,1.60
3epk_F,4v9q_B,2.02
3epk_F,2cv1_D,1.97
3epk_F,1zo3_A,1.56
3epk_F,5k0y_N,1.75
3epk_F,4ujd_B,1.66
3epk_F,5j4d_D,1.91
3epk_F,5j4d_N_MC,1.60
3epk_F,4yvk_C,2.29
3epk_F,2du5_D,1.76
3epk_F,3jcj_v,2.22
3epk_F,4v4v_A,1.56
3epk_F,3j0l_V,1.79
3epk_F,4w29_C_FC,2.47
3epk_F,2deu_D,1.84
3epk_F,5d8b_E_CD,1.59
3epk_F,3eq3_Y,
3epk_F,1wz2_C,1.86
3epk_F,2cv2_D,1.97
3epk_F,3b0v_B,1.91
3epk_F,2du6_D,1.87
3epk_F,5j4d_I_IA,
3epk_F,4v7d_B,
3epk_F,5d8b_X_XC,2.31
3epk_F,2dxi_D,2.17
3epk_F,3b0v_A,1.88
3epk_F,3jcn_v,2.16
3epk_F,5lzs_2,1.40
3epk_F,3eq4_Y,
3epk_F,2der_C,1.91
3epk_F,3eph_F,0.50
3epk_F,2deu_C,1.84
3epk_F,5lzy_1_TA,
3epk_F,3epj_F,0.65
5lzy_1_SA,5AJ0_B,
5lzy_1_SA,3epl_E,
5lzy_1_SA,5lmq_Z,
5lzy_1_SA,3jcd_8,
5lzy_1_SA,2cv0_C,
5lzy_1_SA,4v5m_V,
5lzy_1_SA,3j7a_7,
5lzy_1_SA,3ep2_Y,
5lzy_1_SA,4yvj_C,
5lzy_1_SA,1zo3_B,
5lzy_1_SA,2du3_D,
5lzy_1_SA,3epl_F,
5lzy_1_SA,5d8b_B_BD,
5lzy_1_SA,4v7c_V,
5lzy_1_SA,2d6f_F,
5lzy_1_SA,4v5n_V,
5lzy_1_SA,2der_D,
5lzy_1_SA,2d6f_E,
5lzy_1_SA,2det_C,
5lzy_1_SA,4yye_D,
5lzy_1_SA,3j92_2,
5lzy_1_SA,3jce_6,
5lzy_1_SA,3j0p_Y,
5lzy_1_SA,5d8b_F_DD,
5lzy_1_SA,4v9q_B,
5lzy_1_SA,2cv1_D,
5lzy_1_SA,1zo3_A,
5lzy_1_SA,5k0y_N,
5lzy_1_SA,4ujd_B,
5lzy_1_SA,5j4d_D,
5lzy_1_SA,5j4d_N_MC,
5lzy_1_SA,4yvk_C,
5lzy_1_SA,2du5_D,
5lzy_1_SA,3jcj_v,
5lzy_1_SA,4v4v_A,
5lzy_1_SA,3j0l_V,
5lzy_1_SA,4w29_C_FC,
5lzy_1_SA,2deu_D,
5lzy_1_SA,5d8b_E_CD,
5lzy_1_SA,3eq3_Y,
5lzy_1_SA,1wz2_C,
5lzy_1_SA,2cv2_D,
5lzy_1_SA,3b0v_B,
5lzy_1_SA,2du6_D,
5lzy_1_SA,5j4d_I_IA,
5lzy_1_SA,4v7d_B,
5lzy_1_SA,5d8b_X_XC,
5lzy_1_SA,2dxi_D,
5lzy_1_SA,3b0v_A,
5lzy_1_SA,3jcn_v,
5lzy_1_SA,5lzs_2,
5lzy_1_SA,3eq4_Y,
5lzy_1_SA,2der_C,
5lzy_1_SA,3eph_F,
5lzy_1_SA,2deu_C,
5lzy_1_SA,5lzy_1_TA,
5lzy_1_SA,3epj_F,
5AJ0_B,3epl_E,1.51
5AJ0_B,5lmq_Z,2.07
5AJ0_B,3jcd_8,1.38
5AJ0_B,2cv0_C,2.12
5AJ0_B,4v5m_V,1.77
5AJ0_B,3j7a_7,1.69
5AJ0_B,3ep2_Y,
5AJ0_B,4yvj_C,2.16
5AJ0_B,1zo3_B,1.79
5AJ0_B,2du3_D,1.68
5AJ0_B,3epl_F,1.51
5AJ0_B,5d8b_B_BD,1.92
5AJ0_B,4v7c_V,2.03
5AJ0_B,2d6f_F,2.18
5AJ0_B,4v5n_V,1.80
5AJ0_B,2der_D,1.60
5AJ0_B,2d6f_E,1.86
5AJ0_B,2det_C,1.98
5AJ0_B,4yye_D,1.98
5AJ0_B,3j92_2,1.41
5AJ0_B,3jce_6,1.90
5AJ0_B,3j0p_Y,2.08
5AJ0_B,5d8b_F_DD,1.31
5AJ0_B,4v9q_B,1.93
5AJ0_B,2cv1_D,2.25
5AJ0_B,1zo3_A,1.79
5AJ0_B,5k0y_N,2.18
5AJ0_B,4ujd_B,1.63
5AJ0_B,5j4d_D,2.01
5AJ0_B,5j4d_N_MC,1.25
5AJ0_B,4yvk_C,2.17
5AJ0_B,2du5_D,1.80
5AJ0_B,3jcj_v,2.33
5AJ0_B,4v4v_A,1.76
5AJ0_B,3j0l_V,1.28
5AJ0_B,4w29_C_FC,2.26
5AJ0_B,2deu_D,1.98
5AJ0_B,5d8b_E_CD,1.29
5AJ0_B,3eq3_Y,
5AJ0_B,1wz2_C,2.06
5AJ0_B,2cv2_D,2.35
5AJ0_B,3b0v_B,1.94
5AJ0_B,2du6_D,2.00
5AJ0_B,5j4d_I_IA,
5AJ0_B,4v7d_B,
5AJ0_B,5d8b_X_XC,1.86
5AJ0_B,2dxi_D,2.33
5AJ0_B,3b0v_A,1.89
5AJ0_B,3jcn_v,2.35
5AJ0_B,5lzs_2,0.95
5AJ0_B,3eq4_Y,
5AJ0_B,2der_C,1.50
5AJ0_B,3eph_F,1.54
5AJ0_B,2deu_C,1.98
5AJ0_B,5lzy_1_TA,
5AJ0_B,3epj_F,1.45
3epl_E,5lmq_Z,1.77
3epl_E,3jcd_8,1.69
3epl_E,2cv0_C,2.00
3epl_E,4v5m_V,1.88
3epl_E,3j7a_7,1.99
3epl_E,3ep2_Y,
3epl_E,4yvj_C,2.10
3epl_E,1zo3_B,1.61
3epl_E,2du3_D,2.03
3epl_E,3epl_F,1.85
3epl_E,5d8b_B_BD,1.90
3epl_E,4v7c_V,1.86
3epl_E,2d6f_F,2.26
3epl_E,4v5n_V,1.90
3epl_E,2der_D,1.72
3epl_E,2d6f_E,2.05
3epl_E,2det_C,2.26
3epl_E,4yye_D,1.85
3epl_E,3j92_2,1.66
3epl_E,3jce_6,2.06
3epl_E,3j0p_Y,1.98
3epl_E,5d8b_F_DD,1.55
3epl_E,4v9q_B,1.82
3epl_E,2cv1_D,1.98
3epl_E,1zo3_A,1.61
3epl_E,5k0y_N,2.03
3epl_E,4ujd_B,1.95
3epl_E,5j4d_D,1.91
3epl_E,5j4d_N_MC,1.51
3epl_E,4yvk_C,2.12
3epl_E,2du5_D,2.11
3epl_E,3jcj_v,1.88
3epl_E,4v4v_A,1.58
3epl_E,3j0l_V,1.70
3epl_E,4w29_C_FC,2.23
3epl_E,2deu_D,2.25
3epl_E,5d8b_E_CD,1.54
3epl_E,3eq3_Y,
3epl_E,1wz2_C,1.89
3epl_E,2cv2_D,1.92
3epl_E,3b0v_B,1.69
3epl_E,2du6_D,2.28
3epl_E,5j4d_I_IA,
3epl_E,4v7d_B,
3epl_E,5d8b_X_XC,1.89
3epl_E,2dxi_D,2.02
3epl_E,3b0v_A,1.68
3epl_E,3jcn_v,1.90
3epl_E,5lzs_2,1.51
3epl_E,3eq4_Y,
3epl_E,2der_C,1.89
3epl_E,3eph_F,1.83
3epl_E,2deu_C,2.25
3epl_E,5lzy_1_TA,
3epl_E,3epj_F,1.80
5lmq_Z,3jcd_8,2.11
5lmq_Z,2cv0_C,2.25
5lmq_Z,4v5m_V,1.91
5lmq_Z,3j7a_7,1.84
5lmq_Z,3ep2_Y,
5lmq_Z,4yvj_C,2.19
5lmq_Z,1zo3_B,1.93
5lmq_Z,2du3_D,2.11
5lmq_Z,3epl_F,1.94
5lmq_Z,5d8b_B_BD,1.62
5lmq_Z,4v7c_V,1.89
5lmq_Z,2d6f_F,2.10
5lmq_Z,4v5n_V,1.76
5lmq_Z,2der_D,2.17
5lmq_Z,2d6f_E,2.16
5lmq_Z,2det_C,2.52
5lmq_Z,4yye_D,2.03
5lmq_Z,3j92_2,2.15
5lmq_Z,3jce_6,2.12
5lmq_Z,3j0p_Y,2.28
5lmq_Z,5d8b_F_DD,1.93
5lmq_Z,4v9q_B,1.78
5lmq_Z,2cv1_D,2.00
5lmq_Z,1zo3_A,1.93
5lmq_Z,5k0y_N,2.19
5lmq_Z,4ujd_B,2.49
5lmq_Z,5j4d_D,1.71
5lmq_Z,5j4d_N_MC,1.96
5lmq_Z,4yvk_C,2.24
5lmq_Z,2du5_D,2.24
5lmq_Z,3jcj_v,2.20
5lmq_Z,4v4v_A,1.94
5lmq_Z,3j0l_V,1.92
5lmq_Z,4w29_C_FC,2.21
5lmq_Z,2deu_D,2.32
5lmq_Z,5d8b_E_CD,1.92
5lmq_Z,3eq3_Y,
5lmq_Z,1wz2_C,2.15
5lmq_Z,2cv2_D,2.01
5lmq_Z,3b0v_B,2.15
5lmq_Z,2du6_D,2.19
5lmq_Z,5j4d_I_IA,
5lmq_Z,4v7d_B,
5lmq_Z,5d8b_X_XC,1.62
5lmq_Z,2dxi_D,2.24
5lmq_Z,3b0v_A,2.15
5lmq_Z,3jcn_v,2.10
5lmq_Z,5lzs_2,1.99
5lmq_Z,3eq4_Y,
5lmq_Z,2der_C,2.26
5lmq_Z,3eph_F,2.18
5lmq_Z,2deu_C,2.34
5lmq_Z,5lzy_1_TA,
5lmq_Z,3epj_F,2.10
3jcd_8,2cv0_C,2.35
3jcd_8,4v5m_V,1.90
3jcd_8,3j7a_7,2.16
3jcd_8,3ep2_Y,
3jcd_8,4yvj_C,2.28
3jcd_8,1zo3_B,1.98
3jcd_8,2du3_D,1.98
3jcd_8,3epl_F,1.80
3jcd_8,5d8b_B_BD,2.07
3jcd_8,4v7c_V,2.37
3jcd_8,2d6f_F,2.33
3jcd_8,4v5n_V,1.96
3jcd_8,2der_D,1.75
3jcd_8,2d6f_E,2.11
3jcd_8,2det_C,2.18
3jcd_8,4yye_D,1.95
3jcd_8,3j92_2,1.25
3jcd_8,3jce_6,1.89
3jcd_8,3j0p_Y,2.44
3jcd_8,5d8b_F_DD,0.97
3jcd_8,4v9q_B,1.95
3jcd_8,2cv1_D,2.42
3jcd_8,1zo3_A,1.98
3jcd_8,5k0y_N,2.31
3jcd_8,4ujd_B,1.36
3jcd_8,5j4d_D,2.24
3jcd_8,5j4d_N_MC,1.21
3jcd_8,4yvk_C,2.28
3jcd_8,2du5_D,1.90
3jcd_8,3jcj_v,2.54
3jcd_8,4v4v_A,1.99
3jcd_8,3j0l_V,0.99
3jcd_8,4w29_C_FC,2.48
3jcd_8,2deu_D,2.19
3jcd_8,5d8b_E_CD,0.98
3jcd_8,3eq3_Y,
3jcd_8,1wz2_C,2.17
3jcd_8,2cv2_D,2.49
3jcd_8,3b0v_B,2.23
3jcd_8,2du6_D,1.96
3jcd_8,5j4d_I_IA,
3jcd_8,4v7d_B,
3jcd_8,5d8b_X_XC,2.08
3jcd_8,2dxi_D,2.50
3jcd_8,3b0v_A,2.23
3jcd_8,3jcn_v,2.55
3jcd_8,5lzs_2,1.36
3jcd_8,3eq4_Y,
3jcd_8,2der_C,1.86
3jcd_8,3eph_F,1.85
3jcd_8,2deu_C,2.19
3jcd_8,5lzy_1_TA,
3jcd_8,3epj_F,1.77
2cv0_C,4v5m_V,2.33
2cv0_C,3j7a_7,2.11
2cv0_C,3ep2_Y,
2cv0_C,4yvj_C,1.50
2cv0_C,1zo3_B,2.13
2cv0_C,2du3_D,2.33
2cv0_C,3epl_F,2.12
2cv0_C,5d8b_B_BD,2.09
2cv0_C,4v7c_V,2.16
2cv0_C,2d6f_F,2.16
2cv0_C,4v5n_V,2.14
2cv0_C,2der_D,2.21
2cv0_C,2d6f_E,2.16
2cv0_C,2det_C,2.04
2cv0_C,4yye_D,2.18
2cv0_C,3j92_2,2.55
2cv0_C,3jce_6,2.24
2cv0_C,3j0p_Y,2.24
2cv0_C,5d8b_F_DD,2.52
2cv0_C,4v9q_B,2.10
2cv0_C,2cv1_D,0.92
2cv0_C,1zo3_A,2.13
2cv0_C,5k0y_N,2.13
2cv0_C,4ujd_B,2.35
2cv0_C,5j4d_D,2.06
2cv0_C,5j4d_N_MC,2.56
2cv0_C,4yvk_C,1.52
2cv0_C,2du5_D,2.30
2cv0_C,3jcj_v,2.04
2cv0_C,4v4v_A,2.14
2cv0_C,3j0l_V,2.49
2cv0_C,4w29_C_FC,2.52
2cv0_C,2deu_D,2.13
2cv0_C,5d8b_E_CD,2.52
2cv0_C,3eq3_Y,
2cv0_C,1wz2_C,2.26
2cv0_C,2cv2_D,0.87
2cv0_C,3b0v_B,2.19
2cv0_C,2du6_D,2.21
2cv0_C,5j4d_I_IA,
2cv0_C,4v7d_B,
2cv0_C,5d8b_X_XC,2.09
2cv0_C,2dxi_D,0.57
2cv0_C,3b0v_A,2.11
2cv0_C,3jcn_v,1.97
2cv0_C,5lzs_2,2.37
2cv0_C,3eq4_Y,
2cv0_C,2der_C,2.11
2cv0_C,3eph_F,2.11
2cv0_C,2deu_C,2.13
2cv0_C,5lzy_1_TA,
2cv0_C,3epj_F,2.15
4v5m_V,3j7a_7,1.74
4v5m_V,3ep2_Y,
4v5m_V,4yvj_C,2.26
4v5m_V,1zo3_B,1.88
4v5m_V,2du3_D,2.00
4v5m_V,3epl_F,1.85
4v5m_V,5d8b_B_BD,1.66
4v5m_V,4v7c_V,1.80
4v5m_V,2d6f_F,2.02
4v5m_V,4v5n_V,1.23
4v5m_V,2der_D,2.00
4v5m_V,2d6f_E,1.97
4v5m_V,2det_C,2.29
4v5m_V,4yye_D,2.16
4v5m_V,3j92_2,1.58
4v5m_V,3jce_6,2.18
4v5m_V,3j0p_Y,1.94
4v5m_V,5d8b_F_DD,1.72
4v5m_V,4v9q_B,1.66
4v5m_V,2cv1_D,2.23
4v5m_V,1zo3_A,1.88
4v5m_V,5k0y_N,2.25
4v5m_V,4ujd_B,1.82
4v5m_V,5j4d_D,1.58
4v5m_V,5j4d_N_MC,1.71
4v5m_V,4yvk_C,2.26
4v5m_V,2du5_D,2.10
4v5m_V,3jcj_v,2.04
4v5m_V,4v4v_A,1.83
4v5m_V,3j0l_V,1.80
4v5m_V,4w29_C_FC,2.37
4v5m_V,2deu_D,2.22
4v5m_V,5d8b_E_CD,1.71
4v5m_V,3eq3_Y,
4v5m_V,1wz2_C,1.74
4v5m_V,2cv2_D,2.24
4v5m_V,3b0v_B,2.42
4v5m_V,2du6_D,2.18
4v5m_V,5j4d_I_IA,
4v5m_V,4v7d_B,
4v5m_V,5d8b_X_XC,1.66
4v5m_V,2dxi_D,2.32
4v5m_V,3b0v_A,2.41
4v5m_V,3jcn_v,2.04
4v5m_V,5lzs_2,1.80
4v5m_V,3eq4_Y,
4v5m_V,2der_C,1.86
4v5m_V,3eph_F,1.87
4v5m_V,2deu_C,2.21
4v5m_V,5lzy_1_TA,
4v5m_V,3epj_F,1.90
3j7a_7,3ep2_Y,
3j7a_7,4yvj_C,2.27
3j7a_7,1zo3_B,1.55
3j7a_7,2du3_D,1.91
3j7a_7,3epl_F,1.79
3j7a_7,5d8b_B_BD,1.73
3j7a_7,4v7c_V,1.93
3j7a_7,2d6f_F,2.13
3j7a_7,4v5n_V,1.69
3j7a_7,2der_D,1.95
3j7a_7,2d6f_E,1.94
3j7a_7,2det_C,2.16
3j7a_7,4yye_D,2.21
3j7a_7,3j92_2,1.99
3j7a_7,3jce_6,2.22
3j7a_7,3j0p_Y,1.96
3j7a_7,5d8b_F_DD,1.86
3j7a_7,4v9q_B,1.80
3j7a_7,2cv1_D,2.02
3j7a_7,1zo3_A,1.55
3j7a_7,5k0y_N,1.90
3j7a_7,4ujd_B,2.19
3j7a_7,5j4d_D,1.76
3j7a_7,5j4d_N_MC,1.82
3j7a_7,4yvk_C,2.27
3j7a_7,2du5_D,1.89
3j7a_7,3jcj_v,2.19
3j7a_7,4v4v_A,1.52
3j7a_7,3j0l_V,2.14
3j7a_7,4w29_C_FC,2.43
3j7a_7,2deu_D,2.11
3j7a_7,5d8b_E_CD,1.85
3j7a_7,3eq3_Y,
3j7a_7,1wz2_C,2.10
3j7a_7,2cv2_D,2.05
3j7a_7,3b0v_B,1.98
3j7a_7,2du6_D,1.97
3j7a_7,5j4d_I_IA,
3j7a_7,4v7d_B,
3j7a_7,5d8b_X_XC,1.73
3j7a_7,2dxi_D,2.22
3j7a_7,3b0v_A,1.97
3j7a_7,3jcn_v,2.21
3j7a_7,5lzs_2,1.81
3j7a_7,3eq4_Y,
3j7a_7,2der_C,1.93
3j7a_7,3eph_F,1.66
3j7a_7,2deu_C,2.11
3j7a_7,5lzy_1_TA,
3j7a_7,3epj_F,1.75
3ep2_Y,4yvj_C,
3ep2_Y,1zo3_B,
3ep2_Y,2du3_D,
3ep2_Y,3epl_F,
3ep2_Y,5d8b_B_BD,
3ep2_Y,4v7c_V,
3ep2_Y,2d6f_F,
3ep2_Y,4v5n_V,
3ep2_Y,2der_D,
3ep2_Y,2d6f_E,
3ep2_Y,2det_C,
3ep2_Y,4yye_D,
3ep2_Y,3j92_2,
3ep2_Y,3jce_6,
3ep2_Y,3j0p_Y,
3ep2_Y,5d8b_F_DD,
3ep2_Y,4v9q_B,
3ep2_Y,2cv1_D,
3ep2_Y,1zo3_A,
3ep2_Y,5k0y_N,
3ep2_Y,4ujd_B,
3ep2_Y,5j4d_D,
3ep2_Y,5j4d_N_MC,
3ep2_Y,4yvk_C,
3ep2_Y,2du5_D,
3ep2_Y,3jcj_v,
3ep2_Y,4v4v_A,
3ep2_Y,3j0l_V,
3ep2_Y,4w29_C_FC,
3ep2_Y,2deu_D,
3ep2_Y,5d8b_E_CD,
3ep2_Y,3eq3_Y,
3ep2_Y,1wz2_C,
3ep2_Y,2cv2_D,
3ep2_Y,3b0v_B,
3ep2_Y,2du6_D,
3ep2_Y,5j4d_I_IA,
3ep2_Y,4v7d_B,
3ep2_Y,5d8b_X_XC,
3ep2_Y,2dxi_D,
3ep2_Y,3b0v_A,
3ep2_Y,3jcn_v,
3ep2_Y,5lzs_2,
3ep2_Y,3eq4_Y,
3ep2_Y,2der_C,
3ep2_Y,3eph_F,
3ep2_Y,2deu_C,
3ep2_Y,5lzy_1_TA,
3ep2_Y,3epj_F,
4yvj_C,1zo3_B,2.19
4yvj_C,2du3_D,2.20
4yvj_C,3epl_F,2.24
4yvj_C,5d8b_B_BD,2.42
4yvj_C,4v7c_V,2.34
4yvj_C,2d6f_F,2.13
4yvj_C,4v5n_V,2.30
4yvj_C,2der_D,2.06
4yvj_C,2d6f_E,2.18
4yvj_C,2det_C,1.83
4yvj_C,4yye_D,1.93
4yvj_C,3j92_2,2.29
4yvj_C,3jce_6,2.32
4yvj_C,3j0p_Y,2.53
4yvj_C,5d8b_F_DD,2.19
4yvj_C,4v9q_B,2.38
4yvj_C,2cv1_D,1.67
4yvj_C,1zo3_A,2.19
4yvj_C,5k0y_N,2.38
4yvj_C,4ujd_B,2.29
4yvj_C,5j4d_D,2.36
4yvj_C,5j4d_N_MC,2.44
4yvj_C,4yvk_C,0.20
4yvj_C,2du5_D,2.32
4yvj_C,3jcj_v,2.15
4yvj_C,4v4v_A,2.24
4yvj_C,3j0l_V,2.29
4yvj_C,4w29_C_FC,2.41
4yvj_C,2deu_D,1.83
4yvj_C,5d8b_E_CD,2.20
4yvj_C,3eq3_Y,
4yvj_C,1wz2_C,2.19
4yvj_C,2cv2_D,1.63
4yvj_C,3b0v_B,2.28
4yvj_C,2du6_D,2.33
4yvj_C,5j4d_I_IA,
4yvj_C,4v7d_B,
4yvj_C,5d8b_X_XC,2.22
4yvj_C,2dxi_D,1.59
4yvj_C,3b0v_A,2.31
4yvj_C,3jcn_v,2.23
4yvj_C,5lzs_2,2.17
4yvj_C,3eq4_Y,
4yvj_C,2der_C,2.08
4yvj_C,3eph_F,2.34
4yvj_C,2deu_C,1.83
4yvj_C,5lzy_1_TA,
4yvj_C,3epj_F,2.29
1zo3_B,2du3_D,1.78
1zo3_B,3epl_F,1.71
1zo3_B,5d8b_B_BD,1.85
1zo3_B,4v7c_V,1.80
1zo3_B,2d6f_F,2.14
1zo3_B,4v5n_V,1.63
1zo3_B,2der_D,1.82
1zo3_B,2d6f_E,2.03
1zo3_B,2det_C,2.28
1zo3_B,4yye_D,1.89
1zo3_B,3j92_2,1.88
1zo3_B,3jce_6,2.01
1zo3_B,3j0p_Y,1.79
1zo3_B,5d8b_F_DD,1.73
1zo3_B,4v9q_B,1.83
1zo3_B,2cv1_D,1.94
1zo3_B,1zo3_A,0.01
1zo3_B,5k0y_N,1.65
1zo3_B,4ujd_B,2.07
1zo3_B,5j4d_D,1.84
1zo3_B,5j4d_N_MC,1.74
1zo3_B,4yvk_C,2.25
1zo3_B,2du5_D,1.95
1zo3_B,3jcj_v,1.87
1zo3_B,4v4v_A,0.52
1zo3_B,3j0l_V,1.92
1zo3_B,4w29_C_FC,2.27
1zo3_B,2deu_D,2.25
1zo3_B,5d8b_E_CD,1.71
1zo3_B,3eq3_Y,
1zo3_B,1wz2_C,1.98
1zo3_B,2cv2_D,2.01
1zo3_B,3b0v_B,1.71
1zo3_B,2du6_D,2.03
1zo3_B,5j4d_I_IA,
1zo3_B,4v7d_B,
1zo3_B,5d8b_X_XC,1.86
1zo3_B,2dxi_D,2.08
1zo3_B,3b0v_A,1.73
1zo3_B,3jcn_v,1.88
1zo3_B,5lzs_2,1.75
1zo3_B,3eq4_Y,
1zo3_B,2der_C,1.83
1zo3_B,3eph_F,1.57
1zo3_B,2deu_C,2.25
1zo3_B,5lzy_1_TA,
1zo3_B,3epj_F,1.64
2du3_D,3epl_F,1.57
2du3_D,5d8b_B_BD,2.23
2du3_D,4v7c_V,1.98
2du3_D,2d6f_F,2.24
2du3_D,4v5n_V,1.85
2du3_D,2der_D,1.96
2du3_D,2d6f_E,2.13
2du3_D,2det_C,2.13
2du3_D,4yye_D,2.22
2du3_D,3j92_2,1.74
2du3_D,3jce_6,2.22
2du3_D,3j0p_Y,2.31
2du3_D,5d8b_F_DD,1.97
2du3_D,4v9q_B,2.02
2du3_D,2cv1_D,2.20
2du3_D,1zo3_A,1.78
2du3_D,5k0y_N,2.06
2du3_D,4ujd_B,2.01
2du3_D,5j4d_D,1.85
2du3_D,5j4d_N_MC,1.58
2du3_D,4yvk_C,2.26
2du3_D,2du5_D,0.66
2du3_D,3jcj_v,2.01
2du3_D,4v4v_A,1.81
2du3_D,3j0l_V,1.82
2du3_D,4w29_C_FC,2.49
2du3_D,2deu_D,2.09
2du3_D,5d8b_E_CD,1.96
2du3_D,3eq3_Y,
2du3_D,1wz2_C,1.69
2du3_D,2cv2_D,2.24
2du3_D,3b0v_B,2.01
2du3_D,2du6_D,0.70
2du3_D,5j4d_I_IA,
2du3_D,4v7d_B,
2du3_D,5d8b_X_XC,2.17
2du3_D,2dxi_D,2.34
2du3_D,3b0v_A,2.01
2du3_D,3jcn_v,2.02
2du3_D,5lzs_2,1.78
2du3_D,3eq4_Y,
2du3_D,2der_C,1.80
2du3_D,3eph_F,1.60
2du3_D,2deu_C,2.09
2du3_D,5lzy_1_TA,
2du3_D,3epj_F,1.63
3epl_F,5d8b_B_BD,2.02
3epl_F,4v7c_V,1.85
3epl_F,2d6f_F,2.17
3epl_F,4v5n_V,1.65
3epl_F,2der_D,1.89
3epl_F,2d6f_E,2.00
3epl_F,2det_C,1.94
3epl_F,4yye_D,1.91
3epl_F,3j92_2,1.72
3epl_F,3jce_6,2.24
3epl_F,3j0p_Y,1.99
3epl_F,5d8b_F_DD,1.65
3epl_F,4v9q_B,1.87
3epl_F,2cv1_D,2.03
3epl_F,1zo3_A,1.71
3epl_F,5k0y_N,1.85
3epl_F,4ujd_B,1.63
3epl_F,5j4d_D,1.90
3epl_F,5j4d_N_MC,1.62
3epl_F,4yvk_C,2.19
3epl_F,2du5_D,1.77
3epl_F,3jcj_v,2.16
3epl_F,4v4v_A,1.70
3epl_F,3j0l_V,1.68
3epl_F,4w29_C_FC,2.40
3epl_F,2deu_D,1.87
3epl_F,5d8b_E_CD,1.64
3epl_F,3eq3_Y,
3epl_F,1wz2_C,1.90
3epl_F,2cv2_D,2.02
3epl_F,3b0v_B,1.99
3epl_F,2du6_D,1.80
3epl_F,5j4d_I_IA,
3epl_F,4v7d_B,
3epl_F,5d8b_X_XC,2.02
3epl_F,2dxi_D,2.07
3epl_F,3b0v_A,2.04
3epl_F,3jcn_v,2.16
3epl_F,5lzs_2,1.46
3epl_F,3eq4_Y,
3epl_F,2der_C,1.74
3epl_F,3eph_F,0.79
3epl_F,2deu_C,1.87
3epl_F,5lzy_1_TA,
3epl_F,3epj_F,0.82
5d8b_B_BD,4v7c_V,1.88
5d8b_B_BD,2d6f_F,1.97
5d8b_B_BD,4v5n_V,1.77
5d8b_B_BD,2der_D,1.99
5d8b_B_BD,2d6f_E,2.00
5d8b_B_BD,2det_C,2.46
5d8b_B_BD,4yye_D,2.05
5d8b_B_BD,3j92_2,2.03
5d8b_B_BD,3jce_6,1.84
5d8b_B_BD,3j0p_Y,1.87
5d8b_B_BD,5d8b_F_DD,1.79
5d8b_B_BD,4v9q_B,0.87
5d8b_B_BD,2cv1_D,2.08
5d8b_B_BD,1zo3_A,1.85
5d8b_B_BD,5k0y_N,2.03
5d8b_B_BD,4ujd_B,2.24
5d8b_B_BD,5j4d_D,1.05
5d8b_B_BD,5j4d_N_MC,1.88
5d8b_B_BD,4yvk_C,2.23
5d8b_B_BD,2du5_D,2.28
5d8b_B_BD,3jcj_v,2.12
5d8b_B_BD,4v4v_A,1.88
5d8b_B_BD,3j0l_V,2.06
5d8b_B_BD,4w29_C_FC,2.35
5d8b_B_BD,2deu_D,2.48
5d8b_B_BD,5d8b_E_CD,1.79
5d8b_B_BD,3eq3_Y,
5d8b_B_BD,1wz2_C,2.08
5d8b_B_BD,2cv2_D,2.07
5d8b_B_BD,3b0v_B,2.05
5d8b_B_BD,2du6_D,2.31
5d8b_B_BD,5j4d_I_IA,
5d8b_B_BD,4v7d_B,
5d8b_B_BD,5d8b_X_XC,0.03
5d8b_B_BD,2dxi_D,2.12
5d8b_B_BD,3b0v_A,2.06
5d8b_B_BD,3jcn_v,2.14
5d8b_B_BD,5lzs_2,1.92
5d8b_B_BD,3eq4_Y,
5d8b_B_BD,2der_C,2.12
5d8b_B_BD,3eph_F,2.01
5d8b_B_BD,2deu_C,2.48
5d8b_B_BD,5lzy_1_TA,
5d8b_B_BD,3epj_F,1.97
4v7c_V,2d6f_F,2.38
4v7c_V,4v5n_V,1.97
4v7c_V,2der_D,2.20
4v7c_V,2d6f_E,2.28
4v7c_V,2det_C,2.66
4v7c_V,4yye_D,2.47
4v7c_V,3j92_2,2.30
4v7c_V,3jce_6,2.28
4v7c_V,3j0p_Y,1.13
4v7c_V,5d8b_F_DD,2.07
4v7c_V,4v9q_B,1.85
4v7c_V,2cv1_D,2.03
4v7c_V,1zo3_A,1.80
4v7c_V,5k0y_N,2.31
4v7c_V,4ujd_B,2.31
4v7c_V,5j4d_D,1.90
4v7c_V,5j4d_N_MC,2.04
4v7c_V,4yvk_C,2.30
4v7c_V,2du5_D,2.14
4v7c_V,3jcj_v,2.22
4v7c_V,4v4v_A,1.76
4v7c_V,3j0l_V,2.27
4v7c_V,4w29_C_FC,2.54
4v7c_V,2deu_D,2.61
4v7c_V,5d8b_E_CD,2.06
4v7c_V,3eq3_Y,
4v7c_V,1wz2_C,1.94
4v7c_V,2cv2_D,2.09
4v7c_V,3b0v_B,2.09
4v7c_V,2du6_D,2.26
4v7c_V,5j4d_I_IA,
4v7c_V,4v7d_B,
4v7c_V,5d8b_X_XC,1.89
4v7c_V,2dxi_D,2.17
4v7c_V,3b0v_A,2.15
4v7c_V,3jcn_v,2.23
4v7c_V,5lzs_2,2.12
4v7c_V,3eq4_Y,
4v7c_V,2der_C,2.30
4v7c_V,3eph_F,1.88
4v7c_V,2deu_C,2.61
4v7c_V,5lzy_1_TA,
4v7c_V,3epj_F,1.93
2d6f_F,4v5n_V,2.05
2d6f_F,2der_D,2.12
2d6f_F,2d6f_E,1.64
2d6f_F,2det_C,2.25
2d6f_F,4yye_D,2.27
2d6f_F,3j92_2,2.41
2d6f_F,3jce_6,2.32
2d6f_F,3j0p_Y,2.33
2d6f_F,5d8b_F_DD,2.31
2d6f_F,4v9q_B,2.19
2d6f_F,2cv1_D,2.07
2d6f_F,1zo3_A,2.14
2d6f_F,5k0y_N,2.23
2d6f_F,4ujd_B,2.27
2d6f_F,5j4d_D,1.93
2d6f_F,5j4d_N_MC,2.17
2d6f_F,4yvk_C,2.14
2d6f_F,2du5_D,2.31
2d6f_F,3jcj_v,2.24
2d6f_F,4v4v_A,2.15
2d6f_F,3j0l_V,2.37
2d6f_F,4w29_C_FC,2.41
2d6f_F,2deu_D,2.40
2d6f_F,5d8b_E_CD,2.30
2d6f_F,3eq3_Y,
2d6f_F,1wz2_C,1.87
2d6f_F,2cv2_D,2.12
2d6f_F,3b0v_B,2.59
2d6f_F,2du6_D,2.23
2d6f_F,5j4d_I_IA,
2d6f_F,4v7d_B,
2d6f_F,5d8b_X_XC,1.96
2d6f_F,2dxi_D,2.18
2d6f_F,3b0v_A,2.42
2d6f_F,3jcn_v,2.18
2d6f_F,5lzs_2,2.18
2d6f_F,3eq4_Y,
2d6f_F,2der_C,2.19
2d6f_F,3eph_F,2.31
2d6f_F,2deu_C,2.44
2d6f_F,5lzy_1_TA,
2d6f_F,3epj_F,2.32
4v5n_V,2der_D,1.75
4v5n_V,2d6f_E,1.88
4v5n_V,2det_C,2.13
4v5n_V,4yye_D,1.98
4v5n_V,3j92_2,1.83
4v5n_V,3jce_6,2.20
4v5n_V,3j0p_Y,2.16
4v5n_V,5d8b_F_DD,1.80
4v5n_V,4v9q_B,1.73
4v5n_V,2cv1_D,2.09
4v5n_V,1zo3_A,1.63
4v5n_V,5k0y_N,1.91
4v5n_V,4ujd_B,1.95
4v5n_V,5j4d_D,1.73
4v5n_V,5j4d_N_MC,1.90
4v5n_V,4yvk_C,2.27
4v5n_V,2du5_D,1.74
4v5n_V,3jcj_v,2.11
4v5n_V,4v4v_A,1.71
4v5n_V,3j0l_V,2.06
4v5n_V,4w29_C_FC,2.19
4v5n_V,2deu_D,2.05
4v5n_V,5d8b_E_CD,1.78
4v5n_V,3eq3_Y,
4v5n_V,1wz2_C,1.84
4v5n_V,2cv2_D,2.16
4v5n_V,3b0v_B,2.14
4v5n_V,2du6_D,1.82
4v5n_V,5j4d_I_IA,
4v5n_V,4v7d_B,
4v5n_V,5d8b_X_XC,1.77
4v5n_V,2dxi_D,2.22
4v5n_V,3b0v_A,2.10
4v5n_V,3jcn_v,1.95
4v5n_V,5lzs_2,1.87
4v5n_V,3eq4_Y,
4v5n_V,2der_C,1.77
4v5n_V,3eph_F,1.70
4v5n_V,2deu_C,2.05
4v5n_V,5lzy_1_TA,
4v5n_V,3epj_F,1.81
2der_D,2d6f_E,1.76
2der_D,2det_C,1.42
2der_D,4yye_D,1.36
2der_D,3j92_2,1.87
2der_D,3jce_6,1.89
2der_D,3j0p_Y,2.23
2der_D,5d8b_F_DD,1.70
2der_D,4v9q_B,1.87
2der_D,2cv1_D,2.20
2der_D,1zo3_A,1.82
2der_D,5k0y_N,2.19
2der_D,4ujd_B,1.91
2der_D,5j4d_D,2.07
2der_D,5j4d_N_MC,1.62
2der_D,4yvk_C,2.12
2der_D,2du5_D,1.94
2der_D,3jcj_v,2.30
2der_D,4v4v_A,1.69
2der_D,3j0l_V,1.87
2der_D,4w29_C_FC,2.26
2der_D,2deu_D,1.43
2der_D,5d8b_E_CD,1.75
2der_D,3eq3_Y,
2der_D,1wz2_C,2.02
2der_D,2cv2_D,2.24
2der_D,3b0v_B,2.01
2der_D,2du6_D,2.11
2der_D,5j4d_I_IA,
2der_D,4v7d_B,
2der_D,5d8b_X_XC,2.00
2der_D,2dxi_D,2.29
2der_D,3b0v_A,1.97
2der_D,3jcn_v,2.23
2der_D,5lzs_2,1.49
2der_D,3eq4_Y,
2der_D,2der_C,0.61
2der_D,3eph_F,1.88
2der_D,2deu_C,1.43
2der_D,5lzy_1_TA,
2der_D,3epj_F,1.78
2d6f_E,2det_C,2.19
2d6f_E,4yye_D,2.16
2d6f_E,3j92_2,2.19
2d6f_E,3jce_6,2.24
2d6f_E,3j0p_Y,2.21
2d6f_E,5d8b_F_DD,2.09
2d6f_E,4v9q_B,1.96
2d6f_E,2cv1_D,2.29
2d6f_E,1zo3_A,2.03
2d6f_E,5k0y_N,2.42
2d6f_E,4ujd_B,1.92
2d6f_E,5j4d_D,2.01
2d6f_E,5j4d_N_MC,2.15
2d6f_E,4yvk_C,2.27
2d6f_E,2du5_D,2.06
2d6f_E,3jcj_v,1.96
2d6f_E,4v4v_A,1.99
2d6f_E,3j0l_V,2.23
2d6f_E,4w29_C_FC,2.39
2d6f_E,2deu_D,2.14
2d6f_E,5d8b_E_CD,2.09
2d6f_E,3eq3_Y,
2d6f_E,1wz2_C,1.92
2d6f_E,2cv2_D,2.41
2d6f_E,3b0v_B,2.48
2d6f_E,2du6_D,2.10
2d6f_E,5j4d_I_IA,
2d6f_E,4v7d_B,
2d6f_E,5d8b_X_XC,1.99
2d6f_E,2dxi_D,2.26
2d6f_E,3b0v_A,2.47
2d6f_E,3jcn_v,1.96
2d6f_E,5lzs_2,1.80
2d6f_E,3eq4_Y,
2d6f_E,2der_C,1.88
2d6f_E,3eph_F,2.08
2d6f_E,2deu_C,2.14
2d6f_E,5lzy_1_TA,
2d6f_E,3epj_F,2.08
2det_C,4yye_D,1.60
2det_C,3j92_2,2.17
2det_C,3jce_6,2.21
2det_C,3j0p_Y,2.75
2det_C,5d8b_F_DD,2.15
2det_C,4v9q_B,2.42
2det_C,2cv1_D,2.16
2det_C,1zo3_A,2.28
2det_C,5k0y_N,2.45
2det_C,4ujd_B,2.14
2det_C,5j4d_D,2.44
2det_C,5j4d_N_MC,2.05
2det_C,4yvk_C,1.72
2det_C,2du5_D,2.22
2det_C,3jcj_v,2.48
2det_C,4v4v_A,2.30
2det_C,3j0l_V,2.24
2det_C,4w29_C_FC,2.40
2det_C,2deu_D,0.57
2det_C,5d8b_E_CD,2.14
2det_C,3eq3_Y,
2det_C,1wz2_C,2.33
2det_C,2cv2_D,2.25
2det_C,3b0v_B,2.29
2det_C,2du6_D,2.24
2det_C,5j4d_I_IA,
2det_C,4v7d_B,
2det_C,5d8b_X_XC,2.42
2det_C,2dxi_D,2.32
2det_C,3b0v_A,2.24
2det_C,3jcn_v,2.55
2det_C,5lzs_2,1.93
2det_C,3eq4_Y,
2det_C,2der_C,1.42
2det_C,3eph_F,1.90
2det_C,2deu_C,0.57
2det_C,5lzy_1_TA,
2det_C,3epj_F,1.89
4yye_D,3j92_2,2.08
4yye_D,3jce_6,2.01
4yye_D,3j0p_Y,2.42
4yye_D,5d8b_F_DD,2.01
4yye_D,4v9q_B,2.08
4yye_D,2cv1_D,2.13
4yye_D,1zo3_A,1.89
4yye_D,5k0y_N,2.16
4yye_D,4ujd_B,2.20
4yye_D,5j4d_D,2.37
4yye_D,5j4d_N_MC,1.92
4yye_D,4yvk_C,1.96
4yye_D,2du5_D,2.21
4yye_D,3jcj_v,2.08
4yye_D,4v4v_A,1.96
4yye_D,3j0l_V,2.15
4yye_D,4w29_C_FC,2.45
4yye_D,2deu_D,1.60
4yye_D,5d8b_E_CD,2.02
4yye_D,3eq3_Y,
4yye_D,1wz2_C,2.06
4yye_D,2cv2_D,2.12
4yye_D,3b0v_B,1.98
4yye_D,2du6_D,2.22
4yye_D,5j4d_I_IA,
4yye_D,4v7d_B,
4yye_D,5d8b_X_XC,2.11
4yye_D,2dxi_D,2.23
4yye_D,3b0v_A,1.92
4yye_D,3jcn_v,2.09
4yye_D,5lzs_2,2.01
4yye_D,3eq4_Y,
4yye_D,2der_C,1.69
4yye_D,3eph_F,2.03
4yye_D,2deu_C,1.60
4yye_D,5lzy_1_TA,
4yye_D,3epj_F,1.94
3j92_2,3jce_6,1.97
3j92_2,3j0p_Y,2.30
3j92_2,5d8b_F_DD,0.81
3j92_2,4v9q_B,1.89
3j92_2,2cv1_D,2.53
3j92_2,1zo3_A,1.88
3j92_2,5k0y_N,2.03
3j92_2,4ujd_B,1.56
3j92_2,5j4d_D,2.30
3j92_2,5j4d_N_MC,0.92
3j92_2,4yvk_C,2.28
3j92_2,2du5_D,1.77
3j92_2,3jcj_v,2.41
3j92_2,4v4v_A,1.87
3j92_2,3j0l_V,1.30
3j92_2,4w29_C_FC,2.41
3j92_2,2deu_D,2.15
3j92_2,5d8b_E_CD,0.81
3j92_2,3eq3_Y,
3j92_2,1wz2_C,1.83
3j92_2,2cv2_D,2.55
3j92_2,3b0v_B,1.98
3j92_2,2du6_D,2.10
3j92_2,5j4d_I_IA,
3j92_2,4v7d_B,
3j92_2,5d8b_X_XC,2.01
3j92_2,2dxi_D,2.59
3j92_2,3b0v_A,1.93
3j92_2,3jcn_v,2.41
3j92_2,5lzs_2,1.21
3j92_2,3eq4_Y,
3j92_2,2der_C,1.82
3j92_2,3eph_F,1.66
3j92_2,2deu_C,2.15
3j92_2,5lzy_1_TA,
3j92_2,3epj_F,1.68
3jce_6,3j0p_Y,2.09
3jce_6,5d8b_F_DD,1.75
3jce_6,4v9q_B,1.82
3jce_6,2cv1_D,2.31
3jce_6,1zo3_A,2.02
3jce_6,5k0y_N,2.35
3jce_6,4ujd_B,2.13
3jce_6,5j4d_D,2.05
3jce_6,5j4d_N_MC,1.73
3jce_6,4yvk_C,2.30
3jce_6,2du5_D,2.22
3jce_6,3jcj_v,2.47
3jce_6,4v4v_A,2.02
3jce_6,3j0l_V,2.06
3jce_6,4w29_C_FC,2.36
3jce_6,2deu_D,2.15
3jce_6,5d8b_E_CD,1.80
3jce_6,3eq3_Y,
3jce_6,1wz2_C,2.08
3jce_6,2cv2_D,2.30
3jce_6,3b0v_B,2.11
3jce_6,2du6_D,2.15
3jce_6,5j4d_I_IA,
3jce_6,4v7d_B,
3jce_6,5d8b_X_XC,1.84
3jce_6,2dxi_D,2.15
3jce_6,3b0v_A,2.17
3jce_6,3jcn_v,2.39
3jce_6,5lzs_2,1.97
3jce_6,3eq4_Y,
3jce_6,2der_C,2.16
3jce_6,3eph_F,2.25
3jce_6,2deu_C,2.14
3jce_6,5lzy_1_TA,
3jce_6,3epj_F,2.15
3j0p_Y,5d8b_F_DD,2.05
3j0p_Y,4v9q_B,1.82
3j0p_Y,2cv1_D,2.08
3j0p_Y,1zo3_A,1.79
3j0p_Y,5k0y_N,2.29
3j0p_Y,4ujd_B,2.40
3j0p_Y,5j4d_D,1.84
3j0p_Y,5j4d_N_MC,2.17
3j0p_Y,4yvk_C,2.55
3j0p_Y,2du5_D,2.21
3j0p_Y,3jcj_v,2.06
3j0p_Y,4v4v_A,1.76
3j0p_Y,3j0l_V,2.26
3j0p_Y,4w29_C_FC,2.48
3j0p_Y,2deu_D,2.66
3j0p_Y,5d8b_E_CD,2.04
3j0p_Y,3eq3_Y,
3j0p_Y,1wz2_C,1.92
3j0p_Y,2cv2_D,2.12
3j0p_Y,3b0v_B,2.17
3j0p_Y,2du6_D,2.43
3j0p_Y,5j4d_I_IA,
3j0p_Y,4v7d_B,
3j0p_Y,5d8b_X_XC,1.87
3j0p_Y,2dxi_D,2.16
3j0p_Y,3b0v_A,2.17
3j0p_Y,3jcn_v,2.08
3j0p_Y,5lzs_2,2.21
3j0p_Y,3eq4_Y,
3j0p_Y,2der_C,2.33
3j0p_Y,3eph_F,1.95
3j0p_Y,2deu_C,2.32
3j0p_Y,5lzy_1_TA,
3j0p_Y,3epj_F,2.01
5d8b_F_DD,4v9q_B,1.73
5d8b_F_DD,2cv1_D,2.50
5d8b_F_DD,1zo3_A,1.73
5d8b_F_DD,5k0y_N,2.11
5d8b_F_DD,4ujd_B,1.31
5d8b_F_DD,5j4d_D,2.04
5d8b_F_DD,5j4d_N_MC,0.50
5d8b_F_DD,4yvk_C,2.21
5d8b_F_DD,2du5_D,1.83
5d8b_F_DD,3jcj_v,2.29
5d8b_F_DD,4v4v_A,1.71
5d8b_F_DD,3j0l_V,1.15
5d8b_F_DD,4w29_C_FC,2.36
5d8b_F_DD,2deu_D,2.10
5d8b_F_DD,5d8b_E_CD,0.08
5d8b_F_DD,3eq3_Y,
5d8b_F_DD,1wz2_C,1.28
5d8b_F_DD,2cv2_D,2.40
5d8b_F_DD,3b0v_B,1.95
5d8b_F_DD,2du6_D,1.89
5d8b_F_DD,5j4d_I_IA,
5d8b_F_DD,4v7d_B,
5d8b_F_DD,5d8b_X_XC,1.80
5d8b_F_DD,2dxi_D,2.57
5d8b_F_DD,3b0v_A,1.92
5d8b_F_DD,3jcn_v,2.31
5d8b_F_DD,5lzs_2,1.08
5d8b_F_DD,3eq4_Y,
5d8b_F_DD,2der_C,1.77
5d8b_F_DD,3eph_F,1.60
5d8b_F_DD,2deu_C,2.09
5d8b_F_DD,5lzy_1_TA,
5d8b_F_DD,3epj_F,1.51
4v9q_B,2cv1_D,2.18
4v9q_B,1zo3_A,1.83
4v9q_B,5k0y_N,2.01
4v9q_B,4ujd_B,2.00
4v9q_B,5j4d_D,0.77
4v9q_B,5j4d_N_MC,1.80
4v9q_B,4yvk_C,2.27
4v9q_B,2du5_D,2.11
4v9q_B,3jcj_v,2.03
4v9q_B,4v4v_A,1.81
4v9q_B,3j0l_V,1.85
4v9q_B,4w29_C_FC,2.50
4v9q_B,2deu_D,2.42
4v9q_B,5d8b_E_CD,1.73
4v9q_B,3eq3_Y,
4v9q_B,1wz2_C,2.03
4v9q_B,2cv2_D,2.14
4v9q_B,3b0v_B,1.94
4v9q_B,2du6_D,2.18
4v9q_B,5j4d_I_IA,
4v9q_B,4v7d_B,
4v9q_B,5d8b_X_XC,0.87
4v9q_B,2dxi_D,2.20
4v9q_B,3b0v_A,1.87
4v9q_B,3jcn_v,1.99
4v9q_B,5lzs_2,1.85
4v9q_B,3eq4_Y,
4v9q_B,2der_C,2.04
4v9q_B,3eph_F,2.05
4v9q_B,2deu_C,2.42
4v9q_B,5lzy_1_TA,
4v9q_B,3epj_F,2.03
2cv1_D,1zo3_A,1.94
2cv1_D,5k0y_N,2.07
2cv1_D,4ujd_B,2.31
2cv1_D,5j4d_D,2.12
2cv1_D,5j4d_N_MC,2.52
2cv1_D,4yvk_C,1.63
2cv1_D,2du5_D,2.34
2cv1_D,3jcj_v,1.87
2cv1_D,4v4v_A,1.94
2cv1_D,3j0l_V,2.32
2cv1_D,4w29_C_FC,2.51
2cv1_D,2deu_D,2.24
2cv1_D,5d8b_E_CD,2.50
2cv1_D,3eq3_Y,
2cv1_D,1wz2_C,2.52
2cv1_D,2cv2_D,0.32
2cv1_D,3b0v_B,2.15
2cv1_D,2du6_D,2.33
2cv1_D,5j4d_I_IA,
2cv1_D,4v7d_B,
2cv1_D,5d8b_X_XC,2.07
2cv1_D,2dxi_D,0.57
2cv1_D,3b0v_A,2.20
2cv1_D,3jcn_v,1.87
2cv1_D,5lzs_2,2.37
2cv1_D,3eq4_Y,
2cv1_D,2der_C,2.16
2cv1_D,3eph_F,1.95
2cv1_D,2deu_C,2.24
2cv1_D,5lzy_1_TA,
2cv1_D,3epj_F,2.06
1zo3_A,5k0y_N,1.65
1zo3_A,4ujd_B,2.07
1zo3_A,5j4d_D,1.84
1zo3_A,5j4d_N_MC,1.74
1zo3_A,4yvk_C,2.25
1zo3_A,2du5_D,1.95
1zo3_A,3jcj_v,1.87
1zo3_A,4v4v_A,0.52
1zo3_A,3j0l_V,1.92
1zo3_A,4w29_C_FC,2.27
1zo3_A,2deu_D,2.25
1zo3_A,5d8b_E_CD,1.71
1zo3_A,3eq3_Y,
1zo3_A,1wz2_C,1.98
1zo3_A,2cv2_D,2.01
1zo3_A,3b0v_B,1.71
1zo3_A,2du6_D,2.03
1zo3_A,5j4d_I_IA,
1zo3_A,4v7d_B,
1zo3_A,5d8b_X_XC,1.86
1zo3_A,2dxi_D,2.08
1zo3_A,3b0v_A,1.73
1zo3_A,3jcn_v,1.88
1zo3_A,5lzs_2,1.75
1zo3_A,3eq4_Y,
1zo3_A,2der_C,1.83
1zo3_A,3eph_F,1.57
1zo3_A,2deu_C,2.21
1zo3_A,5lzy_1_TA,
1zo3_A,3epj_F,1.64
5k0y_N,4ujd_B,2.03
5k0y_N,5j4d_D,2.06
5k0y_N,5j4d_N_MC,2.26
5k0y_N,4yvk_C,2.35
5k0y_N,2du5_D,2.23
5k0y_N,3jcj_v,2.10
5k0y_N,4v4v_A,1.57
5k0y_N,3j0l_V,2.08
5k0y_N,4w29_C_FC,2.51
5k0y_N,2deu_D,2.31
5k0y_N,5d8b_E_CD,2.10
5k0y_N,3eq3_Y,
5k0y_N,1wz2_C,2.05
5k0y_N,2cv2_D,2.16
5k0y_N,3b0v_B,1.83
5k0y_N,2du6_D,2.32
5k0y_N,5j4d_I_IA,
5k0y_N,4v7d_B,
5k0y_N,5d8b_X_XC,2.03
5k0y_N,2dxi_D,2.15
5k0y_N,3b0v_A,1.81
5k0y_N,3jcn_v,2.09
5k0y_N,5lzs_2,2.21
5k0y_N,3eq4_Y,
5k0y_N,2der_C,2.13
5k0y_N,3eph_F,1.78
5k0y_N,2deu_C,2.33
5k0y_N,5lzy_1_TA,
5k0y_N,3epj_F,1.88
4ujd_B,5j4d_D,2.41
4ujd_B,5j4d_N_MC,1.58
4ujd_B,4yvk_C,2.27
4ujd_B,2du5_D,2.03
4ujd_B,3jcj_v,2.48
4ujd_B,4v4v_A,2.03
4ujd_B,3j0l_V,0.80
4ujd_B,4w29_C_FC,2.51
4ujd_B,2deu_D,2.23
4ujd_B,5d8b_E_CD,1.31
4ujd_B,3eq3_Y,
4ujd_B,1wz2_C,2.65
4ujd_B,2cv2_D,2.38
4ujd_B,3b0v_B,2.07
4ujd_B,2du6_D,2.07
4ujd_B,5j4d_I_IA,
4ujd_B,4v7d_B,
4ujd_B,5d8b_X_XC,2.25
4ujd_B,2dxi_D,2.36
4ujd_B,3b0v_A,2.08
4ujd_B,3jcn_v,2.46
4ujd_B,5lzs_2,1.77
4ujd_B,3eq4_Y,
4ujd_B,2der_C,2.15
4ujd_B,3eph_F,1.60
4ujd_B,2deu_C,2.23
4ujd_B,5lzy_1_TA,
4ujd_B,3epj_F,1.53
5j4d_D,5j4d_N_MC,1.76
5j4d_D,4yvk_C,2.37
5j4d_D,2du5_D,2.32
5j4d_D,3jcj_v,1.95
5j4d_D,4v4v_A,1.85
5j4d_D,3j0l_V,2.32
5j4d_D,4w29_C_FC,2.34
5j4d_D,2deu_D,2.48
5j4d_D,5d8b_E_CD,2.08
5j4d_D,3eq3_Y,
5j4d_D,1wz2_C,2.01
5j4d_D,2cv2_D,2.15
5j4d_D,3b0v_B,1.85
5j4d_D,2du6_D,2.02
5j4d_D,5j4d_I_IA,
5j4d_D,4v7d_B,
5j4d_D,5d8b_X_XC,1.04
5j4d_D,2dxi_D,2.14
5j4d_D,3b0v_A,1.83
5j4d_D,3jcn_v,1.99
5j4d_D,5lzs_2,2.02
5j4d_D,3eq4_Y,
5j4d_D,2der_C,2.35
5j4d_D,3eph_F,2.10
5j4d_D,2deu_C,2.48
5j4d_D,5lzy_1_TA,
5j4d_D,3epj_F,2.12
5j4d_N_MC,4yvk_C,2.42
5j4d_N_MC,2du5_D,1.80
5j4d_N_MC,3jcj_v,2.18
5j4d_N_MC,4v4v_A,1.75
5j4d_N_MC,3j0l_V,1.19
5j4d_N_MC,4w29_C_FC,2.43
5j4d_N_MC,2deu_D,2.07
5j4d_N_MC,5d8b_E_CD,0.49
5j4d_N_MC,3eq3_Y,
5j4d_N_MC,1wz2_C,2.31
5j4d_N_MC,2cv2_D,2.50
5j4d_N_MC,3b0v_B,1.87
5j4d_N_MC,2du6_D,1.90
5j4d_N_MC,5j4d_I_IA,
5j4d_N_MC,4v7d_B,
5j4d_N_MC,5d8b_X_XC,1.89
5j4d_N_MC,2dxi_D,2.60
5j4d_N_MC,3b0v_A,1.98
5j4d_N_MC,3jcn_v,2.21
5j4d_N_MC,5lzs_2,1.04
5j4d_N_MC,3eq4_Y,
5j4d_N_MC,2der_C,1.77
5j4d_N_MC,3eph_F,1.64
5j4d_N_MC,2deu_C,2.06
5j4d_N_MC,5lzy_1_TA,
5j4d_N_MC,3epj_F,1.48
4yvk_C,2du5_D,2.37
4yvk_C,3jcj_v,2.23
4yvk_C,4v4v_A,2.29
4yvk_C,3j0l_V,2.27
4yvk_C,4w29_C_FC,2.20
4yvk_C,2deu_D,1.63
4yvk_C,5d8b_E_CD,2.14
4yvk_C,3eq3_Y,
4yvk_C,1wz2_C,2.23
4yvk_C,2cv2_D,1.53
4yvk_C,3b0v_B,2.28
4yvk_C,2du6_D,2.30
4yvk_C,5j4d_I_IA,
4yvk_C,4v7d_B,
4yvk_C,5d8b_X_XC,2.22
4yvk_C,2dxi_D,1.63
4yvk_C,3b0v_A,1.96
4yvk_C,3jcn_v,2.27
4yvk_C,5lzs_2,2.08
4yvk_C,3eq4_Y,
4yvk_C,2der_C,2.12
4yvk_C,3eph_F,2.29
4yvk_C,2deu_C,1.63
4yvk_C,5lzy_1_TA,
4yvk_C,3epj_F,2.28
2du5_D,3jcj_v,2.23
2du5_D,4v4v_A,2.00
2du5_D,3j0l_V,1.99
2du5_D,4w29_C_FC,2.54
2du5_D,2deu_D,2.16
2du5_D,5d8b_E_CD,1.83
2du5_D,3eq3_Y,
2du5_D,1wz2_C,2.02
2du5_D,2cv2_D,2.31
2du5_D,3b0v_B,2.12
2du5_D,2du6_D,0.51
2du5_D,5j4d_I_IA,
2du5_D,4v7d_B,
2du5_D,5d8b_X_XC,2.28
2du5_D,2dxi_D,2.25
2du5_D,3b0v_A,2.15
2du5_D,3jcn_v,2.23
2du5_D,5lzs_2,1.81
2du5_D,3eq4_Y,
2du5_D,2der_C,1.77
2du5_D,3eph_F,1.82
2du5_D,2deu_C,2.15
2du5_D,5lzy_1_TA,
2du5_D,3epj_F,1.77
3jcj_v,4v4v_A,1.81
3jcj_v,3j0l_V,2.43
3jcj_v,4w29_C_FC,2.55
3jcj_v,2deu_D,2.48
3jcj_v,5d8b_E_CD,2.29
3jcj_v,3eq3_Y,
3jcj_v,1wz2_C,2.05
3jcj_v,2cv2_D,1.96
3jcj_v,3b0v_B,1.84
3jcj_v,2du6_D,2.29
3jcj_v,5j4d_I_IA,
3jcj_v,4v7d_B,
3jcj_v,5d8b_X_XC,2.12
3jcj_v,2dxi_D,2.03
3jcj_v,3b0v_A,1.83
3jcj_v,3jcn_v,0.46
3jcj_v,5lzs_2,2.32
3jcj_v,3eq4_Y,
3jcj_v,2der_C,2.04
3jcj_v,3eph_F,2.20
3jcj_v,2deu_C,2.48
3jcj_v,5lzy_1_TA,
3jcj_v,3epj_F,2.15
4v4v_A,3j0l_V,1.93
4v4v_A,4w29_C_FC,2.28
4v4v_A,2deu_D,2.26
4v4v_A,5d8b_E_CD,1.69
4v4v_A,3eq3_Y,
4v4v_A,1wz2_C,1.96
4v4v_A,2cv2_D,2.01
4v4v_A,3b0v_B,1.74
4v4v_A,2du6_D,1.96
4v4v_A,5j4d_I_IA,
4v4v_A,4v7d_B,
4v4v_A,5d8b_X_XC,1.89
4v4v_A,2dxi_D,2.10
4v4v_A,3b0v_A,1.71
4v4v_A,3jcn_v,1.82
4v4v_A,5lzs_2,1.70
4v4v_A,3eq4_Y,
4v4v_A,2der_C,1.80
4v4v_A,3eph_F,1.58
4v4v_A,2deu_C,2.26
4v4v_A,5lzy_1_TA,
4v4v_A,3epj_F,1.68
3j0l_V,4w29_C_FC,2.53
3j0l_V,2deu_D,2.25
3j0l_V,5d8b_E_CD,1.14
3j0l_V,3eq3_Y,
3j0l_V,1wz2_C,1.94
3j0l_V,2cv2_D,2.34
3j0l_V,3b0v_B,2.06
3j0l_V,2du6_D,2.03
3j0l_V,5j4d_I_IA,
3j0l_V,4v7d_B,
3j0l_V,5d8b_X_XC,2.07
3j0l_V,2dxi_D,2.51
3j0l_V,3b0v_A,2.04
3j0l_V,3jcn_v,2.40
3j0l_V,5lzs_2,1.38
3j0l_V,3eq4_Y,
3j0l_V,2der_C,1.85
3j0l_V,3eph_F,1.85
3j0l_V,2deu_C,2.25
3j0l_V,5lzy_1_TA,
3j0l_V,3epj_F,1.72
4w29_C_FC,2deu_D,2.32
4w29_C_FC,5d8b_E_CD,2.32
4w29_C_FC,3eq3_Y,
4w29_C_FC,1wz2_C,2.42
4w29_C_FC,2cv2_D,2.58
4w29_C_FC,3b0v_B,2.47
4w29_C_FC,2du6_D,2.49
4w29_C_FC,5j4d_I_IA,
4w29_C_FC,4v7d_B,
4w29_C_FC,5d8b_X_XC,2.35
4w29_C_FC,2dxi_D,2.52
4w29_C_FC,3b0v_A,2.44
4w29_C_FC,3jcn_v,2.55
4w29_C_FC,5lzs_2,2.35
4w29_C_FC,3eq4_Y,
4w29_C_FC,2der_C,2.22
4w29_C_FC,3eph_F,2.43
4w29_C_FC,2deu_C,2.32
4w29_C_FC,5lzy_1_TA,
4w29_C_FC,3epj_F,2.49
2deu_D,5d8b_E_CD,2.09
2deu_D,3eq3_Y,
2deu_D,1wz2_C,2.34
2deu_D,2cv2_D,2.20
2deu_D,3b0v_B,2.12
2deu_D,2du6_D,2.13
2deu_D,5j4d_I_IA,
2deu_D,4v7d_B,
2deu_D,5d8b_X_XC,2.48
2deu_D,2dxi_D,2.24
2deu_D,3b0v_A,2.18
2deu_D,3jcn_v,2.49
2deu_D,5lzs_2,1.91
2deu_D,3eq4_Y,
2deu_D,2der_C,1.44
2deu_D,3eph_F,1.87
2deu_D,2deu_C,0.02
2deu_D,5lzy_1_TA,
2deu_D,3epj_F,1.96
5d8b_E_CD,3eq3_Y,
5d8b_E_CD,1wz2_C,1.28
5d8b_E_CD,2cv2_D,2.40
5d8b_E_CD,3b0v_B,1.93
5d8b_E_CD,2du6_D,1.89
5d8b_E_CD,5j4d_I_IA,
5d8b_E_CD,4v7d_B,
5d8b_E_CD,5d8b_X_XC,1.80
5d8b_E_CD,2dxi_D,2.57
5d8b_E_CD,3b0v_A,1.90
5d8b_E_CD,3jcn_v,2.30
5d8b_E_CD,5lzs_2,1.05
5d8b_E_CD,3eq4_Y,
5d8b_E_CD,2der_C,1.75
5d8b_E_CD,3eph_F,1.59
5d8b_E_CD,2deu_C,2.08
5d8b_E_CD,5lzy_1_TA,
5d8b_E_CD,3epj_F,1.50
3eq3_Y,1wz2_C,
3eq3_Y,2cv2_D,
3eq3_Y,3b0v_B,
3eq3_Y,2du6_D,
3eq3_Y,5j4d_I_IA,
3eq3_Y,4v7d_B,
3eq3_Y,5d8b_X_XC,
3eq3_Y,2dxi_D,
3eq3_Y,3b0v_A,
3eq3_Y,3jcn_v,
3eq3_Y,5lzs_2,
3eq3_Y,3eq4_Y,
3eq3_Y,2der_C,
3eq3_Y,3eph_F,
3eq3_Y,2deu_C,
3eq3_Y,5lzy_1_TA,
3eq3_Y,3epj_F,
1wz2_C,2cv2_D,2.48
1wz2_C,3b0v_B,2.07
1wz2_C,2du6_D,1.93
1wz2_C,5j4d_I_IA,
1wz2_C,4v7d_B,
1wz2_C,5d8b_X_XC,2.08
1wz2_C,2dxi_D,2.42
1wz2_C,3b0v_A,2.05
1wz2_C,3jcn_v,2.58
1wz2_C,5lzs_2,2.07
1wz2_C,3eq4_Y,
1wz2_C,2der_C,2.02
1wz2_C,3eph_F,1.87
1wz2_C,2deu_C,2.34
1wz2_C,5lzy_1_TA,
1wz2_C,3epj_F,1.78
2cv2_D,3b0v_B,2.11
2cv2_D,2du6_D,2.16
2cv2_D,5j4d_I_IA,
2cv2_D,4v7d_B,
2cv2_D,5d8b_X_XC,2.06
2cv2_D,2dxi_D,0.55
2cv2_D,3b0v_A,2.18
2cv2_D,3jcn_v,1.96
2cv2_D,5lzs_2,2.38
2cv2_D,3eq4_Y,
2cv2_D,2der_C,2.06
2cv2_D,3eph_F,2.02
2cv2_D,2deu_C,2.20
2cv2_D,5lzy_1_TA,
2cv2_D,3epj_F,2.09
3b0v_B,2du6_D,2.16
3b0v_B,5j4d_I_IA,
3b0v_B,4v7d_B,
3b0v_B,5d8b_X_XC,2.08
3b0v_B,2dxi_D,2.17
3b0v_B,3b0v_A,0.25
3b0v_B,3jcn_v,1.82
3b0v_B,5lzs_2,1.95
3b0v_B,3eq4_Y,
3b0v_B,2der_C,2.08
3b0v_B,3eph_F,2.01
3b0v_B,2deu_C,2.12
3b0v_B,5lzy_1_TA,
3b0v_B,3epj_F,1.96
2du6_D,5j4d_I_IA,
2du6_D,4v7d_B,
2du6_D,5d8b_X_XC,2.31
2du6_D,2dxi_D,2.22
2du6_D,3b0v_A,2.07
2du6_D,3jcn_v,2.29
2du6_D,5lzs_2,2.04
2du6_D,3eq4_Y,
2du6_D,2der_C,2.07
2du6_D,3eph_F,1.86
2du6_D,2deu_C,2.13
2du6_D,5lzy_1_TA,
2du6_D,3epj_F,1.88
5j4d_I_IA,4v7d_B,
5j4d_I_IA,5d8b_X_XC,
5j4d_I_IA,2dxi_D,
5j4d_I_IA,3b0v_A,
5j4d_I_IA,3jcn_v,
5j4d_I_IA,5lzs_2,
5j4d_I_IA,3eq4_Y,
5j4d_I_IA,2der_C,
5j4d_I_IA,3eph_F,
5j4d_I_IA,2deu_C,
5j4d_I_IA,5lzy_1_TA,
5j4d_I_IA,3epj_F,
4v7d_B,5d8b_X_XC,
4v7d_B,2dxi_D,
4v7d_B,3b0v_A,
4v7d_B,3jcn_v,
4v7d_B,5lzs_2,
4v7d_B,3eq4_Y,
4v7d_B,2der_C,
4v7d_B,3eph_F,
4v7d_B,2deu_C,
4v7d_B,5lzy_1_TA,
4v7d_B,3epj_F,
5d8b_X_XC,2dxi_D,2.11
5d8b_X_XC,3b0v_A,2.06
5d8b_X_XC,3jcn_v,2.14
5d8b_X_XC,5lzs_2,1.93
5d8b_X_XC,3eq4_Y,
5d8b_X_XC,2der_C,2.12
5d8b_X_XC,3eph_F,2.01
5d8b_X_XC,2deu_C,2.48
5d8b_X_XC,5lzy_1_TA,
5d8b_X_XC,3epj_F,1.97
2dxi_D,3b0v_A,2.16
2dxi_D,3jcn_v,1.98
2dxi_D,5lzs_2,2.41
2dxi_D,3eq4_Y,
2dxi_D,2der_C,2.16
2dxi_D,3eph_F,2.25
2dxi_D,2deu_C,2.24
2dxi_D,5lzy_1_TA,
2dxi_D,3epj_F,2.16
3b0v_A,3jcn_v,1.84
3b0v_A,5lzs_2,1.95
3b0v_A,3eq4_Y,
3b0v_A,2der_C,2.06
3b0v_A,3eph_F,1.99
3b0v_A,2deu_C,2.17
3b0v_A,5lzy_1_TA,
3b0v_A,3epj_F,1.94
3jcn_v,5lzs_2,2.34
3jcn_v,3eq4_Y,
3jcn_v,2der_C,1.84
3jcn_v,3eph_F,2.21
3jcn_v,2deu_C,2.49
3jcn_v,5lzy_1_TA,
3jcn_v,3epj_F,2.15
5lzs_2,3eq4_Y,
5lzs_2,2der_C,1.51
5lzs_2,3eph_F,1.49
5lzs_2,2deu_C,1.91
5lzs_2,5lzy_1_TA,
5lzs_2,3epj_F,1.47
3eq4_Y,2der_C,
3eq4_Y,3eph_F,
3eq4_Y,2deu_C,
3eq4_Y,5lzy_1_TA,
3eq4_Y,3epj_F,
2der_C,3eph_F,1.88
2der_C,2deu_C,1.44
2der_C,5lzy_1_TA,
2der_C,3epj_F,1.74
3eph_F,2deu_C,1.87
3eph_F,5lzy_1_TA,
3eph_F,3epj_F,0.47
2deu_C,5lzy_1_TA,
2deu_C,3epj_F,1.97
5lzy_1_TA,3epj_F,
