FileName1,NumberOfNucleotides1,NumberOfWeakBonds1,IsPseudoknotted1,TimeToGenerateStructuralRNATree1[ns],FileName2,NumberOfNucleotides2,NumberOfWeakBonds2,IsPseudoknotted2,TimeToGenerateStructuralRNATree2[ns],MaxNumberOfNucleotides1-2,ASPRADistance,TimeToCalculateASPRADistance[ns]
"1GTR-SS.txt",74,20,Yes,499709,"1GTS-SS.txt",74,20,Yes,73167,74,0.0,6399584
"1GTR-SS.txt",74,20,Yes,499709,"1QRT-SS.txt",75,20,Yes,82042,75,0.0,2671291
"1GTR-SS.txt",74,20,Yes,499709,"1QRU-SS.txt",75,20,Yes,65917,75,0.0,2742291
"1GTR-SS.txt",74,20,Yes,499709,"1QTQ-SS.txt",75,20,Yes,60750,75,0.0,2575875
"1GTR-SS.txt",74,20,Yes,499709,"2RD2-SS.txt",75,20,Yes,58833,75,0.0,2579041
"1GTS-SS.txt",74,20,Yes,73167,"1QRT-SS.txt",75,20,Yes,82042,75,0.0,2697917
"1GTS-SS.txt",74,20,Yes,73167,"1QRU-SS.txt",75,20,Yes,65917,75,0.0,2487917
"1GTS-SS.txt",74,20,Yes,73167,"1QTQ-SS.txt",75,20,Yes,60750,75,0.0,2479000
"1GTS-SS.txt",74,20,Yes,73167,"2RD2-SS.txt",75,20,Yes,58833,75,0.0,2440542
"1QRT-SS.txt",75,20,Yes,82042,"1QRU-SS.txt",75,20,Yes,65917,75,0.0,2193708
"1QRT-SS.txt",75,20,Yes,82042,"1QTQ-SS.txt",75,20,Yes,60750,75,0.0,2508083
"1QRT-SS.txt",75,20,Yes,82042,"2RD2-SS.txt",75,20,Yes,58833,75,0.0,2086625
"1QRU-SS.txt",75,20,Yes,65917,"1QTQ-SS.txt",75,20,Yes,60750,75,0.0,1926083
"1QRU-SS.txt",75,20,Yes,65917,"2RD2-SS.txt",75,20,Yes,58833,75,0.0,3742417
"1QTQ-SS.txt",75,20,Yes,60750,"2RD2-SS.txt",75,20,Yes,58833,75,0.0,1849083
